datetime,outdoor_temperature,outdoor_feels_like,outdoor_app_temp,outdoor_dew_point,outdoor_humidity,indoor_temperature,indoor_humidity,solar_and_uvi_solar,solar_and_uvi_uvi,rainfall_piezo_rain_rate,rainfall_piezo_daily,rainfall_piezo_event,rainfall_piezo_hourly,rainfall_piezo_weekly,rainfall_piezo_monthly,rainfall_piezo_yearly,wind_wind_speed,wind_wind_gust,wind_wind_direction,pressure_relative,pressure_absolute,battery_haptic_array_battery,battery_haptic_array_capacitor
2025-05-17 00:00:00+02:00,12.2,12.2,10.8,7.1,71.0,20.3,37.0,0.0,0.0,0.0,0.0,0.0,0.0,0.0,3.7,984.1,3.8,10.1,69.0,1005.3,1005.3,3.12,4.6
2025-05-17 00:05:00+02:00,12.2,12.2,9.9,7.1,71.0,20.2,37.0,0.0,0.0,0.0,0.0,0.0,0.0,0.0,3.7,984.1,8.1,13.3,106.0,1005.3,1005.3,3.12,4.5
2025-05-17 00:10:00+02:00,12.2,12.2,10.6,7.0,70.0,20.2,37.0,0.0,0.0,0.0,0.0,0.0,0.0,0.0,3.7,984.1,4.4,13.7,337.0,1005.4,1005.4,3.12,4.5
2025-05-17 00:15:00+02:00,12.1,12.1,9.4,6.8,70.0,20.1,37.0,0.0,0.0,0.0,0.0,0.0,0.0,0.0,3.7,984.1,10.1,20.5,83.0,1005.4,1005.4,3.13,4.5
2025-05-17 00:20:00+02:00,12.0,12.0,9.4,6.8,70.0,20.0,38.0,0.0,0.0,0.0,0.0,0.0,0.0,0.0,3.7,984.1,9.8,16.2,94.0,1005.3,1005.3,3.14,4.5
2025-05-17 00:25:00+02:00,12.0,12.0,10.5,6.7,70.0,19.9,38.0,0.0,0.0,0.0,0.0,0.0,0.0,0.0,3.7,984.1,3.7,13.7,65.0,1005.3,1005.3,3.14,4.5
2025-05-17 00:30:00+02:00,12.1,12.1,10.2,6.8,70.0,19.8,38.0,0.0,0.0,0.0,0.0,0.0,0.0,0.0,3.7,984.1,5.8,15.1,48.0,1005.3,1005.3,3.14,4.5
2025-05-17 00:35:00+02:00,11.9,11.9,9.3,6.8,71.0,19.8,38.0,0.0,0.0,0.0,0.0,0.0,0.0,0.0,3.7,984.1,9.9,17.6,61.0,1005.4,1005.4,3.13,4.5
2025-05-17 00:40:00+02:00,12.0,12.0,10.3,6.9,71.0,19.7,38.0,0.0,0.0,0.0,0.0,0.0,0.0,0.0,3.7,984.1,4.8,9.7,102.0,1005.3,1005.3,3.12,4.4
2025-05-17 00:45:00+02:00,12.0,12.0,10.6,6.9,71.0,19.6,38.0,0.0,0.0,0.0,0.0,0.0,0.0,0.0,3.7,984.1,3.7,9.7,89.0,1005.4,1005.4,3.13,4.4
2025-05-17 00:50:00+02:00,12.0,12.0,10.2,6.9,71.0,19.6,38.0,0.0,0.0,0.0,0.0,0.0,0.0,0.0,3.7,984.1,5.3,13.0,104.0,1005.3,1005.3,3.14,4.4
2025-05-17 00:55:00+02:00,11.9,11.9,10.0,6.7,70.0,19.5,38.0,0.0,0.0,0.0,0.0,0.0,0.0,0.0,3.7,984.1,5.9,12.6,100.0,1005.3,1005.3,3.14,4.4
2025-05-17 01:00:00+02:00,11.9,11.9,10.0,6.6,70.0,19.4,38.0,0.0,0.0,0.0,0.0,0.0,0.0,0.0,3.7,984.1,5.8,13.7,48.0,1005.3,1005.3,3.14,4.4
2025-05-17 01:05:00+02:00,11.8,11.8,10.1,6.6,70.0,19.4,38.0,0.0,0.0,0.0,0.0,0.0,0.0,0.0,3.7,984.1,4.9,11.2,61.0,1005.3,1005.3,3.14,4.4
2025-05-17 01:10:00+02:00,11.8,11.8,9.9,6.6,70.0,19.3,38.0,0.0,0.0,0.0,0.0,0.0,0.0,0.0,3.7,984.1,5.7,10.4,87.0,1005.3,1005.3,3.14,4.4
2025-05-17 01:15:00+02:00,11.7,11.7,9.6,6.5,70.0,19.3,39.0,0.0,0.0,0.0,0.0,0.0,0.0,0.0,3.7,984.1,6.6,13.0,68.0,1005.3,1005.3,3.13,4.3
2025-05-17 01:20:00+02:00,11.7,11.7,9.5,6.7,71.0,19.2,39.0,0.0,0.0,0.0,0.0,0.0,0.0,0.0,3.7,984.1,7.3,10.8,56.0,1005.2,1005.2,3.12,4.3
2025-05-17 01:25:00+02:00,11.7,11.7,9.8,6.6,71.0,19.1,39.0,0.0,0.0,0.0,0.0,0.0,0.0,0.0,3.7,984.1,5.6,10.1,108.0,1005.2,1005.2,3.12,4.3
2025-05-17 01:30:00+02:00,11.5,11.5,9.7,6.5,71.0,19.1,39.0,0.0,0.0,0.0,0.0,0.0,0.0,0.0,3.7,984.1,5.1,10.4,76.0,1005.2,1005.2,3.12,4.3
2025-05-17 01:35:00+02:00,11.4,11.4,9.7,6.5,72.0,19.0,39.0,0.0,0.0,0.0,0.0,0.0,0.0,0.0,3.7,984.1,4.8,12.6,88.0,1005.1,1005.1,3.12,4.3
2025-05-17 01:40:00+02:00,11.3,11.3,9.5,6.4,72.0,18.9,39.0,0.0,0.0,0.0,0.0,0.0,0.0,0.0,3.7,984.1,5.1,10.1,104.0,1005.1,1005.1,3.12,4.3
2025-05-17 01:45:00+02:00,11.2,11.2,9.4,6.5,73.0,18.9,39.0,0.0,0.0,0.0,0.0,0.0,0.0,0.0,3.7,984.1,5.1,8.6,86.0,1005.1,1005.1,3.12,4.3
2025-05-17 01:50:00+02:00,11.1,11.1,9.8,6.4,73.0,18.8,39.0,0.0,0.0,0.0,0.0,0.0,0.0,0.0,3.7,984.1,2.3,8.6,85.0,1004.9,1004.9,3.12,4.3
2025-05-17 01:55:00+02:00,10.9,10.9,9.9,6.3,73.0,18.7,39.0,0.0,0.0,0.0,0.0,0.0,0.0,0.0,3.7,984.1,1.2,4.7,85.0,1005.1,1005.1,3.13,4.3
2025-05-17 02:00:00+02:00,10.9,10.9,9.5,6.4,74.0,18.7,39.0,0.0,0.0,0.0,0.0,0.0,0.0,0.0,3.7,984.1,3.2,8.3,97.0,1005.0,1005.0,3.14,4.2
2025-05-17 02:05:00+02:00,10.8,10.8,9.5,6.4,74.0,18.6,39.0,0.0,0.0,0.0,0.0,0.0,0.0,0.0,3.7,984.1,2.7,9.7,104.0,1005.1,1005.1,3.14,4.2
2025-05-17 02:10:00+02:00,10.7,10.7,9.5,6.4,75.0,18.5,39.0,0.0,0.0,0.0,0.0,0.0,0.0,0.0,3.7,984.1,1.9,5.4,57.0,1005.0,1005.0,3.14,4.2
2025-05-17 02:15:00+02:00,10.7,10.7,9.4,6.5,75.0,18.5,39.0,0.0,0.0,0.0,0.0,0.0,0.0,0.0,3.7,984.1,2.2,4.3,77.0,1005.0,1005.0,3.13,4.2
2025-05-17 02:20:00+02:00,10.6,10.6,9.3,6.4,75.0,18.4,39.0,0.0,0.0,0.0,0.0,0.0,0.0,0.0,3.7,984.1,2.2,5.8,118.0,1005.0,1005.0,3.12,4.2
2025-05-17 02:25:00+02:00,10.5,10.5,9.1,6.3,75.0,18.3,39.0,0.0,0.0,0.0,0.0,0.0,0.0,0.0,3.7,984.1,2.6,6.8,50.0,1005.0,1005.0,3.12,4.2
2025-05-17 02:30:00+02:00,10.5,10.5,9.3,6.3,75.0,18.3,39.0,0.0,0.0,0.0,0.0,0.0,0.0,0.0,3.7,984.1,1.8,5.0,56.0,1005.0,1005.0,3.12,4.2
2025-05-17 02:35:00+02:00,10.5,10.5,9.1,6.4,76.0,18.2,39.0,0.0,0.0,0.0,0.0,0.0,0.0,0.0,3.7,984.1,2.8,4.3,91.0,1005.1,1005.1,3.12,4.2
2025-05-17 02:40:00+02:00,10.3,10.3,9.0,6.2,76.0,18.2,39.0,0.0,0.0,0.0,0.0,0.0,0.0,0.0,3.7,984.1,2.6,5.8,117.0,1005.0,1005.0,3.12,4.2
2025-05-17 02:45:00+02:00,10.2,10.2,8.9,6.4,77.0,18.1,39.0,0.0,0.0,0.0,0.0,0.0,0.0,0.0,3.7,984.1,2.5,5.0,128.0,1005.1,1005.1,3.12,4.2
2025-05-17 02:50:00+02:00,10.1,10.1,8.6,6.3,77.0,18.0,39.0,0.0,0.0,0.0,0.0,0.0,0.0,0.0,3.7,984.1,3.1,4.3,101.0,1005.1,1005.1,3.12,4.1
2025-05-17 02:55:00+02:00,10.0,10.0,8.7,6.3,78.0,18.0,39.0,0.0,0.0,0.0,0.0,0.0,0.0,0.0,3.7,984.1,2.1,5.0,102.0,1005.0,1005.0,3.12,4.1
2025-05-17 03:00:00+02:00,9.9,9.9,8.6,6.3,78.0,17.9,39.0,0.0,0.0,0.0,0.0,0.0,0.0,0.0,3.7,984.1,2.5,4.7,62.0,1005.0,1005.0,3.12,4.1
2025-05-17 03:05:00+02:00,9.9,9.9,8.7,6.3,79.0,17.8,39.0,0.0,0.0,0.0,0.0,0.0,0.0,0.0,3.7,984.1,1.7,4.7,83.0,1004.9,1004.9,3.13,4.1
2025-05-17 03:10:00+02:00,9.8,9.8,8.4,6.3,79.0,17.8,39.0,0.0,0.0,0.0,0.0,0.0,0.0,0.0,3.7,984.1,2.7,5.4,107.0,1004.8,1004.8,3.14,4.1
2025-05-17 03:15:00+02:00,9.8,9.8,8.6,6.3,79.0,17.7,39.0,0.0,0.0,0.0,0.0,0.0,0.0,0.0,3.7,984.1,2.1,4.7,88.0,1004.9,1004.9,3.13,4.1
2025-05-17 03:20:00+02:00,9.9,9.9,8.6,6.5,79.0,17.7,39.0,0.0,0.0,0.0,0.0,0.0,0.0,0.0,3.7,984.1,2.8,4.3,78.0,1004.9,1004.9,3.12,4.1
2025-05-17 03:25:00+02:00,10.0,10.0,8.8,6.6,79.0,17.6,39.0,0.0,0.0,0.0,0.0,0.0,0.0,0.0,3.7,984.1,2.2,5.4,77.0,1004.8,1004.8,3.12,4.1
2025-05-17 03:30:00+02:00,10.0,10.0,8.7,6.6,79.0,17.6,39.0,0.0,0.0,0.0,0.0,0.0,0.0,0.0,3.7,984.1,2.5,5.0,70.0,1005.0,1005.0,3.12,4.1
2025-05-17 03:35:00+02:00,10.1,10.1,8.9,6.6,79.0,17.5,40.0,0.0,0.0,0.0,0.0,0.0,0.0,0.0,3.7,984.1,2.3,4.3,105.0,1004.8,1004.8,3.13,4.1
2025-05-17 03:40:00+02:00,10.2,10.2,8.6,6.7,79.0,17.5,40.0,0.0,0.0,0.0,0.0,0.0,0.0,0.0,3.7,984.1,4.3,7.9,71.0,1004.8,1004.8,3.14,4.0
2025-05-17 03:45:00+02:00,10.3,10.3,9.0,6.6,78.0,17.5,40.0,0.0,0.0,0.0,0.0,0.0,0.0,0.0,3.7,984.1,2.9,7.9,85.0,1004.8,1004.8,3.13,4.0
2025-05-17 03:50:00+02:00,10.3,10.3,9.1,6.7,78.0,17.4,40.0,0.0,0.0,0.0,0.0,0.0,0.0,0.0,3.7,984.1,2.4,5.4,90.0,1004.8,1004.8,3.12,4.0
2025-05-17 03:55:00+02:00,10.4,10.4,9.3,6.8,78.0,17.4,40.0,0.0,0.0,0.0,0.0,0.0,0.0,0.0,3.7,984.1,1.7,4.3,92.0,1004.8,1004.8,3.12,4.0
2025-05-17 04:00:00+02:00,10.4,10.4,9.2,6.9,79.0,17.3,40.0,0.0,0.0,0.0,0.0,0.0,0.0,0.0,3.7,984.1,2.7,6.1,120.0,1004.7,1004.7,3.12,4.0
2025-05-17 04:05:00+02:00,10.5,10.5,9.3,7.0,79.0,17.3,40.0,0.0,0.0,0.0,0.0,0.0,0.0,0.0,3.7,984.1,2.7,6.1,70.0,1004.7,1004.7,3.12,4.0
2025-05-17 04:10:00+02:00,10.5,10.5,9.4,7.0,79.0,17.2,40.0,0.0,0.0,0.0,0.0,0.0,0.0,0.0,3.7,984.1,2.1,5.4,51.0,1004.7,1004.7,3.12,4.0
2025-05-17 04:15:00+02:00,10.6,10.6,9.5,7.2,79.0,17.2,41.0,0.0,0.0,0.0,0.0,0.0,0.0,0.0,3.7,984.1,2.4,7.2,83.0,1004.7,1004.7,3.12,4.0
2025-05-17 04:20:00+02:00,10.6,10.6,9.8,7.3,80.0,17.2,41.0,0.0,0.0,0.0,0.0,0.0,0.0,0.0,3.7,984.1,0.8,5.8,122.0,1004.7,1004.7,3.12,4.0
2025-05-17 04:25:00+02:00,10.6,10.6,9.6,7.3,80.0,17.1,41.0,0.0,0.0,0.0,0.0,0.0,0.0,0.0,3.7,984.1,1.7,4.0,69.0,1004.7,1004.7,3.12,4.0
2025-05-17 04:30:00+02:00,10.6,10.6,9.6,7.3,80.0,17.1,41.0,0.0,0.0,0.0,0.0,0.0,0.0,0.0,3.7,984.1,2.1,4.3,76.0,1004.6,1004.6,3.12,4.0
2025-05-17 04:35:00+02:00,10.6,10.6,9.5,7.3,80.0,17.1,41.0,0.0,0.0,0.0,0.0,0.0,0.0,0.0,3.7,984.1,2.5,5.0,103.0,1004.6,1004.6,3.12,4.0
2025-05-17 04:40:00+02:00,10.6,10.6,9.3,7.3,80.0,17.1,41.0,0.0,0.0,0.0,0.0,0.0,0.0,0.0,3.7,984.1,3.7,5.8,67.0,1004.6,1004.6,3.12,3.9
2025-05-17 04:45:00+02:00,10.6,10.6,9.5,7.3,80.0,17.0,41.0,0.0,0.0,0.0,0.0,0.0,0.0,0.0,3.7,984.1,2.7,5.0,34.0,1004.6,1004.6,3.12,3.9
2025-05-17 04:50:00+02:00,10.7,10.7,9.5,7.2,79.0,17.0,41.0,0.0,0.0,0.0,0.0,0.0,0.0,0.0,3.7,984.1,2.7,5.8,59.0,1004.6,1004.6,3.12,3.9
2025-05-17 04:55:00+02:00,10.7,10.7,9.4,7.2,79.0,17.0,41.0,0.0,0.0,0.0,0.0,0.0,0.0,0.0,3.7,984.1,3.2,7.2,56.0,1004.6,1004.6,3.12,3.9
2025-05-17 05:00:00+02:00,10.8,10.8,9.7,7.3,79.0,16.9,41.0,0.0,0.0,0.0,0.0,0.0,0.0,0.0,3.7,984.1,2.4,5.8,71.0,1004.6,1004.6,3.12,3.9
2025-05-17 05:05:00+02:00,10.8,10.8,9.9,7.3,79.0,16.9,42.0,0.0,0.0,0.0,0.0,0.0,0.0,0.0,3.7,984.1,1.3,5.8,53.0,1004.6,1004.6,3.12,3.9
2025-05-17 05:10:00+02:00,10.8,10.8,9.8,7.3,79.0,16.9,42.0,0.1,0.0,0.0,0.0,0.0,0.0,0.0,3.7,984.1,1.7,5.0,61.0,1004.5,1004.5,3.12,3.9
2025-05-17 05:15:00+02:00,10.8,10.8,9.7,7.3,79.0,16.8,42.0,0.2,0.0,0.0,0.0,0.0,0.0,0.0,3.7,984.1,2.7,5.4,41.0,1004.6,1004.6,3.12,3.9
2025-05-17 05:20:00+02:00,10.8,10.8,9.4,7.3,79.0,16.8,42.0,0.5,0.0,0.0,0.0,0.0,0.0,0.0,3.7,984.1,3.8,6.5,72.0,1004.5,1004.5,3.12,3.9
2025-05-17 05:25:00+02:00,10.8,10.8,9.8,7.3,79.0,16.8,42.0,0.8,0.0,0.0,0.0,0.0,0.0,0.0,3.7,984.1,1.8,5.4,17.0,1004.5,1004.5,3.12,3.9
2025-05-17 05:30:00+02:00,10.8,10.8,9.5,7.3,79.0,16.8,42.0,1.1,0.0,0.0,0.0,0.0,0.0,0.0,3.7,984.1,3.3,7.6,71.0,1004.5,1004.5,3.12,3.9
2025-05-17 05:35:00+02:00,10.8,10.8,10.2,7.4,80.0,16.8,42.0,1.3,0.0,0.0,0.0,0.0,0.0,0.0,3.7,984.1,0.0,6.1,132.0,1004.6,1004.6,3.12,3.9
2025-05-17 05:45:00+02:00,10.9,10.9,9.5,7.4,79.0,16.7,42.0,2.8,0.0,0.0,0.0,0.0,0.0,0.0,3.7,984.1,4.2,9.0,68.0,1004.6,1004.6,3.13,3.8
2025-05-17 05:50:00+02:00,10.8,10.8,9.7,7.4,80.0,16.7,42.0,3.1,0.0,0.0,0.0,0.0,0.0,0.0,3.7,984.1,2.6,5.8,77.0,1004.5,1004.5,3.12,3.8
2025-05-17 05:55:00+02:00,10.8,10.8,9.7,7.5,80.0,16.7,42.0,4.1,0.0,0.0,0.0,0.0,0.0,0.0,3.7,984.1,3.1,6.1,91.0,1004.6,1004.6,3.12,3.8
2025-05-17 06:00:00+02:00,10.8,10.8,9.9,7.4,80.0,16.7,43.0,5.3,0.0,0.0,0.0,0.0,0.0,0.0,3.7,984.1,1.5,6.1,48.0,1004.6,1004.6,3.12,3.8
2025-05-17 06:05:00+02:00,10.8,10.8,9.7,7.4,80.0,16.6,43.0,6.3,0.0,0.0,0.0,0.0,0.0,0.0,3.7,984.1,2.7,7.2,126.0,1004.7,1004.7,3.12,3.8
2025-05-17 06:10:00+02:00,10.9,10.9,10.0,7.6,80.0,16.6,43.0,9.9,0.0,0.0,0.0,0.0,0.0,0.0,3.7,984.1,1.9,5.8,111.0,1004.6,1004.6,3.12,3.8
2025-05-17 06:15:00+02:00,10.9,10.9,10.2,7.6,80.0,16.6,43.0,10.0,0.0,0.0,0.0,0.0,0.0,0.0,3.7,984.1,0.9,5.0,79.0,1004.7,1004.7,3.12,3.8
2025-05-17 06:20:00+02:00,10.9,10.9,10.0,7.6,80.0,16.6,43.0,11.1,0.0,0.0,0.0,0.0,0.0,0.0,3.7,984.1,1.7,4.7,62.0,1004.7,1004.7,3.12,3.8
2025-05-17 06:25:00+02:00,10.9,10.9,10.0,7.6,80.0,16.6,43.0,12.6,0.0,0.0,0.0,0.0,0.0,0.0,3.7,984.1,1.8,5.4,36.0,1004.7,1004.7,3.12,3.8
2025-05-17 06:30:00+02:00,10.8,10.8,9.7,7.6,81.0,16.5,43.0,15.2,0.0,0.0,0.0,0.0,0.0,0.0,3.7,984.1,2.6,8.3,23.0,1004.7,1004.7,3.12,3.8
2025-05-17 06:35:00+02:00,10.7,10.7,9.5,7.6,81.0,16.5,43.0,27.9,0.0,0.0,0.0,0.0,0.0,0.0,3.7,984.1,3.1,6.8,17.0,1004.7,1004.7,3.12,3.8
2025-05-17 06:40:00+02:00,10.7,10.7,9.7,7.7,82.0,16.5,43.0,30.5,0.0,0.0,0.0,0.0,0.0,0.0,3.7,984.1,2.7,5.4,1.0,1004.7,1004.7,3.12,3.8
2025-05-17 06:45:00+02:00,10.8,10.8,9.5,7.7,81.0,16.5,43.0,31.0,0.0,0.0,0.0,0.0,0.0,0.0,3.7,984.1,4.2,9.0,95.0,1004.7,1004.7,3.12,3.8
2025-05-17 06:50:00+02:00,10.8,10.8,9.6,7.8,81.0,16.5,44.0,45.0,0.0,0.0,0.0,0.0,0.0,0.0,3.7,984.1,3.8,7.6,45.0,1004.8,1004.8,3.12,3.8
2025-05-17 06:55:00+02:00,10.8,10.8,9.8,7.8,82.0,16.5,44.0,57.9,0.0,0.0,0.0,0.0,0.0,0.0,3.7,984.1,2.4,8.6,34.0,1004.8,1004.8,3.12,3.8
2025-05-17 07:00:00+02:00,10.9,10.9,9.9,7.9,82.0,16.4,44.0,71.3,0.0,0.0,0.0,0.0,0.0,0.0,3.7,984.1,2.6,5.4,347.0,1004.8,1004.8,3.12,3.8
2025-05-17 07:05:00+02:00,10.9,10.9,9.6,7.9,82.0,16.4,44.0,69.9,0.0,0.0,0.0,0.0,0.0,0.0,3.7,984.1,4.3,13.0,42.0,1004.8,1004.8,3.12,3.9
2025-05-17 07:10:00+02:00,11.0,11.0,10.0,8.0,82.0,16.4,45.0,94.4,0.0,0.0,0.0,0.0,0.0,0.0,3.7,984.1,2.7,9.7,17.0,1004.8,1004.8,3.12,3.9
2025-05-17 07:15:00+02:00,11.2,11.2,10.2,8.1,81.0,16.5,45.0,114.4,1.0,0.0,0.0,0.0,0.0,0.0,3.7,984.1,2.6,7.2,18.0,1004.8,1004.8,3.12,3.9
2025-05-17 07:20:00+02:00,11.3,11.3,10.0,8.2,81.0,16.5,45.0,120.2,1.0,0.0,0.0,0.0,0.0,0.0,3.7,984.1,4.5,8.3,358.0,1004.8,1004.8,3.12,3.9
2025-05-17 07:25:00+02:00,11.4,11.4,10.5,8.2,80.0,16.5,45.0,103.7,0.0,0.0,0.0,0.0,0.0,0.0,3.7,984.1,2.7,7.9,74.0,1004.9,1004.9,3.12,4.0
2025-05-17 07:30:00+02:00,11.5,11.5,10.8,8.2,80.0,16.5,46.0,86.4,0.0,0.0,0.0,0.0,0.0,0.0,3.7,984.1,1.5,6.1,352.0,1004.8,1004.8,3.12,4.0
2025-05-17 07:35:00+02:00,11.4,11.4,10.6,8.3,81.0,16.6,46.0,88.2,0.0,0.0,0.0,0.0,0.0,0.0,3.7,984.1,2.5,7.6,29.0,1004.9,1004.9,3.12,4.0
2025-05-17 07:40:00+02:00,11.4,11.4,10.6,8.3,81.0,16.6,46.0,99.6,0.0,0.0,0.0,0.0,0.0,0.0,3.7,984.1,2.0,6.1,21.0,1004.9,1004.9,3.12,4.1
2025-05-17 07:45:00+02:00,11.7,11.7,11.0,8.4,81.0,16.6,47.0,103.2,0.0,0.0,0.0,0.0,0.0,0.0,3.7,984.1,1.7,5.4,78.0,1005.0,1005.0,3.12,4.1
2025-05-17 07:50:00+02:00,11.8,11.8,10.4,8.5,80.0,16.7,47.0,133.7,1.0,0.0,0.0,0.0,0.0,0.0,3.7,984.1,5.7,12.2,100.0,1004.9,1004.9,3.12,4.1
2025-05-17 07:55:00+02:00,11.8,11.8,10.8,8.5,80.0,16.7,47.0,140.9,1.0,0.0,0.0,0.0,0.0,0.0,3.7,984.1,3.5,10.8,67.0,1005.0,1005.0,3.12,4.1
2025-05-17 08:00:00+02:00,11.8,11.8,10.7,8.5,80.0,16.8,48.0,128.1,1.0,0.0,0.0,0.0,0.0,0.0,3.7,984.1,4.5,13.3,67.0,1005.0,1005.0,3.12,4.2
2025-05-17 08:05:00+02:00,11.8,11.8,10.5,8.6,81.0,16.8,48.0,129.9,1.0,0.0,0.0,0.0,0.0,0.0,3.7,984.1,5.1,13.0,83.0,1005.1,1005.1,3.12,4.3
2025-05-17 08:10:00+02:00,12.0,12.0,10.8,8.6,80.0,16.9,48.0,191.3,1.0,0.0,0.0,0.0,0.0,0.0,3.7,984.1,4.6,9.4,64.0,1005.1,1005.1,3.12,4.3
2025-05-17 08:15:00+02:00,12.1,12.1,10.9,8.6,79.0,16.9,48.0,169.1,1.0,0.0,0.0,0.0,0.0,0.0,3.7,984.1,5.0,15.8,103.0,1005.0,1005.0,3.12,4.3
2025-05-17 08:20:00+02:00,12.1,12.1,10.8,8.6,79.0,17.0,49.0,170.2,1.0,0.0,0.0,0.0,0.0,0.0,3.7,984.1,5.0,12.6,28.0,1005.0,1005.0,3.12,4.3
2025-05-17 08:25:00+02:00,12.2,12.2,11.1,8.7,79.0,17.1,49.0,246.5,2.0,0.0,0.0,0.0,0.0,0.0,3.7,984.1,4.2,10.8,109.0,1005.0,1005.0,3.12,4.4
2025-05-17 08:30:00+02:00,12.5,12.5,11.4,8.7,78.0,17.1,49.0,243.2,2.0,0.0,0.0,0.0,0.0,0.0,3.7,984.1,4.0,10.4,83.0,1005.0,1005.0,3.12,4.4
2025-05-17 08:35:00+02:00,12.5,12.5,10.9,8.8,78.0,17.2,49.0,228.3,2.0,0.0,0.0,0.0,0.0,0.0,3.7,984.1,6.9,11.2,78.0,1004.9,1004.9,3.12,4.5
2025-05-17 08:40:00+02:00,12.9,12.9,12.4,9.0,77.0,17.3,49.0,240.4,2.0,0.0,0.0,0.0,0.0,0.0,3.7,984.1,1.6,9.0,78.0,1004.9,1004.9,3.12,4.6
2025-05-17 08:45:00+02:00,13.5,13.5,12.7,9.1,75.0,17.3,49.0,263.1,2.0,0.0,0.0,0.0,0.0,0.0,3.7,984.1,3.3,7.2,128.0,1004.9,1004.9,3.12,4.6
2025-05-17 08:50:00+02:00,13.5,13.5,12.7,9.1,75.0,17.5,49.0,281.3,2.0,0.0,0.0,0.0,0.0,0.0,3.7,984.1,3.0,7.9,77.0,1004.9,1004.9,3.12,4.7
2025-05-17 08:55:00+02:00,13.5,13.5,12.4,9.0,75.0,17.6,50.0,214.7,1.0,0.0,0.0,0.0,0.0,0.0,3.7,984.1,4.2,8.3,68.0,1004.9,1004.9,3.12,4.7
2025-05-17 09:00:00+02:00,12.8,12.8,11.7,8.8,77.0,17.7,49.0,289.9,2.0,0.0,0.0,0.0,0.0,0.0,3.7,984.1,4.0,7.2,58.0,1004.9,1004.9,3.12,4.8
2025-05-17 09:05:00+02:00,13.2,13.2,11.7,9.0,76.0,17.8,50.0,305.8,2.0,0.0,0.0,0.0,0.0,0.0,3.7,984.1,6.3,11.9,78.0,1004.9,1004.9,3.12,4.9
2025-05-17 09:10:00+02:00,13.2,13.2,11.5,9.0,76.0,18.0,50.0,361.6,3.0,0.0,0.0,0.0,0.0,0.0,3.7,984.1,7.6,11.9,86.0,1004.8,1004.8,3.12,4.9
2025-05-17 09:15:00+02:00,13.8,13.8,12.7,9.3,74.0,18.2,50.0,360.5,3.0,0.0,0.0,0.0,0.0,0.0,3.7,984.1,4.9,11.2,110.0,1004.9,1004.9,3.12,5.0
2025-05-17 09:20:00+02:00,14.1,14.1,13.3,9.3,73.0,18.3,50.0,381.9,3.0,0.0,0.0,0.0,0.0,0.0,3.7,984.1,3.2,7.9,84.0,1004.9,1004.9,3.12,5.1
2025-05-17 09:25:00+02:00,13.5,13.5,12.2,9.0,74.0,18.5,50.0,384.4,3.0,0.0,0.0,0.0,0.0,0.0,3.7,984.1,5.8,9.0,17.0,1004.9,1004.9,3.12,5.1
2025-05-17 09:30:00+02:00,13.1,13.1,12.2,8.9,76.0,18.6,50.0,87.3,0.0,0.0,0.0,0.0,0.0,0.0,3.7,984.1,3.2,7.6,80.0,1004.9,1004.9,3.12,5.1
2025-05-17 09:35:00+02:00,13.2,13.2,12.1,8.9,75.0,18.7,50.0,422.3,3.0,0.0,0.0,0.0,0.0,0.0,3.7,984.1,4.0,7.6,47.0,1004.9,1004.9,3.12,5.1
2025-05-17 09:40:00+02:00,13.4,13.4,12.7,8.9,74.0,18.8,50.0,478.9,4.0,0.0,0.0,0.0,0.0,0.0,3.7,984.1,2.8,5.8,103.0,1005.0,1005.0,3.12,5.2
2025-05-17 09:45:00+02:00,13.9,13.9,13.0,9.0,73.0,19.0,49.0,323.4,3.0,0.0,0.0,0.0,0.0,0.0,3.7,984.1,3.4,6.1,39.0,1005.0,1005.0,3.12,5.2
2025-05-17 09:50:00+02:00,13.9,13.9,12.8,9.0,72.0,19.1,49.0,189.2,1.0,0.0,0.0,0.0,0.0,0.0,3.7,984.1,4.6,9.0,63.0,1004.9,1004.9,3.12,5.3
2025-05-17 09:55:00+02:00,13.9,13.9,13.4,8.9,72.0,19.2,49.0,192.1,1.0,0.0,0.0,0.0,0.0,0.0,3.7,984.1,1.0,6.5,94.0,1004.9,1004.9,3.12,5.3
2025-05-17 10:00:00+02:00,14.1,14.1,13.4,8.9,71.0,19.3,49.0,160.5,1.0,0.0,0.0,0.0,0.0,0.0,3.7,984.1,2.2,6.8,159.0,1004.9,1004.9,3.12,5.3
2025-05-17 10:05:00+02:00,14.4,14.4,13.1,8.9,70.0,19.4,49.0,496.8,4.0,0.0,0.0,0.0,0.0,0.0,3.7,984.1,5.5,9.0,96.0,1005.0,1005.0,3.12,5.3
2025-05-17 10:10:00+02:00,14.4,14.4,13.2,8.7,69.0,19.6,48.0,522.8,4.0,0.0,0.0,0.0,0.0,0.0,3.7,984.1,4.6,9.0,68.0,1005.0,1005.0,3.12,5.3
2025-05-17 10:15:00+02:00,14.4,14.4,13.3,8.6,68.0,19.8,48.0,520.4,4.0,0.0,0.0,0.0,0.0,0.0,3.7,984.1,4.0,8.6,22.0,1005.1,1005.1,3.12,5.3
2025-05-17 10:20:00+02:00,14.3,14.3,13.2,8.3,67.0,19.9,48.0,531.5,4.0,0.0,0.0,0.0,0.0,0.0,3.7,984.1,3.5,10.8,63.0,1004.9,1004.9,3.12,5.3
2025-05-17 10:25:00+02:00,14.8,14.8,13.1,8.4,65.0,20.2,47.0,565.2,5.0,0.0,0.0,0.0,0.0,0.0,3.7,984.1,6.6,12.6,76.0,1005.0,1005.0,3.12,5.3
2025-05-17 10:30:00+02:00,15.4,15.4,14.1,8.6,64.0,20.4,47.0,578.9,5.0,0.0,0.0,0.0,0.0,0.0,3.7,984.1,5.0,12.6,76.0,1005.1,1005.1,3.12,5.3
2025-05-17 10:35:00+02:00,15.8,15.8,14.4,8.5,62.0,20.7,46.0,597.8,5.0,0.0,0.0,0.0,0.0,0.0,3.7,984.1,5.5,14.4,83.0,1005.0,1005.0,3.12,5.3
2025-05-17 10:40:00+02:00,15.7,15.7,14.0,8.2,61.0,21.0,46.0,614.8,5.0,0.0,0.0,0.0,0.0,0.0,3.7,984.1,6.6,16.2,78.0,1005.0,1005.0,3.12,5.3
2025-05-17 10:45:00+02:00,15.7,15.7,14.2,7.8,59.0,21.2,45.0,367.2,3.0,0.0,0.0,0.0,0.0,0.0,3.7,984.1,5.4,14.4,54.0,1005.0,1005.0,3.12,5.3
2025-05-17 10:50:00+02:00,15.2,15.2,13.1,7.2,59.0,21.3,45.0,221.2,2.0,0.0,0.0,0.0,0.0,0.0,3.7,984.1,7.7,13.0,47.0,1004.9,1004.9,3.12,5.3
2025-05-17 10:55:00+02:00,14.9,14.9,13.3,7.6,62.0,21.4,45.0,140.9,1.0,0.0,0.0,0.0,0.0,0.0,3.7,984.1,5.8,10.4,86.0,1004.9,1004.9,3.12,5.3
2025-05-17 11:00:00+02:00,15.2,15.2,13.9,7.5,60.0,21.4,45.0,220.4,2.0,0.0,0.0,0.0,0.0,0.0,3.7,984.1,3.9,13.0,79.0,1005.0,1005.0,3.12,5.3
2025-05-17 11:05:00+02:00,14.8,14.8,13.3,7.2,60.0,21.5,44.0,511.8,4.0,0.0,0.0,0.0,0.0,0.0,3.7,984.1,4.8,13.0,87.0,1005.0,1005.0,3.12,5.3
2025-05-17 11:10:00+02:00,15.1,15.1,13.6,7.4,60.0,21.6,44.0,343.0,3.0,0.0,0.0,0.0,0.0,0.0,3.7,984.1,5.0,14.0,85.0,1005.0,1005.0,3.12,5.3
2025-05-17 11:15:00+02:00,15.1,15.1,13.7,7.1,59.0,21.7,44.0,305.8,2.0,0.0,0.0,0.0,0.0,0.0,3.7,984.1,3.7,7.9,96.0,1004.9,1004.9,3.12,5.3
2025-05-17 11:20:00+02:00,15.2,15.2,13.7,7.0,58.0,21.8,43.0,243.6,2.0,0.0,0.0,0.0,0.0,0.0,3.7,984.1,4.0,14.0,88.0,1004.8,1004.8,3.12,5.3
2025-05-17 11:25:00+02:00,15.3,15.3,13.8,6.8,57.0,21.9,43.0,200.1,1.0,0.0,0.0,0.0,0.0,0.0,3.7,984.1,3.5,8.6,115.0,1004.9,1004.9,3.12,5.3
2025-05-17 11:30:00+02:00,15.5,15.5,14.4,7.1,57.0,22.0,43.0,121.8,1.0,0.0,0.0,0.0,0.0,0.0,3.7,984.1,2.3,7.2,84.0,1005.0,1005.0,3.12,5.3
2025-05-17 11:35:00+02:00,15.4,15.4,13.6,6.4,55.0,22.0,43.0,643.5,5.0,0.0,0.0,0.0,0.0,0.0,3.7,984.1,4.9,8.3,99.0,1005.0,1005.0,3.12,5.3
2025-05-17 11:40:00+02:00,16.0,16.0,13.9,6.1,52.0,22.2,42.0,694.2,6.0,0.0,0.0,0.0,0.0,0.0,3.7,984.1,6.4,10.4,93.0,1004.9,1004.9,3.12,5.3
2025-05-17 11:45:00+02:00,16.0,16.0,13.5,5.9,51.0,22.6,41.0,675.4,6.0,0.0,0.0,0.0,0.0,0.0,3.7,984.1,7.8,12.6,67.0,1004.9,1004.9,3.12,5.3
2025-05-17 11:50:00+02:00,16.3,16.3,13.9,5.8,50.0,23.1,40.0,646.5,6.0,0.0,0.0,0.0,0.0,0.0,3.7,984.1,7.3,18.7,78.0,1004.8,1004.8,3.12,5.3
2025-05-17 11:55:00+02:00,16.3,16.3,14.0,6.1,51.0,23.4,39.0,640.4,5.0,0.0,0.0,0.0,0.0,0.0,3.7,984.1,6.8,16.2,49.0,1004.8,1004.8,3.12,5.3
2025-05-17 12:00:00+02:00,16.7,16.7,14.8,6.0,49.0,23.7,39.0,639.5,5.0,0.0,0.0,0.0,0.0,0.0,3.7,984.1,5.4,13.0,100.0,1004.8,1004.8,3.12,5.3
2025-05-17 12:05:00+02:00,16.5,16.5,14.2,5.3,48.0,24.1,38.0,637.3,5.0,0.0,0.0,0.0,0.0,0.0,3.7,984.1,6.1,18.7,49.0,1004.7,1004.7,3.12,5.3
2025-05-17 12:10:00+02:00,16.8,16.8,15.0,5.0,46.0,24.3,37.0,702.2,6.0,0.0,0.0,0.0,0.0,0.0,3.7,984.1,3.2,14.8,81.0,1004.8,1004.8,3.12,5.3
2025-05-17 12:15:00+02:00,17.7,17.7,15.5,5.6,45.0,24.7,37.0,715.1,6.0,0.0,0.0,0.0,0.0,0.0,3.7,984.1,6.2,11.2,67.0,1004.8,1004.8,3.12,5.3
2025-05-17 12:20:00+02:00,17.8,17.8,16.1,6.1,46.0,24.9,36.0,152.1,1.0,0.0,0.0,0.0,0.0,0.0,3.7,984.1,4.0,11.9,47.0,1004.9,1004.9,3.12,5.3
2025-05-17 12:25:00+02:00,17.0,17.0,15.4,5.8,48.0,24.8,36.0,137.4,1.0,0.0,0.0,0.0,0.0,0.0,3.7,984.1,3.2,13.3,63.0,1004.9,1004.9,3.12,5.3
2025-05-17 12:30:00+02:00,16.6,16.6,14.6,6.1,50.0,24.7,36.0,145.3,1.0,0.0,0.0,0.0,0.0,0.0,3.7,984.1,5.5,10.8,55.0,1005.0,1005.0,3.12,5.3
2025-05-17 12:35:00+02:00,15.9,15.9,13.4,6.0,52.0,24.6,36.0,166.1,1.0,0.0,0.0,0.0,0.0,0.0,3.7,984.1,8.1,16.2,76.0,1005.0,1005.0,3.12,5.3
2025-05-17 12:40:00+02:00,16.0,16.0,14.2,5.8,51.0,24.6,37.0,734.2,6.0,0.0,0.0,0.0,0.0,0.0,3.7,984.1,4.5,14.4,82.0,1004.9,1004.9,3.12,5.3
2025-05-17 12:45:00+02:00,16.5,16.5,13.4,5.3,48.0,24.7,36.0,701.7,6.0,0.0,0.0,0.0,0.0,0.0,3.7,984.1,10.2,18.4,97.0,1004.8,1004.8,3.12,5.3
2025-05-17 12:50:00+02:00,16.5,16.5,14.0,5.6,48.0,24.8,35.0,650.3,6.0,0.0,0.0,0.0,0.0,0.0,3.7,984.1,7.7,20.9,95.0,1004.9,1004.9,3.12,5.3
2025-05-17 12:55:00+02:00,16.5,16.5,14.3,5.5,48.0,24.9,35.0,143.4,1.0,0.0,0.0,0.0,0.0,0.0,3.7,984.1,5.9,22.7,93.0,1004.9,1004.9,3.12,5.3
2025-05-17 13:00:00+02:00,16.1,16.1,14.1,4.8,47.0,24.8,35.0,147.0,1.0,0.0,0.0,0.0,0.0,0.0,3.7,984.1,4.3,22.7,80.0,1004.9,1004.9,3.12,5.3
2025-05-17 13:05:00+02:00,16.1,16.1,14.2,4.6,47.0,24.7,35.0,736.9,6.0,0.0,0.0,0.0,0.0,0.0,3.7,984.1,3.2,11.9,71.0,1004.9,1004.9,3.12,5.3
2025-05-17 13:10:00+02:00,16.7,16.7,14.9,4.7,45.0,25.0,35.0,753.3,7.0,0.0,0.0,0.0,0.0,0.0,3.7,984.1,3.2,8.6,29.0,1004.8,1004.8,3.12,5.3
2025-05-17 13:15:00+02:00,16.9,16.9,14.6,4.6,44.0,25.2,34.0,151.0,1.0,0.0,0.0,0.0,0.0,0.0,3.7,984.1,5.6,15.1,33.0,1004.8,1004.8,3.12,5.3
2025-05-17 13:20:00+02:00,16.3,16.3,13.6,3.7,43.0,25.0,33.0,114.6,1.0,0.0,0.0,0.0,0.0,0.0,3.7,984.1,6.6,16.9,106.0,1004.8,1004.8,3.12,5.3
2025-05-17 13:25:00+02:00,16.7,16.7,14.2,4.0,43.0,25.0,34.0,663.6,6.0,0.0,0.0,0.0,0.0,0.0,3.7,984.1,5.7,10.8,107.0,1004.7,1004.7,3.12,5.3
2025-05-17 13:30:00+02:00,17.0,17.0,14.3,3.9,42.0,25.3,33.0,671.0,6.0,0.0,0.0,0.0,0.0,0.0,3.7,984.1,6.9,14.0,27.0,1004.6,1004.6,3.12,5.3
2025-05-17 13:35:00+02:00,17.3,17.3,14.9,4.1,41.0,25.6,33.0,683.9,6.0,0.0,0.0,0.0,0.0,0.0,3.7,984.1,5.8,14.8,71.0,1004.6,1004.6,3.12,5.3
2025-05-17 13:40:00+02:00,17.6,17.6,15.3,4.3,41.0,25.9,32.0,694.2,6.0,0.0,0.0,0.0,0.0,0.0,3.7,984.1,5.5,16.6,84.0,1004.6,1004.6,3.12,5.3
2025-05-17 13:45:00+02:00,17.9,17.9,15.6,4.4,41.0,26.2,32.0,741.7,6.0,0.0,0.0,0.0,0.0,0.0,3.7,984.1,5.6,11.9,50.0,1004.5,1004.5,3.12,5.3
2025-05-17 13:50:00+02:00,18.4,18.4,16.1,4.1,39.0,26.5,31.0,705.8,6.0,0.0,0.0,0.0,0.0,0.0,3.7,984.1,5.3,10.1,78.0,1004.5,1004.5,3.12,5.3
2025-05-17 13:55:00+02:00,18.9,18.9,16.9,4.5,38.0,26.8,31.0,679.4,6.0,0.0,0.0,0.0,0.0,0.0,3.7,984.1,4.2,10.4,45.0,1004.4,1004.4,3.12,5.3
2025-05-17 14:00:00+02:00,18.4,18.4,15.9,4.2,39.0,27.0,30.0,699.7,6.0,0.0,0.0,0.0,0.0,0.0,3.7,984.1,6.3,18.0,49.0,1004.4,1004.4,3.12,5.3
2025-05-17 14:05:00+02:00,18.2,18.2,16.3,4.2,40.0,27.2,30.0,718.8,6.0,0.0,0.0,0.0,0.0,0.0,3.7,984.1,3.2,10.4,346.0,1004.5,1004.5,3.12,5.3
2025-05-17 14:10:00+02:00,18.3,18.3,15.3,4.4,40.0,27.2,30.0,737.2,6.0,0.0,0.0,0.0,0.0,0.0,3.7,984.1,9.2,22.7,92.0,1004.4,1004.4,3.12,5.3
2025-05-17 14:15:00+02:00,17.8,17.8,15.5,4.0,40.0,27.2,30.0,782.0,7.0,0.0,0.0,0.0,0.0,0.0,3.7,984.1,5.0,19.1,107.0,1004.3,1004.3,3.12,5.3
2025-05-17 14:20:00+02:00,18.3,18.3,16.2,3.9,38.0,27.4,30.0,369.1,3.0,0.0,0.0,0.0,0.0,0.0,3.7,984.1,4.1,9.0,76.0,1004.3,1004.3,3.12,5.3
2025-05-17 14:25:00+02:00,18.6,18.6,16.4,4.4,39.0,27.3,30.0,644.4,5.0,0.0,0.0,0.0,0.0,0.0,3.7,984.1,4.8,12.6,6.0,1004.3,1004.3,3.12,5.3
2025-05-17 14:30:00+02:00,18.1,18.1,15.6,4.3,40.0,27.3,30.0,765.7,7.0,0.0,0.0,0.0,0.0,0.0,3.7,984.1,6.0,11.5,95.0,1004.2,1004.2,3.12,5.3
2025-05-17 14:35:00+02:00,18.1,18.1,15.8,4.2,40.0,27.3,30.0,768.4,7.0,0.0,0.0,0.0,0.0,0.0,3.7,984.1,4.9,11.2,66.0,1004.2,1004.2,3.12,5.3
2025-05-17 14:40:00+02:00,18.5,18.5,16.1,4.5,40.0,27.4,30.0,778.1,7.0,0.0,0.0,0.0,0.0,0.0,3.7,984.1,5.8,24.1,19.0,1004.1,1004.1,3.12,5.3
2025-05-17 14:45:00+02:00,18.6,18.6,16.5,4.2,39.0,27.7,30.0,248.5,2.0,0.0,0.0,0.0,0.0,0.0,3.7,984.1,4.1,12.2,28.0,1004.2,1004.2,3.12,5.3
2025-05-17 14:50:00+02:00,18.1,18.1,16.0,4.1,39.0,27.5,30.0,163.8,1.0,0.0,0.0,0.0,0.0,0.0,3.7,984.1,3.8,7.2,64.0,1004.0,1004.0,3.12,5.3
2025-05-17 14:55:00+02:00,17.9,17.9,15.8,4.2,40.0,27.3,30.0,150.4,1.0,0.0,0.0,0.0,0.0,0.0,3.7,984.1,4.1,13.3,97.0,1004.1,1004.1,3.12,5.3
2025-05-17 15:00:00+02:00,17.7,17.7,16.2,4.1,40.0,27.2,31.0,150.5,1.0,0.0,0.0,0.0,0.0,0.0,3.7,984.1,1.2,4.0,9.0,1004.0,1004.0,3.12,5.3
2025-05-17 15:05:00+02:00,18.1,18.1,16.4,4.4,40.0,27.1,31.0,125.7,1.0,0.0,0.0,0.0,0.0,0.0,3.7,984.1,1.9,6.5,21.0,1004.1,1004.1,3.12,5.3
2025-05-17 15:10:00+02:00,17.7,17.7,15.3,4.5,42.0,26.9,31.0,200.7,1.0,0.0,0.0,0.0,0.0,0.0,3.7,984.1,6.4,17.6,66.0,1003.9,1003.9,3.12,5.3
2025-05-17 15:15:00+02:00,18.2,18.2,16.3,4.8,41.0,26.9,31.0,790.0,7.0,0.0,0.0,0.0,0.0,0.0,3.7,984.1,3.9,10.8,55.0,1003.9,1003.9,3.12,5.3
2025-05-17 15:20:00+02:00,18.7,18.7,16.3,4.9,40.0,27.1,31.0,337.1,3.0,0.0,0.0,0.0,0.0,0.0,3.7,984.1,6.1,14.0,77.0,1003.8,1003.8,3.12,5.3
2025-05-17 15:25:00+02:00,18.8,18.8,16.5,4.8,40.0,27.0,31.0,572.5,5.0,0.0,0.0,0.0,0.0,0.0,3.7,984.1,5.7,14.0,66.0,1003.8,1003.8,3.12,5.3
2025-05-17 15:30:00+02:00,18.5,18.5,16.1,4.6,40.0,27.2,30.0,483.0,4.0,0.0,0.0,0.0,0.0,0.0,3.7,984.1,6.5,22.7,86.0,1003.8,1003.8,3.12,5.3
2025-05-17 15:35:00+02:00,18.5,18.5,16.5,4.7,40.0,27.2,30.0,677.2,6.0,0.0,0.0,0.0,0.0,0.0,3.7,984.1,4.0,19.1,88.0,1003.8,1003.8,3.12,5.3
2025-05-17 15:40:00+02:00,18.7,18.7,16.9,4.9,40.0,27.3,30.0,258.1,2.0,0.0,0.0,0.0,0.0,0.0,3.7,984.1,3.5,16.2,87.0,1003.7,1003.7,3.12,5.3
2025-05-17 15:45:00+02:00,18.9,18.9,17.1,5.2,40.0,27.3,31.0,186.3,1.0,0.0,0.0,0.0,0.0,0.0,3.7,984.1,3.5,7.2,122.0,1003.7,1003.7,3.12,5.3
2025-05-17 15:50:00+02:00,18.8,18.8,17.0,5.1,41.0,27.2,31.0,122.6,1.0,0.0,0.0,0.0,0.0,0.0,3.7,984.1,3.3,9.4,102.0,1003.7,1003.7,3.12,5.3
2025-05-17 15:55:00+02:00,18.6,18.6,17.1,5.1,41.0,27.1,31.0,128.8,1.0,0.0,0.0,0.0,0.0,0.0,3.7,984.1,1.8,14.4,30.0,1003.7,1003.7,3.12,5.3
2025-05-17 16:00:00+02:00,18.0,18.0,16.0,4.8,42.0,27.0,31.0,129.6,1.0,0.0,0.0,0.0,0.0,0.0,3.7,984.1,4.4,15.1,96.0,1003.6,1003.6,3.12,5.3
2025-05-17 16:05:00+02:00,18.0,18.0,16.0,4.9,42.0,26.9,31.0,98.0,0.0,0.0,0.0,0.0,0.0,0.0,3.7,984.1,4.5,9.0,16.0,1003.6,1003.6,3.12,5.3
2025-05-17 16:10:00+02:00,18.0,18.0,16.1,4.9,42.0,26.8,31.0,89.0,0.0,0.0,0.0,0.0,0.0,0.0,3.7,984.1,3.7,12.6,42.0,1003.5,1003.5,3.12,5.3
2025-05-17 16:15:00+02:00,17.7,17.7,15.9,4.7,42.0,26.8,32.0,130.6,1.0,0.0,0.0,0.0,0.0,0.0,3.7,984.1,3.1,7.2,358.0,1003.5,1003.5,3.12,5.3
2025-05-17 16:20:00+02:00,17.9,17.9,16.4,4.8,42.0,26.7,32.0,155.6,1.0,0.0,0.0,0.0,0.0,0.0,3.7,984.1,2.1,9.7,83.0,1003.5,1003.5,3.12,5.3
2025-05-17 16:25:00+02:00,18.2,18.2,16.1,5.0,42.0,26.7,31.0,160.5,1.0,0.0,0.0,0.0,0.0,0.0,3.7,984.1,4.5,10.8,81.0,1003.4,1003.4,3.12,5.3
2025-05-17 16:30:00+02:00,18.3,18.3,16.6,5.2,42.0,26.6,32.0,181.1,1.0,0.0,0.0,0.0,0.0,0.0,3.7,984.1,3.4,9.0,62.0,1003.4,1003.4,3.12,5.3
2025-05-17 16:35:00+02:00,18.3,18.3,16.6,5.5,43.0,26.6,32.0,164.2,1.0,0.0,0.0,0.0,0.0,0.0,3.7,984.1,3.8,9.0,93.0,1003.3,1003.3,3.12,5.3
2025-05-17 16:40:00+02:00,18.2,18.2,16.5,5.2,42.0,26.5,32.0,115.5,1.0,0.0,0.0,0.0,0.0,0.0,3.7,984.1,3.0,14.0,29.0,1003.4,1003.4,3.12,5.3
2025-05-17 16:45:00+02:00,18.0,18.0,16.3,5.5,44.0,26.5,32.0,272.6,2.0,0.0,0.0,0.0,0.0,0.0,3.7,984.1,3.2,6.5,46.0,1003.4,1003.4,3.12,5.3
2025-05-17 16:50:00+02:00,18.4,18.4,16.7,5.8,44.0,26.5,32.0,278.1,2.0,0.0,0.0,0.0,0.0,0.0,3.7,984.1,4.1,10.1,119.0,1003.4,1003.4,3.12,5.3
2025-05-17 16:55:00+02:00,18.3,18.3,16.5,5.6,43.0,26.5,32.0,196.3,1.0,0.0,0.0,0.0,0.0,0.0,3.7,984.1,4.5,13.3,31.0,1003.4,1003.4,3.12,5.3
2025-05-17 17:00:00+02:00,18.4,18.4,16.6,5.7,43.0,26.4,32.0,175.8,1.0,0.0,0.0,0.0,0.0,0.0,3.7,984.1,4.1,9.7,54.0,1003.3,1003.3,3.12,5.3
2025-05-17 17:05:00+02:00,18.3,18.3,16.1,5.8,44.0,26.4,32.0,163.8,1.0,0.0,0.0,0.0,0.0,0.0,3.7,984.1,6.7,15.1,51.0,1003.3,1003.3,3.12,5.3
2025-05-17 17:10:00+02:00,18.3,18.3,16.3,5.7,44.0,26.3,32.0,96.1,0.0,0.0,0.0,0.0,0.0,0.0,3.7,984.1,4.8,9.4,69.0,1003.3,1003.3,3.12,5.3
2025-05-17 17:15:00+02:00,18.1,18.1,16.1,5.6,44.0,26.3,32.0,104.6,0.0,0.0,0.0,0.0,0.0,0.0,3.7,984.1,5.2,16.2,76.0,1003.2,1003.2,3.12,5.3
2025-05-17 17:20:00+02:00,18.1,18.1,16.4,5.7,44.0,26.2,32.0,103.1,0.0,0.0,0.0,0.0,0.0,0.0,3.7,984.1,3.3,7.2,55.0,1003.3,1003.3,3.12,5.3
2025-05-17 17:25:00+02:00,18.0,18.0,15.8,5.9,45.0,26.2,32.0,97.2,0.0,0.0,0.0,0.0,0.0,0.0,3.7,984.1,6.6,12.2,31.0,1003.2,1003.2,3.12,5.3
2025-05-17 17:30:00+02:00,18.0,18.0,15.9,5.9,45.0,26.1,32.0,105.3,0.0,0.0,0.0,0.0,0.0,0.0,3.7,984.1,6.0,11.9,56.0,1003.2,1003.2,3.12,5.3
2025-05-17 17:35:00+02:00,18.0,18.0,16.2,5.9,45.0,26.0,32.0,132.1,1.0,0.0,0.0,0.0,0.0,0.0,3.7,984.1,4.0,12.2,58.0,1003.2,1003.2,3.12,5.3
2025-05-17 17:40:00+02:00,18.1,18.1,16.4,6.0,45.0,26.0,32.0,137.5,1.0,0.0,0.0,0.0,0.0,0.0,3.7,984.1,4.1,8.3,69.0,1003.1,1003.1,3.12,5.3
2025-05-17 17:45:00+02:00,18.2,18.2,16.3,6.3,46.0,25.9,32.0,138.6,1.0,0.0,0.0,0.0,0.0,0.0,3.7,984.1,4.9,9.4,80.0,1003.0,1003.0,3.12,5.3
2025-05-17 17:50:00+02:00,18.3,18.3,16.5,6.1,45.0,25.9,32.0,138.9,1.0,0.0,0.0,0.0,0.0,0.0,3.7,984.1,4.5,12.2,50.0,1003.0,1003.0,3.12,5.3
2025-05-17 17:55:00+02:00,18.1,18.1,16.3,6.2,45.0,25.9,32.0,122.8,1.0,0.0,0.0,0.0,0.0,0.0,3.7,984.1,5.0,13.0,51.0,1002.9,1002.9,3.12,5.3
2025-05-17 18:00:00+02:00,18.0,18.0,16.1,6.2,46.0,25.8,32.0,101.4,0.0,0.0,0.0,0.0,0.0,0.0,3.7,984.1,5.5,16.6,39.0,1002.9,1002.9,3.12,5.3
2025-05-17 18:05:00+02:00,18.0,18.0,16.4,6.2,46.0,25.8,33.0,98.6,0.0,0.0,0.0,0.0,0.0,0.0,3.7,984.1,3.6,13.0,19.0,1002.8,1002.8,3.12,5.3
2025-05-17 18:10:00+02:00,18.0,18.0,16.6,6.3,46.0,25.7,33.0,116.0,1.0,0.0,0.0,0.0,0.0,0.0,3.7,984.1,3.0,7.9,43.0,1002.8,1002.8,3.12,5.3
2025-05-17 18:15:00+02:00,18.1,18.1,16.5,6.3,46.0,25.7,33.0,124.5,1.0,0.0,0.0,0.0,0.0,0.0,3.7,984.1,3.9,10.1,73.0,1002.9,1002.9,3.12,5.3
2025-05-17 18:20:00+02:00,18.2,18.2,16.4,6.2,45.0,25.6,33.0,100.9,0.0,0.0,0.0,0.0,0.0,0.0,3.7,984.1,5.0,13.7,57.0,1002.9,1002.9,3.12,5.3
2025-05-17 18:25:00+02:00,18.1,18.1,16.1,6.3,46.0,25.6,33.0,90.7,0.0,0.0,0.0,0.0,0.0,0.0,3.7,984.1,5.9,14.0,16.0,1002.9,1002.9,3.12,5.3
2025-05-17 18:30:00+02:00,17.9,17.9,16.3,6.4,47.0,25.5,33.0,73.9,0.0,0.0,0.0,0.0,0.0,0.0,3.7,984.1,3.8,13.0,2.0,1003.0,1003.0,3.12,5.3
2025-05-17 18:35:00+02:00,18.0,18.0,16.0,6.2,46.0,25.4,33.0,59.1,0.0,0.0,0.0,0.0,0.0,0.0,3.7,984.1,5.5,11.2,77.0,1002.8,1002.8,3.12,5.3
2025-05-17 18:40:00+02:00,18.0,18.0,16.2,6.2,46.0,25.4,33.0,54.4,0.0,0.0,0.0,0.0,0.0,0.0,3.7,984.1,5.0,8.6,80.0,1002.9,1002.9,3.12,5.3
2025-05-17 18:45:00+02:00,18.0,18.0,16.0,6.4,47.0,25.3,33.0,51.9,0.0,0.0,0.0,0.0,0.0,0.0,3.7,984.1,5.8,16.6,50.0,1002.9,1002.9,3.12,5.3
2025-05-17 18:50:00+02:00,17.8,17.8,16.2,6.3,47.0,25.3,33.0,55.5,0.0,0.0,0.0,0.0,0.0,0.0,3.7,984.1,3.5,10.1,47.0,1002.9,1002.9,3.12,5.3
2025-05-17 18:55:00+02:00,17.8,17.8,15.8,6.3,47.0,25.2,33.0,63.9,0.0,0.0,0.0,0.0,0.0,0.0,3.7,984.1,5.8,11.9,59.0,1002.9,1002.9,3.12,5.3
2025-05-17 19:00:00+02:00,17.8,17.8,16.5,6.2,47.0,25.2,33.0,64.2,0.0,0.0,0.0,0.0,0.0,0.0,3.7,984.1,2.1,9.0,61.0,1002.8,1002.8,3.12,5.3
2025-05-17 19:05:00+02:00,17.8,17.8,16.3,6.3,47.0,25.1,33.0,57.5,0.0,0.0,0.0,0.0,0.0,0.0,3.7,984.1,3.4,8.3,42.0,1002.8,1002.8,3.12,5.3
2025-05-17 19:10:00+02:00,17.8,17.8,16.4,6.4,47.0,25.0,33.0,40.6,0.0,0.0,0.0,0.0,0.0,0.0,3.7,984.1,3.0,9.0,60.0,1002.8,1002.8,3.12,5.3
2025-05-17 19:15:00+02:00,17.8,17.8,16.3,6.3,47.0,25.0,34.0,28.6,0.0,0.0,0.0,0.0,0.0,0.0,3.7,984.1,3.5,7.9,77.0,1002.7,1002.7,3.12,5.3
2025-05-17 19:20:00+02:00,17.7,17.7,16.2,6.0,46.0,24.9,33.0,29.0,0.0,0.0,0.0,0.0,0.0,0.0,3.7,984.1,3.3,11.2,59.0,1002.8,1002.8,3.12,5.3
2025-05-17 19:25:00+02:00,17.7,17.7,15.8,5.9,46.0,24.9,33.0,49.7,0.0,0.0,0.0,0.0,0.0,0.0,3.7,984.1,5.0,12.6,90.0,1002.7,1002.7,3.12,5.3
2025-05-17 19:30:00+02:00,17.6,17.6,15.8,6.1,47.0,24.8,33.0,49.0,0.0,0.0,0.0,0.0,0.0,0.0,3.7,984.1,4.8,10.1,354.0,1002.6,1002.6,3.12,5.3
2025-05-17 19:35:00+02:00,17.5,17.5,16.0,6.0,47.0,24.8,33.0,33.5,0.0,0.0,0.0,0.0,0.0,0.0,3.7,984.1,2.9,6.5,46.0,1002.7,1002.7,3.12,5.3
2025-05-17 19:40:00+02:00,17.3,17.3,15.4,6.1,48.0,24.7,34.0,33.6,0.0,0.0,0.0,0.0,0.0,0.0,3.7,984.1,5.3,9.0,15.0,1002.6,1002.6,3.12,5.3
2025-05-17 19:45:00+02:00,17.3,17.3,15.2,6.2,48.0,24.7,34.0,33.4,0.0,0.0,0.0,0.0,0.0,0.0,3.7,984.1,6.3,13.0,41.0,1002.7,1002.7,3.12,5.3
2025-05-17 19:50:00+02:00,17.2,17.2,16.0,6.4,49.0,24.6,34.0,28.2,0.0,0.0,0.0,0.0,0.0,0.0,3.7,984.1,2.2,8.3,99.0,1002.6,1002.6,3.12,5.2
2025-05-17 19:55:00+02:00,17.1,17.1,15.6,6.3,49.0,24.5,34.0,25.3,0.0,0.0,0.0,0.0,0.0,0.0,3.7,984.1,3.2,8.3,7.0,1002.6,1002.6,3.12,5.2
2025-05-17 20:00:00+02:00,17.0,17.0,15.8,6.4,50.0,24.5,34.0,25.0,0.0,0.0,0.0,0.0,0.0,0.0,3.7,984.1,2.0,13.3,20.0,1002.6,1002.6,3.12,5.2
2025-05-17 20:05:00+02:00,16.9,16.9,15.4,6.6,51.0,24.4,34.0,25.2,0.0,0.0,0.0,0.0,0.0,0.0,3.7,984.1,3.9,12.6,10.0,1002.6,1002.6,3.12,5.2
2025-05-17 20:10:00+02:00,16.9,16.9,15.3,7.1,52.0,24.3,34.0,22.9,0.0,0.0,0.0,0.0,0.0,0.0,3.7,984.1,4.3,15.1,26.0,1002.5,1002.5,3.12,5.2
2025-05-17 20:15:00+02:00,16.7,16.7,15.2,7.4,54.0,24.2,34.0,22.7,0.0,0.0,0.0,0.0,0.0,0.0,3.7,984.1,4.5,15.1,355.0,1002.6,1002.6,3.12,5.2
2025-05-17 20:20:00+02:00,16.7,16.7,14.9,7.3,54.0,24.2,34.0,21.6,0.0,0.0,0.0,0.0,0.0,0.0,3.7,984.1,5.9,14.4,357.0,1002.6,1002.6,3.12,5.2
2025-05-17 20:25:00+02:00,16.6,16.6,15.0,7.3,54.0,24.0,35.0,19.8,0.0,0.0,0.0,0.0,0.0,0.0,3.7,984.1,4.6,9.4,3.0,1002.6,1002.6,3.12,5.1
2025-05-17 20:30:00+02:00,16.5,16.5,15.2,7.4,55.0,23.9,35.0,18.1,0.0,0.0,0.0,0.0,0.0,0.0,3.7,984.1,3.4,8.3,3.0,1002.6,1002.6,3.12,5.1
2025-05-17 20:35:00+02:00,16.4,16.4,15.5,7.4,55.0,23.8,35.0,16.5,0.0,0.0,0.0,0.0,0.0,0.0,3.7,984.1,1.7,5.8,22.0,1002.6,1002.6,3.12,5.1
2025-05-17 20:40:00+02:00,16.4,16.4,14.7,7.3,55.0,23.8,35.0,14.8,0.0,0.0,0.0,0.0,0.0,0.0,3.7,984.1,5.3,8.3,27.0,1002.7,1002.7,3.12,5.1
2025-05-17 20:45:00+02:00,16.4,16.4,14.6,7.3,55.0,23.7,35.0,13.8,0.0,0.0,0.0,0.0,0.0,0.0,3.7,984.1,6.2,12.6,318.0,1002.6,1002.6,3.12,5.1
2025-05-17 20:50:00+02:00,16.4,16.4,14.8,7.3,55.0,23.6,35.0,12.1,0.0,0.0,0.0,0.0,0.0,0.0,3.7,984.1,5.1,12.2,60.0,1002.6,1002.6,3.12,5.1
2025-05-17 20:55:00+02:00,16.3,16.3,15.0,7.4,56.0,23.5,35.0,9.5,0.0,0.0,0.0,0.0,0.0,0.0,3.7,984.1,3.6,15.5,11.0,1002.6,1002.6,3.12,5.1
2025-05-17 21:00:00+02:00,16.2,16.2,14.9,7.5,56.0,23.4,35.0,7.5,0.0,0.0,0.0,0.0,0.0,0.0,3.7,984.1,3.5,10.4,51.0,1002.6,1002.6,3.12,5.1
2025-05-17 21:05:00+02:00,16.1,16.1,14.6,7.4,56.0,23.3,35.0,5.8,0.0,0.0,0.0,0.0,0.0,0.0,3.7,984.1,4.5,9.4,39.0,1002.7,1002.7,3.12,5.1
2025-05-17 21:10:00+02:00,16.0,16.0,14.9,7.3,56.0,23.2,36.0,4.3,0.0,0.0,0.0,0.0,0.0,0.0,3.7,984.1,2.4,12.6,36.0,1002.7,1002.7,3.12,5.0
2025-05-17 21:15:00+02:00,15.9,15.9,14.8,7.4,57.0,23.2,36.0,3.0,0.0,0.0,0.0,0.0,0.0,0.0,3.7,984.1,2.8,9.4,8.0,1002.7,1002.7,3.12,5.0
2025-05-17 21:20:00+02:00,15.8,15.8,14.4,7.3,57.0,23.1,36.0,2.0,0.0,0.0,0.0,0.0,0.0,0.0,3.7,984.1,3.7,9.4,45.0,1002.7,1002.7,3.12,5.0
2025-05-17 21:25:00+02:00,15.7,15.7,14.1,7.3,58.0,23.0,36.0,1.3,0.0,0.0,0.0,0.0,0.0,0.0,3.7,984.1,4.5,7.9,47.0,1002.8,1002.8,3.12,5.0
2025-05-17 21:30:00+02:00,15.5,15.5,13.7,7.0,57.0,22.8,36.0,0.7,0.0,0.0,0.0,0.0,0.0,0.0,3.7,984.1,5.7,10.1,352.0,1002.7,1002.7,3.12,5.0
2025-05-17 21:35:00+02:00,15.4,15.4,13.9,6.6,56.0,22.8,36.0,0.4,0.0,0.0,0.0,0.0,0.0,0.0,3.7,984.1,3.6,12.6,64.0,1002.7,1002.7,3.12,4.9
2025-05-17 21:40:00+02:00,15.2,15.2,13.6,6.5,56.0,22.7,36.0,0.2,0.0,0.0,0.0,0.0,0.0,0.0,3.7,984.1,4.1,12.6,88.0,1002.7,1002.7,3.12,4.9
2025-05-17 21:45:00+02:00,15.1,15.1,13.2,6.4,56.0,22.6,36.0,0.1,0.0,0.0,0.0,0.0,0.0,0.0,3.7,984.1,5.3,8.3,48.0,1002.7,1002.7,3.12,4.9
2025-05-17 21:50:00+02:00,15.0,15.0,13.6,6.5,57.0,22.5,36.0,0.0,0.0,0.0,0.0,0.0,0.0,0.0,3.7,984.1,3.0,10.4,51.0,1002.8,1002.8,3.12,4.9
2025-05-17 21:55:00+02:00,14.8,14.8,13.5,6.4,57.0,22.4,36.0,0.0,0.0,0.0,0.0,0.0,0.0,0.0,3.7,984.1,2.9,8.3,70.0,1002.8,1002.8,3.12,4.9
2025-05-17 22:00:00+02:00,14.8,14.8,13.1,6.5,58.0,22.3,36.0,0.0,0.0,0.0,0.0,0.0,0.0,0.0,3.7,984.1,4.2,13.0,31.0,1002.8,1002.8,3.12,4.9
2025-05-17 22:05:00+02:00,14.7,14.7,12.8,6.3,57.0,22.2,36.0,0.0,0.0,0.0,0.0,0.0,0.0,0.0,3.7,984.1,5.3,13.0,52.0,1002.9,1002.9,3.12,4.9
2025-05-17 22:10:00+02:00,14.7,14.7,12.7,6.6,58.0,22.1,36.0,0.0,0.0,0.0,0.0,0.0,0.0,0.0,3.7,984.1,5.7,18.0,16.0,1002.9,1002.9,3.12,4.9
2025-05-17 22:15:00+02:00,14.5,14.5,13.1,6.7,59.0,22.0,36.0,0.0,0.0,0.0,0.0,0.0,0.0,0.0,3.7,984.1,3.5,13.7,50.0,1003.0,1003.0,3.12,4.9
2025-05-17 22:20:00+02:00,14.3,14.3,12.8,6.8,60.0,21.9,36.0,0.0,0.0,0.0,0.0,0.0,0.0,0.0,3.7,984.1,3.8,9.4,41.0,1003.0,1003.0,3.12,4.8
2025-05-17 22:25:00+02:00,14.2,14.2,12.7,6.9,62.0,21.8,37.0,0.0,0.0,0.0,0.0,0.0,0.0,0.0,3.7,984.1,3.7,10.4,357.0,1003.0,1003.0,3.12,4.8
2025-05-17 22:30:00+02:00,14.0,14.0,12.9,7.1,63.0,21.7,37.0,0.0,0.0,0.0,0.0,0.0,0.0,0.0,3.7,984.1,2.6,14.0,34.0,1003.0,1003.0,3.12,4.8
2025-05-17 22:35:00+02:00,14.0,14.0,11.6,7.3,64.0,21.6,37.0,0.0,0.0,0.0,0.0,0.0,0.0,0.0,3.7,984.1,9.4,9.4,25.0,1003.0,1003.0,3.12,4.8
2025-05-17 22:45:00+02:00,13.7,13.7,11.7,7.4,65.0,21.4,37.0,0.0,0.0,0.0,0.0,0.0,0.0,0.0,3.7,984.1,7.0,11.9,49.0,1003.1,1003.1,3.12,4.7
2025-05-17 22:50:00+02:00,13.6,13.6,12.3,7.4,66.0,21.3,38.0,0.0,0.0,0.0,0.0,0.0,0.0,0.0,3.7,984.1,3.5,11.5,37.0,1003.2,1003.2,3.12,4.7
2025-05-17 22:55:00+02:00,13.5,13.5,11.7,7.5,67.0,21.2,38.0,0.0,0.0,0.0,0.0,0.0,0.0,0.0,3.7,984.1,6.2,15.8,54.0,1003.2,1003.2,3.12,4.7
2025-05-17 23:00:00+02:00,13.4,13.4,12.3,7.6,68.0,21.1,38.0,0.0,0.0,0.0,0.0,0.0,0.0,0.0,3.7,984.1,2.9,15.8,22.0,1003.2,1003.2,3.12,4.7
2025-05-17 23:05:00+02:00,13.3,13.3,11.8,7.7,69.0,21.0,38.0,0.0,0.0,0.0,0.0,0.0,0.0,0.0,3.7,984.1,4.6,9.7,51.0,1003.2,1003.2,3.12,4.7
2025-05-17 23:10:00+02:00,13.2,13.2,11.2,7.8,70.0,20.9,38.0,0.0,0.0,0.0,0.0,0.0,0.0,0.0,3.7,984.1,7.2,10.4,40.0,1003.4,1003.4,3.12,4.7
2025-05-17 23:15:00+02:00,13.0,13.0,11.8,8.0,71.0,20.8,39.0,0.0,0.0,0.0,0.0,0.0,0.0,0.0,3.7,984.1,4.0,13.7,39.0,1003.3,1003.3,3.12,4.7
2025-05-17 23:20:00+02:00,12.9,12.9,11.6,8.1,73.0,20.7,39.0,0.0,0.0,0.0,0.0,0.0,0.0,0.0,3.7,984.1,4.3,13.7,28.0,1003.3,1003.3,3.12,4.6
2025-05-17 23:25:00+02:00,12.8,12.8,11.6,8.2,74.0,20.6,39.0,0.0,0.0,0.0,0.0,0.0,0.0,0.0,3.7,984.1,4.1,14.0,44.0,1003.3,1003.3,3.12,4.6
2025-05-17 23:30:00+02:00,12.7,12.7,11.5,8.3,75.0,20.5,40.0,0.0,0.0,0.0,0.0,0.0,0.0,0.0,3.7,984.1,4.0,12.2,84.0,1003.3,1003.3,3.12,4.6
2025-05-17 23:35:00+02:00,12.5,12.5,11.5,8.2,75.0,20.4,40.0,0.0,0.0,0.0,0.0,0.0,0.0,0.0,3.7,984.1,3.3,9.7,44.0,1003.3,1003.3,3.12,4.6
2025-05-17 23:40:00+02:00,12.4,12.4,10.9,8.3,76.0,20.3,40.0,0.0,0.0,0.0,0.0,0.0,0.0,0.0,3.7,984.1,5.6,13.7,69.0,1003.4,1003.4,3.12,4.6
2025-05-17 23:45:00+02:00,12.3,12.3,10.4,8.2,76.0,20.2,40.0,0.0,0.0,0.0,0.0,0.0,0.0,0.0,3.7,984.1,7.4,13.7,59.0,1003.3,1003.3,3.12,4.6
2025-05-17 23:50:00+02:00,12.2,12.2,10.8,8.3,77.0,20.1,40.0,0.0,0.0,0.0,0.0,0.0,0.0,0.0,3.7,984.1,5.0,11.9,102.0,1003.3,1003.3,3.12,4.6
2025-05-17 23:55:00+02:00,12.1,12.1,11.0,8.3,78.0,20.0,40.0,0.0,0.0,0.0,0.0,0.0,0.0,0.0,3.7,984.1,3.6,11.9,81.0,1003.5,1003.5,3.11,4.6
