wahltermin_datum,wahl,AGS,Bez-Nr,Wahlberechtigte insgesamt,ohne Vermerk W,mit Vermerk W,nicht im Waehlerverzeichnis,Waehler,DavonMitWahlschein,UngueltigeStimmen,GueltigeStimmen,CDU,SPD,GRUENE,FDP,DIE LINKE,REP,Tierschutzpartei,PIRATEN,FAMILIE,FREIE WAEHLER,Volksabstimmung,PBC,OEDP,CM,AUF,DKP,BP,PSG,BueSo,AfD,PRO NRW,MLPD,NPD,Die PARTEI
2014-05-25,Europawahl,5911000,1001,1371,1190,181,0,556,0,9,547,154,200,76,17,33,7,8,10,2,1,0,0,0,0,0,0,0,0,0,23,2,1,8,5
2014-05-25,Europawahl,5911000,1002,1355,1161,194,0,489,0,5,484,136,169,46,27,40,1,8,7,3,1,1,0,1,0,1,0,0,0,0,34,5,1,3,0
2014-05-25,Europawahl,5911000,1003,1284,1007,277,0,426,5,5,421,133,148,62,12,20,2,3,4,2,0,1,0,0,0,0,0,0,0,0,29,1,0,3,1
2014-05-25,Europawahl,5911000,1004,1363,1068,295,0,676,0,4,672,198,200,118,36,42,1,10,10,3,0,0,2,1,0,1,1,0,0,0,42,1,0,0,6
2014-05-25,Europawahl,5911000,1005,1416,1178,238,0,486,0,5,481,113,169,84,17,35,1,9,13,2,1,0,0,2,2,0,0,1,0,0,24,2,0,4,2
2014-05-25,Europawahl,5911000,1006,1149,960,189,0,472,0,5,467,126,161,72,18,31,1,9,16,3,1,0,0,6,0,0,0,0,0,0,16,2,0,3,2
2014-05-25,Europawahl,5911000,1007,1216,1044,172,0,425,1,5,420,89,191,52,12,29,3,5,7,1,1,2,0,1,1,0,0,0,0,0,17,1,0,2,6
2014-05-25,Europawahl,5911000,1101,1335,1102,233,0,556,3,6,550,150,239,50,19,34,0,4,9,1,3,1,0,0,0,0,0,0,0,0,25,5,0,5,5
2014-05-25,Europawahl,5911000,1102,1325,1065,260,0,433,0,6,427,87,167,70,7,22,2,6,5,3,3,1,1,4,0,0,1,0,0,0,28,5,0,4,11
2014-05-25,Europawahl,5911000,1103,1251,1030,221,0,460,0,11,449,115,126,94,10,35,0,12,11,2,2,3,0,2,0,0,0,0,0,0,27,3,1,1,5
2014-05-25,Europawahl,5911000,1104,1279,1035,244,0,468,0,11,457,90,207,59,17,27,0,7,6,2,2,1,0,3,0,0,0,0,0,0,20,5,0,6,5
2014-05-25,Europawahl,5911000,1105,1001,857,144,0,381,0,7,374,68,179,41,13,27,1,5,3,1,1,0,0,2,0,1,0,0,0,0,17,3,1,7,4
2014-05-25,Europawahl,5911000,1106,1238,1048,190,0,456,0,2,454,110,158,81,12,37,0,9,12,2,2,1,0,1,0,0,0,0,0,0,13,2,2,4,8
2014-05-25,Europawahl,5911000,1107,1150,967,183,0,423,0,7,416,86,164,64,17,37,1,10,3,1,1,2,0,2,0,0,0,0,0,1,18,2,0,3,4
2014-05-25,Europawahl,5911000,1201,1154,977,177,0,411,2,2,409,61,146,83,6,55,0,5,17,2,1,0,0,0,0,0,1,0,0,0,9,5,1,0,17
2014-05-25,Europawahl,5911000,1202,1196,926,270,0,499,5,1,498,95,168,111,16,51,1,8,15,1,1,0,0,3,0,0,0,0,0,0,18,2,1,0,7
2014-05-25,Europawahl,5911000,1203,1093,966,127,0,393,0,6,387,50,141,69,12,59,2,6,12,1,0,0,0,1,0,1,0,0,0,0,15,3,1,9,5
2014-05-25,Europawahl,5911000,1204,1091,896,195,0,353,0,5,348,24,150,69,9,37,3,5,13,1,2,0,0,1,2,0,2,0,0,0,17,1,0,5,7
2014-05-25,Europawahl,5911000,1205,1052,921,131,0,291,0,2,289,49,85,61,7,39,1,5,17,1,2,0,0,0,0,0,2,0,0,0,14,0,1,1,4
2014-05-25,Europawahl,5911000,1206,1048,906,142,0,333,0,4,329,49,104,60,9,41,1,3,15,1,0,0,1,2,0,0,0,0,0,0,23,6,0,5,9
2014-05-25,Europawahl,5911000,1207,1224,1008,216,0,426,1,4,422,70,141,95,10,48,0,5,16,2,2,0,1,2,1,0,0,1,0,0,14,0,0,4,10
2014-05-25,Europawahl,5911000,1208,1266,1087,179,0,428,0,9,419,80,126,83,10,55,0,5,10,0,4,0,1,0,0,2,0,0,0,0,23,2,2,1,15
2014-05-25,Europawahl,5911000,1301,1250,1068,181,1,605,1,4,601,94,189,137,24,74,3,11,14,1,3,1,0,1,0,0,6,0,0,0,27,0,5,1,10
2014-05-25,Europawahl,5911000,1302,1131,959,172,0,478,1,7,471,92,162,110,14,41,0,2,20,0,2,3,0,2,0,0,1,0,0,0,10,0,0,3,9
2014-05-25,Europawahl,5911000,1303,1198,945,253,0,463,1,3,460,96,164,94,14,38,0,4,11,3,0,2,2,5,1,0,0,0,0,0,19,0,1,1,5
2014-05-25,Europawahl,5911000,1304,1197,979,218,0,592,1,3,589,113,201,155,17,41,2,11,11,1,4,1,0,4,0,0,0,0,0,0,13,3,0,1,11
2014-05-25,Europawahl,5911000,1305,1090,905,185,0,439,3,2,437,59,146,118,6,52,0,5,14,2,3,0,0,1,0,0,0,0,0,0,16,0,2,1,12
2014-05-25,Europawahl,5911000,1306,980,768,212,0,467,1,2,465,127,130,110,24,23,1,2,8,1,6,0,0,2,0,1,0,1,0,0,23,0,0,4,2
2014-05-25,Europawahl,5911000,1307,1179,935,244,0,492,3,3,489,103,152,111,17,65,1,2,7,1,2,0,0,2,0,0,0,0,0,1,18,0,1,2,4
2014-05-25,Europawahl,5911000,1401,1046,878,168,0,408,3,3,405,95,136,54,22,39,2,2,15,1,2,0,0,4,0,0,1,0,1,0,24,1,1,1,4
2014-05-25,Europawahl,5911000,1402,1139,968,171,0,461,1,4,457,67,117,111,20,64,0,12,24,1,1,2,0,0,0,0,1,0,0,0,17,0,0,3,17
2014-05-25,Europawahl,5911000,1403,1372,1119,253,0,529,1,4,525,102,178,115,16,56,1,4,16,0,1,0,2,1,0,0,0,0,0,0,20,2,1,2,8
2014-05-25,Europawahl,5911000,1404,1314,1063,251,0,602,2,6,596,113,198,126,19,69,0,16,12,1,0,3,0,4,0,0,0,0,0,0,21,0,1,2,11
2014-05-25,Europawahl,5911000,1405,1474,1251,223,0,652,1,3,649,90,213,160,12,75,2,8,31,1,2,0,0,2,0,0,0,0,0,1,19,2,3,6,22
2014-05-25,Europawahl,5911000,1406,1247,1047,200,0,602,0,6,596,113,203,121,28,56,1,7,13,1,3,0,0,2,0,1,0,0,0,2,24,2,0,4,15
2014-05-25,Europawahl,5911000,1407,1362,1124,238,0,612,1,6,606,189,219,104,14,39,1,6,0,3,2,3,0,4,0,0,1,0,0,0,16,2,0,0,3
2014-05-25,Europawahl,5911000,1501,841,704,137,0,254,1,5,249,34,80,38,5,35,0,5,12,1,0,1,0,0,0,0,0,0,0,0,20,9,1,1,7
2014-05-25,Europawahl,5911000,1502,1051,916,135,0,346,1,3,343,60,126,50,12,48,0,7,8,0,0,0,2,2,0,0,0,0,0,0,19,1,0,3,5
2014-05-25,Europawahl,5911000,1503,1111,996,115,0,417,1,6,411,76,147,72,3,34,6,6,14,3,3,3,0,0,1,0,1,2,2,0,20,2,0,5,11
2014-05-25,Europawahl,5911000,1504,836,762,74,0,305,0,2,303,35,128,49,5,43,0,7,7,2,2,0,0,0,0,1,0,0,1,0,14,2,2,2,3
2014-05-25,Europawahl,5911000,1505,787,726,61,0,190,0,7,183,23,88,24,1,25,1,4,5,0,1,1,0,0,0,1,0,0,0,0,5,0,0,2,2
2014-05-25,Europawahl,5911000,1506,799,737,62,0,228,0,2,226,41,92,26,5,24,1,4,10,0,0,1,1,0,0,1,0,0,0,0,11,2,0,2,5
2014-05-25,Europawahl,5911000,1507,1020,891,129,0,281,0,4,277,58,89,39,7,30,0,5,10,2,0,1,3,2,0,0,0,1,1,0,11,3,2,8,5
2014-05-25,Europawahl,5911000,1508,1112,945,167,0,447,0,3,444,102,199,40,8,11,3,10,8,4,0,0,1,3,1,0,0,0,0,1,42,2,2,2,5
2014-05-25,Europawahl,5911000,1509,996,874,122,0,260,1,9,251,52,100,34,6,16,2,3,11,0,0,0,0,0,0,0,0,0,1,0,11,3,0,7,5
2014-05-25,Europawahl,5911000,1601,1042,929,113,0,394,0,8,386,72,180,35,16,14,2,6,8,0,5,2,1,1,0,0,0,0,0,0,30,3,0,9,2
2014-05-25,Europawahl,5911000,1602,1544,1342,202,0,700,0,17,683,105,400,47,9,37,2,9,6,1,2,3,1,1,0,1,0,0,2,0,40,10,1,5,1
2014-05-25,Europawahl,5911000,1603,1149,953,196,0,341,0,4,337,76,146,32,7,16,0,7,3,3,2,0,0,1,0,1,0,0,0,1,24,5,0,7,6
2014-05-25,Europawahl,5911000,1604,1009,890,119,0,259,0,4,255,39,122,21,4,36,0,4,3,0,2,0,1,0,0,0,1,0,0,0,16,2,1,2,1
2014-05-25,Europawahl,5911000,1605,1124,979,145,0,329,3,3,326,71,129,31,2,34,1,5,13,3,2,1,2,0,0,0,0,0,0,0,17,4,0,6,5
2014-05-25,Europawahl,5911000,1606,1226,1080,146,0,393,3,5,388,58,141,53,15,51,2,8,15,3,2,2,0,1,0,3,0,0,1,0,18,3,0,6,6
2014-05-25,Europawahl,5911000,1607,1082,964,118,0,324,0,5,319,57,158,24,11,22,1,2,7,2,0,0,1,2,0,0,0,0,0,0,19,5,0,5,3
2014-05-25,Europawahl,5911000,1701,1156,1009,147,0,412,0,3,409,95,163,64,8,35,0,7,6,1,3,1,1,1,0,0,0,0,0,0,16,0,1,2,5
2014-05-25,Europawahl,5911000,1702,934,811,123,0,311,0,1,310,74,122,34,8,19,0,5,12,3,2,0,1,1,2,0,1,0,0,0,17,3,0,3,3
2014-05-25,Europawahl,5911000,1703,1332,1136,196,0,504,0,7,497,111,229,41,13,28,2,8,12,1,1,1,0,0,0,1,2,0,0,0,40,3,0,3,1
2014-05-25,Europawahl,5911000,1704,1024,878,146,0,325,2,1,324,91,115,41,4,27,0,2,10,1,0,1,0,0,0,0,0,0,0,1,19,0,0,9,3
2014-05-25,Europawahl,5911000,1705,1074,907,167,0,376,0,6,370,59,152,47,9,34,3,8,10,0,2,0,0,1,0,0,1,0,0,0,26,5,0,7,6
2014-05-25,Europawahl,5911000,1706,880,776,104,0,323,0,4,319,70,130,37,3,25,0,9,5,1,2,1,0,0,0,0,0,0,0,0,23,5,0,7,1
2014-05-25,Europawahl,5911000,1707,934,834,100,0,257,1,7,250,65,98,19,6,20,1,8,2,3,2,2,0,0,2,0,0,0,0,0,15,3,0,3,1
2014-05-25,Europawahl,5911000,1801,1421,1213,208,0,464,0,5,459,98,225,31,7,25,2,11,11,2,1,0,0,0,0,0,0,1,0,0,28,5,1,8,3
2014-05-25,Europawahl,5911000,1802,1255,1108,147,0,380,0,7,373,90,173,25,2,25,1,2,16,5,1,1,0,1,0,2,1,1,0,1,18,2,0,3,3
2014-05-25,Europawahl,5911000,1803,1294,1134,160,0,399,0,4,395,79,182,28,7,39,1,5,4,4,1,0,0,0,0,1,0,0,0,0,23,5,1,14,1
2014-05-25,Europawahl,5911000,1804,1339,1121,218,0,373,0,4,369,77,192,18,3,13,2,4,11,4,0,0,0,1,0,0,0,0,0,1,22,9,0,11,1
2014-05-25,Europawahl,5911000,1805,1155,989,166,0,280,0,2,278,45,117,32,6,29,1,6,9,5,0,0,0,0,0,1,0,0,0,0,17,4,0,4,2
2014-05-25,Europawahl,5911000,1806,1171,1047,124,0,408,0,3,405,75,138,79,18,45,0,10,10,0,1,3,0,0,0,0,0,0,0,0,17,4,1,0,4
2014-05-25,Europawahl,5911000,2101,883,771,112,0,329,0,7,322,101,109,32,7,18,0,7,9,3,1,1,0,0,0,0,0,0,0,0,20,6,0,5,3
2014-05-25,Europawahl,5911000,2102,1011,907,104,0,380,0,9,371,89,151,34,10,26,2,4,4,2,0,0,1,1,1,2,0,0,0,0,27,8,0,8,1
2014-05-25,Europawahl,5911000,2103,1288,1110,178,0,413,0,4,409,88,189,39,8,22,2,4,5,3,2,1,0,2,0,0,0,1,0,0,27,6,0,7,3
2014-05-25,Europawahl,5911000,2104,1003,906,97,0,284,1,2,282,70,108,27,4,20,3,8,4,1,4,1,0,0,0,0,0,0,0,0,23,4,0,4,1
2014-05-25,Europawahl,5911000,2105,1447,1271,176,0,519,0,12,507,128,195,48,17,21,0,12,10,7,1,0,0,3,0,0,0,0,0,0,40,6,3,12,4
2014-05-25,Europawahl,5911000,2106,1442,1285,157,0,550,1,6,544,150,222,48,13,34,1,12,6,3,1,0,0,0,0,0,0,0,0,1,35,3,0,10,5
2014-05-25,Europawahl,5911000,2201,889,792,97,0,283,0,4,279,78,108,16,8,18,1,2,4,2,1,0,0,0,0,1,0,0,0,0,26,8,0,5,1
2014-05-25,Europawahl,5911000,2202,1028,884,144,0,381,0,9,372,118,141,43,10,18,1,6,8,1,1,0,1,0,0,0,0,0,0,0,14,2,0,2,6
2014-05-25,Europawahl,5911000,2203,839,764,75,0,263,1,1,262,59,101,30,4,15,3,4,8,0,3,2,0,0,0,2,0,0,0,0,19,2,0,6,4
2014-05-25,Europawahl,5911000,2204,902,784,118,0,238,0,7,231,58,87,29,10,15,0,2,3,0,0,0,0,0,0,2,0,0,0,0,18,1,1,4,1
2014-05-25,Europawahl,5911000,2205,879,758,121,0,239,0,4,235,56,92,23,9,18,1,3,4,1,1,1,0,0,0,0,0,0,1,0,12,2,0,5,6
2014-05-25,Europawahl,5911000,2206,944,791,153,0,344,0,2,342,128,93,26,23,22,1,6,7,1,1,0,0,1,0,0,0,0,0,0,27,1,0,2,3
2014-05-25,Europawahl,5911000,2207,856,734,122,0,245,0,2,243,50,109,27,5,8,0,1,9,4,1,0,0,0,0,0,0,0,0,0,23,2,0,4,0
2014-05-25,Europawahl,5911000,2208,883,751,132,0,277,0,3,274,66,107,21,3,17,3,8,3,3,3,2,0,0,0,1,0,0,0,0,18,9,2,8,0
2014-05-25,Europawahl,5911000,2209,840,723,117,0,290,0,5,285,68,132,12,4,16,1,6,6,2,1,0,0,0,0,0,1,0,0,1,26,9,0,0,0
2014-05-25,Europawahl,5911000,2210,844,695,149,0,233,0,1,232,57,89,22,6,19,0,3,9,4,1,1,1,2,1,0,0,0,0,0,11,1,0,5,0
2014-05-25,Europawahl,5911000,2301,808,704,104,0,263,0,2,261,56,115,23,2,22,0,4,5,2,1,0,0,1,0,0,0,0,0,0,19,5,0,5,1
2014-05-25,Europawahl,5911000,2302,980,909,71,0,210,0,2,208,46,84,12,4,21,2,2,6,1,0,1,0,2,0,0,0,0,0,0,17,3,0,6,1
2014-05-25,Europawahl,5911000,2303,1097,977,120,0,371,0,8,363,78,158,40,12,26,1,4,4,3,2,1,0,0,0,0,0,1,0,0,19,8,1,3,2
2014-05-25,Europawahl,5911000,2304,1004,891,113,0,287,0,4,283,67,125,17,4,20,2,4,0,1,2,0,0,1,0,0,0,2,0,0,26,7,0,4,1
2014-05-25,Europawahl,5911000,2305,956,822,134,0,283,1,2,281,63,113,38,9,24,1,4,6,2,0,0,1,1,0,1,0,0,0,0,11,2,1,4,0
2014-05-25,Europawahl,5911000,2306,869,767,102,0,187,0,3,184,44,55,23,4,12,1,3,9,0,0,0,1,1,0,1,2,0,0,0,16,0,2,7,3
2014-05-25,Europawahl,5911000,2307,718,655,63,0,170,2,4,166,42,66,14,2,13,0,3,4,4,0,0,0,0,1,0,0,0,0,0,5,4,0,5,3
2014-05-25,Europawahl,5911000,2401,1009,868,141,0,291,0,7,284,58,116,16,14,29,0,5,7,1,2,0,0,1,0,0,0,0,0,1,20,3,1,6,4
2014-05-25,Europawahl,5911000,2402,1049,929,120,0,351,0,4,347,100,125,26,10,19,1,3,7,3,4,1,0,0,0,0,0,0,0,0,33,13,0,1,1
2014-05-25,Europawahl,5911000,2403,1102,973,129,0,337,0,5,332,85,134,20,5,28,1,6,6,0,3,0,0,0,1,0,0,0,0,3,25,7,0,3,5
2014-05-25,Europawahl,5911000,2404,1040,919,121,0,259,0,9,250,47,98,17,6,19,0,2,5,7,1,0,0,0,0,0,0,0,0,0,21,10,3,10,4
2014-05-25,Europawahl,5911000,2405,1028,878,150,0,293,1,6,287,75,130,13,6,12,0,3,1,2,2,3,0,0,0,0,1,0,0,0,22,6,0,10,1
2014-05-25,Europawahl,5911000,2406,1105,1018,87,0,359,0,4,355,80,157,21,4,29,0,10,10,1,2,1,0,1,0,0,1,0,0,1,22,12,0,2,1
2014-05-25,Europawahl,5911000,2407,969,841,128,0,238,0,5,233,60,98,10,7,17,1,3,4,1,0,2,0,0,0,0,1,0,0,0,15,8,0,4,2
2014-05-25,Europawahl,5911000,2501,1058,939,119,0,381,1,8,373,95,164,28,4,18,2,3,6,2,2,4,0,1,0,0,1,0,0,0,29,4,0,7,3
2014-05-25,Europawahl,5911000,2502,895,785,110,0,281,2,11,270,55,139,21,2,22,1,6,3,1,0,0,0,0,0,0,0,0,0,0,14,2,0,2,2
2014-05-25,Europawahl,5911000,2503,1022,875,147,0,471,1,5,466,148,190,38,12,22,3,2,1,3,3,0,3,2,0,0,0,0,0,0,27,3,0,6,3
2014-05-25,Europawahl,5911000,2504,1077,950,127,0,341,0,4,337,94,155,30,7,16,0,1,7,1,3,0,0,0,0,0,0,0,0,0,13,6,0,4,0
2014-05-25,Europawahl,5911000,2505,1098,917,181,0,403,2,6,397,119,150,52,8,17,2,2,5,3,2,0,0,0,0,1,1,0,0,0,29,2,1,1,2
2014-05-25,Europawahl,5911000,2506,1199,984,215,0,391,0,2,389,122,157,45,0,16,1,9,0,3,0,1,1,1,0,1,0,1,0,0,19,4,0,5,3
2014-05-25,Europawahl,5911000,2507,1273,1084,189,0,473,1,9,464,134,193,28,3,28,1,14,6,1,2,3,0,1,0,2,0,0,0,0,30,5,0,9,4
2014-05-25,Europawahl,5911000,2508,877,787,90,0,247,0,4,243,65,108,10,4,18,2,3,6,2,1,1,0,1,0,0,0,0,0,0,12,3,1,5,1
2014-05-25,Europawahl,5911000,2601,1282,1027,255,0,523,2,6,517,184,178,58,21,22,1,7,4,4,6,1,0,0,0,1,0,0,0,0,20,5,0,3,2
2014-05-25,Europawahl,5911000,2602,1222,1062,160,0,506,0,7,499,95,253,44,5,24,5,8,7,2,2,0,0,1,1,0,0,0,0,0,33,11,1,7,0
2014-05-25,Europawahl,5911000,2603,1303,1026,277,0,558,4,20,538,160,209,55,19,33,1,5,3,2,3,1,5,0,0,0,0,0,0,0,36,2,0,4,0
2014-05-25,Europawahl,5911000,2604,1342,1049,293,0,546,4,5,541,210,180,51,18,25,1,7,2,4,2,1,0,2,0,1,0,1,0,0,29,5,0,2,0
2014-05-25,Europawahl,5911000,2605,1225,1004,221,0,402,1,4,398,114,146,36,21,29,0,5,9,1,1,2,0,0,0,0,0,0,0,1,20,2,3,4,4
2014-05-25,Europawahl,5911000,2606,1305,1100,205,0,535,2,8,527,158,207,52,15,24,2,8,5,2,0,3,0,1,0,1,0,0,0,0,40,5,0,3,1
2014-05-25,Europawahl,5911000,2607,1399,1114,285,0,529,0,7,522,143,213,52,14,21,1,10,8,2,0,3,0,0,1,0,2,0,0,0,41,2,1,7,1
2014-05-25,Europawahl,5911000,2701,1047,885,162,0,403,0,9,394,137,143,53,5,8,0,6,4,1,0,1,0,0,0,0,0,0,0,0,23,3,0,7,3
2014-05-25,Europawahl,5911000,2702,1112,975,137,0,431,1,4,427,129,169,34,8,25,0,0,6,3,1,2,0,0,0,1,0,1,0,0,39,2,0,4,3
2014-05-25,Europawahl,5911000,2703,1036,919,117,0,293,3,5,288,72,120,18,2,38,1,2,1,1,1,0,0,0,0,0,0,0,0,1,24,3,0,3,1
2014-05-25,Europawahl,5911000,2704,1097,942,155,0,444,0,5,439,100,186,57,10,20,1,7,4,2,2,0,1,1,0,1,0,0,0,0,34,5,0,7,1
2014-05-25,Europawahl,5911000,2705,1189,946,243,0,471,0,3,468,133,178,59,24,16,0,10,3,2,1,1,2,0,0,0,1,0,1,0,30,4,0,1,2
2014-05-25,Europawahl,5911000,2706,1116,970,146,0,392,0,6,386,120,147,23,11,24,0,5,7,2,2,1,0,0,0,1,0,0,0,0,27,8,0,8,0
2014-05-25,Europawahl,5911000,2707,1080,848,232,0,379,0,4,375,108,137,51,14,19,1,4,2,2,0,0,0,0,0,0,0,1,0,0,31,1,0,1,3
2014-05-25,Europawahl,5911000,3101,1187,978,209,0,401,0,6,395,101,171,48,13,17,1,4,6,1,3,0,1,1,0,4,0,0,0,0,15,1,0,4,4
2014-05-25,Europawahl,5911000,3102,1374,1095,279,0,461,0,5,456,110,201,58,17,19,1,3,7,3,1,1,0,0,0,0,0,0,0,0,22,5,0,8,0
2014-05-25,Europawahl,5911000,3103,1325,1031,294,0,459,0,7,452,97,208,43,8,31,0,7,5,5,0,1,0,0,1,1,1,0,0,0,33,1,1,3,6
2014-05-25,Europawahl,5911000,3104,1064,928,136,0,371,0,7,364,74,159,29,11,21,2,7,8,0,0,9,0,0,0,0,1,0,0,1,22,8,0,12,0
2014-05-25,Europawahl,5911000,3105,1041,903,138,0,387,1,4,383,96,168,32,8,25,0,6,6,3,8,1,4,0,1,0,0,0,0,0,18,3,0,2,2
2014-05-25,Europawahl,5911000,3106,997,930,67,0,311,0,7,304,81,147,22,5,18,1,2,4,2,0,2,2,0,0,0,0,0,0,0,8,0,0,10,0
2014-05-25,Europawahl,5911000,3107,1284,1121,163,0,433,0,8,425,89,191,47,6,24,2,7,4,2,3,0,1,1,0,0,0,0,2,1,28,5,1,6,5
2014-05-25,Europawahl,5911000,3108,1065,955,110,0,368,1,6,362,81,170,27,7,21,3,6,8,4,3,2,2,1,1,0,2,0,0,0,14,2,0,7,1
2014-05-25,Europawahl,5911000,3201,1274,1075,199,0,467,0,1,466,111,215,46,11,16,0,7,7,5,4,0,0,2,0,0,1,0,0,0,31,3,1,6,0
2014-05-25,Europawahl,5911000,3202,1175,988,187,0,423,0,2,421,117,192,30,9,14,0,2,4,0,2,0,0,0,0,0,0,0,0,0,33,3,2,8,5
2014-05-25,Europawahl,5911000,3203,1071,888,183,0,383,0,9,374,119,158,25,9,16,1,4,4,5,3,0,0,0,0,0,0,0,0,0,20,4,1,3,2
2014-05-25,Europawahl,5911000,3204,1154,954,200,0,394,0,1,393,96,157,35,16,25,1,9,5,2,3,2,0,0,1,0,0,0,0,0,22,6,0,4,9
2014-05-25,Europawahl,5911000,3205,1200,1098,102,0,378,0,6,372,72,177,23,7,22,1,6,6,4,3,1,3,3,1,0,2,0,0,0,26,7,0,5,3
2014-05-25,Europawahl,5911000,3206,1256,1071,185,0,424,0,4,420,93,182,49,15,30,1,6,5,2,2,0,0,1,0,0,0,0,0,0,24,2,0,2,6
2014-05-25,Europawahl,5911000,3207,1185,983,202,0,290,0,6,284,66,111,29,8,23,1,3,5,0,1,1,0,0,0,0,0,1,0,0,19,4,0,11,1
2014-05-25,Europawahl,5911000,3208,1324,1109,215,0,455,0,6,449,93,211,37,8,25,1,12,7,3,2,1,0,0,1,0,1,0,0,0,38,2,0,4,3
2014-05-25,Europawahl,5911000,3209,1095,954,141,0,332,0,1,331,67,152,31,8,26,1,4,4,4,1,3,0,0,0,0,0,0,1,0,17,8,0,1,3
2014-05-25,Europawahl,5911000,3301,919,800,119,0,289,0,10,279,47,114,39,8,24,3,3,5,5,5,0,0,0,0,1,0,0,0,0,11,3,0,11,0
2014-05-25,Europawahl,5911000,3302,1094,956,138,0,376,1,3,373,78,176,24,18,24,0,2,6,4,3,0,0,0,0,0,0,2,0,0,28,3,0,3,2
2014-05-25,Europawahl,5911000,3303,1155,1013,142,0,380,0,7,373,72,165,43,14,25,0,2,10,1,0,0,0,0,0,0,1,0,0,0,27,2,0,4,7
2014-05-25,Europawahl,5911000,3304,967,881,86,0,289,0,4,285,56,114,29,3,39,1,4,10,1,0,2,0,2,0,0,0,1,0,0,11,5,0,7,0
2014-05-25,Europawahl,5911000,3305,1321,1093,228,0,448,0,6,442,115,174,51,12,30,3,4,9,3,4,1,0,0,1,0,1,0,0,0,21,9,1,2,1
2014-05-25,Europawahl,5911000,3306,939,796,143,0,324,0,5,319,88,131,37,2,17,0,6,5,5,0,0,0,0,0,1,0,0,0,0,17,7,0,3,0
2014-05-25,Europawahl,5911000,3307,1165,1060,105,0,360,0,6,354,101,152,16,9,33,0,2,7,1,2,1,0,0,0,0,1,0,1,0,20,3,1,2,2
2014-05-25,Europawahl,5911000,3308,1063,928,135,0,378,0,11,367,97,158,22,12,26,2,7,6,2,2,1,1,1,0,0,0,0,0,0,15,7,0,5,3
2014-05-25,Europawahl,5911000,4101,1215,1056,159,0,391,1,2,389,95,172,26,7,33,1,3,6,0,4,0,4,0,0,0,0,0,0,0,21,7,1,9,0
2014-05-25,Europawahl,5911000,4102,1125,953,172,0,406,0,5,401,103,188,23,8,24,1,11,11,2,4,0,0,2,1,1,0,0,0,0,10,3,5,2,2
2014-05-25,Europawahl,5911000,4103,1009,893,116,0,352,0,7,345,85,154,20,5,32,1,3,11,2,0,0,4,0,0,0,0,0,0,0,16,6,3,1,2
2014-05-25,Europawahl,5911000,4104,1176,996,180,0,388,1,6,382,81,163,52,13,26,1,4,8,3,1,0,0,0,0,0,1,0,0,0,16,3,2,6,2
2014-05-25,Europawahl,5911000,4105,951,814,137,0,346,0,6,340,79,144,38,2,24,1,8,0,2,7,1,0,0,0,0,0,0,0,0,22,6,0,4,2
2014-05-25,Europawahl,5911000,4106,965,866,99,0,309,1,3,306,58,149,17,5,25,3,5,7,2,2,1,0,0,0,2,0,0,0,1,21,1,0,4,3
2014-05-25,Europawahl,5911000,4107,963,860,103,0,280,0,6,274,47,101,29,4,24,0,8,6,3,5,1,0,1,0,0,0,0,0,0,24,9,0,7,5
2014-05-25,Europawahl,5911000,4201,1104,964,140,0,347,1,6,341,80,157,28,7,18,1,8,7,0,5,2,0,1,1,0,0,0,0,0,17,6,0,2,1
2014-05-25,Europawahl,5911000,4202,1177,1072,105,0,366,0,9,357,79,143,26,3,26,2,10,5,4,3,4,1,0,0,0,0,0,0,0,32,9,1,8,1
2014-05-25,Europawahl,5911000,4203,1183,1057,126,0,359,1,4,355,95,170,22,4,29,0,3,2,1,1,0,0,0,0,0,0,0,0,0,15,3,0,8,2
2014-05-25,Europawahl,5911000,4204,934,837,97,0,259,0,4,255,41,106,24,6,20,1,6,6,3,4,0,0,3,0,2,0,0,0,0,22,3,1,7,0
2014-05-25,Europawahl,5911000,4205,1226,1058,168,0,419,0,5,414,103,157,38,15,26,1,3,7,3,1,0,0,1,1,0,0,0,0,0,35,5,1,8,9
2014-05-25,Europawahl,5911000,4206,1036,933,103,0,356,0,9,347,70,183,23,12,14,1,9,2,1,1,0,0,1,0,0,0,0,0,0,16,4,1,7,2
2014-05-25,Europawahl,5911000,4207,1078,910,168,0,352,0,3,349,79,166,22,6,27,1,5,7,1,1,0,0,0,0,0,0,0,0,0,21,3,3,4,3
2014-05-25,Europawahl,5911000,4208,986,907,79,0,273,0,5,268,54,113,19,7,20,0,6,8,3,1,2,0,1,0,1,0,0,2,0,16,9,0,3,3
2014-05-25,Europawahl,5911000,4301,1062,945,117,0,355,0,3,352,63,155,46,2,41,0,4,11,0,2,0,0,0,0,0,0,0,0,0,19,3,1,3,2
2014-05-25,Europawahl,5911000,4302,1320,1142,178,0,436,0,6,430,75,154,72,7,45,1,10,10,1,2,0,0,6,1,0,0,0,0,0,22,11,0,3,10
2014-05-25,Europawahl,5911000,4303,1117,995,122,0,401,1,4,397,73,155,44,10,48,0,8,7,1,0,1,1,6,0,0,1,0,0,0,28,3,2,5,4
2014-05-25,Europawahl,5911000,4304,1247,1156,91,0,436,0,7,429,48,156,74,1,49,3,10,17,4,3,0,3,0,0,0,2,0,0,0,22,8,10,6,13
2014-05-25,Europawahl,5911000,4305,1307,1113,194,0,363,0,3,360,73,170,40,8,21,0,6,9,2,0,1,0,0,1,0,0,0,0,0,20,4,0,3,2
2014-05-25,Europawahl,5911000,4306,1056,937,119,0,382,0,9,373,114,154,23,10,23,4,1,7,1,2,0,0,0,0,0,0,0,0,0,20,11,1,1,1
2014-05-25,Europawahl,5911000,4401,1162,1027,135,0,470,0,4,466,87,168,74,10,54,2,5,9,2,0,1,0,0,0,0,1,0,1,1,29,6,7,1,8
2014-05-25,Europawahl,5911000,4402,1267,1108,159,0,515,3,2,513,91,174,101,18,50,1,12,13,1,3,4,0,0,0,0,0,0,0,0,25,7,3,2,8
2014-05-25,Europawahl,5911000,4403,1184,1052,132,0,367,0,6,361,59,174,46,5,28,0,5,7,3,0,1,0,1,1,0,0,0,0,0,20,1,3,2,5
2014-05-25,Europawahl,5911000,4404,1365,1163,202,0,465,0,8,457,87,199,57,7,28,3,15,13,1,1,0,0,3,0,0,0,0,0,0,25,7,1,8,2
2014-05-25,Europawahl,5911000,4405,1158,1022,136,0,328,0,5,323,61,160,27,6,22,3,2,5,0,2,1,0,0,1,0,1,0,0,0,21,5,0,3,3
2014-05-25,Europawahl,5911000,4406,1360,1214,146,0,497,0,13,484,113,218,55,6,24,6,17,7,1,1,1,0,2,0,0,0,0,0,0,17,9,0,2,5
2014-05-25,Europawahl,5911000,4501,1098,997,101,0,493,0,8,485,105,197,61,8,53,1,5,6,1,1,3,0,3,2,0,0,1,0,1,31,3,1,1,1
2014-05-25,Europawahl,5911000,4502,1226,1109,117,0,377,0,6,371,47,180,32,7,40,0,6,6,3,3,1,0,4,0,1,0,0,0,0,23,10,1,5,2
2014-05-25,Europawahl,5911000,4503,1188,1015,173,0,459,0,2,457,79,174,71,6,43,1,16,8,3,3,0,3,1,0,0,0,0,0,1,34,3,3,7,1
2014-05-25,Europawahl,5911000,4504,1185,973,212,0,456,0,1,455,104,188,67,16,31,0,8,13,1,1,0,0,3,1,1,1,0,0,0,13,0,1,4,2
2014-05-25,Europawahl,5911000,4505,996,888,108,0,332,2,9,323,72,138,34,7,29,0,3,10,3,2,0,0,0,0,0,1,0,0,0,16,1,2,4,1
2014-05-25,Europawahl,5911000,4506,991,809,182,0,379,3,3,376,91,118,77,13,34,0,1,3,1,1,0,0,5,1,1,1,0,0,0,21,2,0,3,3
2014-05-25,Europawahl,5911000,4507,1302,1123,179,0,530,1,11,519,129,188,85,15,40,1,9,11,4,2,3,0,1,0,0,0,0,0,0,22,3,1,2,3
2014-05-25,Europawahl,5911000,4508,1320,1072,248,0,445,0,9,436,100,148,60,13,36,0,9,7,3,5,0,1,2,0,1,0,0,0,1,31,13,1,2,3
2014-05-25,Europawahl,5911000,5101,1061,850,211,0,438,0,3,435,100,164,71,8,25,0,5,9,5,1,1,1,2,0,0,0,0,0,0,27,2,1,2,11
2014-05-25,Europawahl,5911000,5102,960,807,153,0,368,0,1,367,76,149,69,9,20,0,3,6,4,1,0,0,1,0,0,0,0,0,0,19,7,0,0,3
2014-05-25,Europawahl,5911000,5103,1214,1026,188,0,472,0,6,466,100,180,67,16,49,0,10,10,3,2,0,0,0,0,0,0,0,0,0,22,4,0,2,1
2014-05-25,Europawahl,5911000,5104,1141,871,270,0,387,3,3,384,100,137,63,8,37,0,3,9,2,1,0,0,1,0,0,0,0,0,0,15,2,0,3,3
2014-05-25,Europawahl,5911000,5105,1186,998,188,0,553,0,13,540,162,214,63,22,31,0,4,8,1,1,0,0,2,0,1,0,0,0,0,20,3,1,3,4
2014-05-25,Europawahl,5911000,5106,1089,952,137,0,436,0,6,430,118,144,71,17,27,0,4,10,1,2,0,2,1,1,0,0,0,0,0,23,1,1,2,5
2014-05-25,Europawahl,5911000,5107,1461,1212,249,0,554,4,7,547,156,211,61,19,33,0,7,15,0,1,0,0,0,1,0,0,0,0,2,28,6,1,5,1
2014-05-25,Europawahl,5911000,5108,1058,894,164,0,452,2,4,448,118,160,63,27,25,0,6,8,0,1,1,1,2,0,0,0,0,0,0,29,1,0,1,5
2014-05-25,Europawahl,5911000,5109,1185,971,214,0,518,0,2,516,101,167,128,17,43,1,7,6,2,0,0,0,1,0,0,0,0,0,0,30,4,3,1,5
2014-05-25,Europawahl,5911000,5201,1002,780,222,0,498,0,5,493,143,155,99,22,25,1,11,5,0,0,1,2,1,0,0,0,0,0,0,23,0,0,2,3
2014-05-25,Europawahl,5911000,5202,1095,873,222,0,487,0,7,480,147,163,72,19,27,1,11,7,2,0,1,0,1,0,0,0,1,0,1,16,2,1,6,2
2014-05-25,Europawahl,5911000,5203,944,807,137,0,359,0,2,357,96,136,36,8,31,0,6,7,2,1,1,0,0,3,0,0,0,0,0,22,1,0,4,3
2014-05-25,Europawahl,5911000,5204,951,721,230,0,315,1,3,312,66,109,53,14,15,5,7,5,1,1,0,0,1,0,0,1,0,0,0,19,5,1,1,8
2014-05-25,Europawahl,5911000,5205,990,787,203,0,406,3,7,399,123,127,51,18,30,1,5,7,3,0,1,1,2,0,1,1,0,0,1,20,2,0,2,3
2014-05-25,Europawahl,5911000,5206,684,565,119,0,268,0,3,265,77,83,39,7,31,1,2,1,1,1,0,0,3,0,0,0,0,0,0,11,2,2,1,3
2014-05-25,Europawahl,5911000,5207,793,703,90,0,236,1,3,233,50,85,25,9,41,1,2,3,0,0,1,2,0,0,0,0,0,0,0,11,2,0,0,1
2014-05-25,Europawahl,5911000,5208,836,728,108,0,221,0,5,216,45,86,14,7,32,3,2,10,0,0,2,0,0,1,0,0,0,0,0,8,1,1,1,3
2014-05-25,Europawahl,5911000,5209,503,426,77,0,190,0,0,190,31,48,42,8,33,0,2,7,1,0,0,1,1,0,0,0,0,0,0,8,0,1,1,6
2014-05-25,Europawahl,5911000,5210,1152,956,196,0,538,0,2,536,96,162,137,22,42,0,8,19,1,0,0,0,2,0,0,0,0,1,0,28,4,0,2,12
2014-05-25,Europawahl,5911000,5301,1002,874,128,0,375,0,3,372,76,115,51,17,69,0,5,10,0,2,0,0,0,0,2,0,0,1,0,18,0,1,2,3
2014-05-25,Europawahl,5911000,5302,1138,971,167,0,540,1,10,530,106,176,101,17,42,0,8,14,2,2,0,2,4,14,1,2,0,1,0,31,1,2,4,0
2014-05-25,Europawahl,5911000,5303,786,740,46,0,283,0,4,279,38,104,43,1,60,1,2,10,1,1,0,0,2,1,0,1,0,0,0,7,1,3,1,2
2014-05-25,Europawahl,5911000,5304,1170,960,210,0,473,2,3,470,109,163,70,17,55,2,5,8,0,1,0,0,1,1,0,0,1,0,1,25,0,0,4,7
2014-05-25,Europawahl,5911000,5305,985,816,169,0,425,0,5,420,85,156,77,16,44,0,8,7,1,0,0,0,0,1,1,1,0,0,0,18,0,0,2,3
2014-05-25,Europawahl,5911000,5306,793,717,76,0,248,1,5,243,28,84,40,8,46,0,5,8,0,0,1,0,1,0,0,0,0,0,0,17,1,0,0,4
2014-05-25,Europawahl,5911000,5307,712,606,106,0,287,0,2,285,52,99,55,8,27,0,9,11,2,3,1,0,0,0,0,0,0,0,0,12,1,0,2,3
2014-05-25,Europawahl,5911000,5401,1197,936,261,0,479,1,3,476,129,146,68,33,32,0,3,11,2,2,2,0,2,5,2,0,0,0,1,33,1,0,0,4
2014-05-25,Europawahl,5911000,5402,1253,956,297,0,465,1,7,458,163,137,65,34,9,1,2,2,1,4,0,1,0,0,0,0,0,1,0,31,1,3,0,3
2014-05-25,Europawahl,5911000,5403,1142,862,280,0,483,2,4,479,165,142,57,27,18,0,8,6,1,4,0,2,2,0,2,0,0,0,0,39,2,0,1,3
2014-05-25,Europawahl,5911000,5404,1181,856,325,0,409,2,3,406,133,137,54,31,17,0,4,3,0,1,0,0,0,0,0,1,0,0,0,20,1,0,2,2
2014-05-25,Europawahl,5911000,5405,1284,1009,275,0,562,4,6,556,201,184,52,40,27,0,2,6,1,5,0,1,1,0,0,0,0,0,0,30,4,0,2,0
2014-05-25,Europawahl,5911000,5406,1279,1024,255,0,594,1,4,590,172,206,77,40,22,1,7,3,4,5,0,0,0,0,1,1,0,0,0,49,0,0,2,0
2014-05-25,Europawahl,5911000,5407,1151,911,240,0,532,1,5,527,178,176,73,31,11,0,5,7,1,1,0,0,0,0,0,0,1,0,1,34,2,0,0,6
2014-05-25,Europawahl,5911000,5408,1064,836,228,0,474,0,1,473,157,167,58,24,22,1,4,4,2,1,0,1,1,2,1,2,0,0,0,21,1,0,2,2
2014-05-25,Europawahl,5911000,5409,1139,874,265,0,497,3,4,493,165,163,66,31,21,0,2,10,2,3,1,0,0,0,0,0,0,0,0,24,3,0,0,2
2014-05-25,Europawahl,5911000,6101,1287,1053,234,0,435,4,3,432,87,157,66,6,42,1,7,10,2,2,1,0,2,0,0,1,0,0,0,31,3,1,6,7
2014-05-25,Europawahl,5911000,6102,1275,1068,207,0,552,1,3,549,140,179,105,21,34,0,7,15,1,4,1,0,3,0,0,0,0,0,0,27,0,0,4,8
2014-05-25,Europawahl,5911000,6103,1108,1004,104,0,395,0,7,388,69,172,41,5,32,2,2,14,0,1,0,0,1,0,0,0,1,0,0,33,2,2,5,6
2014-05-25,Europawahl,5911000,6104,1002,869,133,0,304,1,5,299,47,159,20,7,30,0,2,4,2,2,1,0,0,0,0,1,0,0,1,15,3,2,3,0
2014-05-25,Europawahl,5911000,6105,1105,868,237,0,275,0,4,271,54,149,15,5,13,0,3,6,2,1,3,0,0,0,0,0,0,0,0,11,3,0,4,2
2014-05-25,Europawahl,5911000,6106,988,798,190,0,275,0,4,271,54,149,15,5,13,0,3,6,2,1,3,0,0,0,0,0,0,0,0,11,3,0,4,2
2014-05-25,Europawahl,5911000,6201,1263,1086,177,0,507,1,10,497,143,182,68,23,29,0,5,9,3,1,0,0,0,1,0,0,0,0,1,18,3,4,2,5
2014-05-25,Europawahl,5911000,6202,1251,958,293,0,451,2,7,444,109,174,57,14,29,1,4,12,1,1,2,0,0,0,1,0,0,0,0,27,2,0,3,7
2014-05-25,Europawahl,5911000,6203,1305,1096,209,0,603,1,4,599,193,223,92,12,26,0,12,6,1,3,0,1,1,0,0,0,0,0,0,25,2,0,1,1
2014-05-25,Europawahl,5911000,6204,1161,885,276,0,386,3,5,381,90,170,50,6,23,1,4,6,1,2,2,1,1,0,1,0,1,0,0,18,1,0,0,3
2014-05-25,Europawahl,5911000,6205,1214,927,287,0,410,4,3,407,106,158,41,26,22,2,8,1,1,0,0,0,2,0,0,0,0,0,0,32,3,2,1,2
2014-05-25,Europawahl,5911000,6206,1294,1001,293,0,500,0,4,496,163,195,44,14,16,0,7,2,5,3,1,0,0,0,0,0,0,0,0,42,1,0,2,1
2014-05-25,Europawahl,5911000,6207,1156,983,173,0,483,0,5,478,154,174,47,19,18,2,4,8,2,5,1,0,3,0,0,0,0,0,0,36,4,0,0,1
2014-05-25,Europawahl,5911000,6301,1266,1046,220,0,527,0,7,520,114,207,56,13,36,0,12,17,7,5,1,1,1,0,1,1,0,0,0,36,4,0,7,1
2014-05-25,Europawahl,5911000,6302,1390,1144,246,0,550,0,9,541,148,213,68,22,28,2,9,7,0,2,0,0,1,0,0,0,0,1,0,28,3,0,6,3
2014-05-25,Europawahl,5911000,6303,1220,951,269,0,445,0,3,442,88,191,51,15,24,0,8,9,5,2,0,1,1,0,0,0,0,0,0,36,0,0,3,8
2014-05-25,Europawahl,5911000,6304,1285,968,317,0,565,1,8,557,169,211,73,16,15,2,9,5,1,3,0,0,2,0,0,0,0,0,0,36,7,0,4,4
2014-05-25,Europawahl,5911000,6305,1317,1020,297,0,468,2,4,464,96,206,73,19,25,1,7,8,1,1,1,0,2,2,0,1,0,0,0,14,2,0,2,3
2014-05-25,Europawahl,5911000,6306,1142,915,227,0,520,1,7,513,165,181,61,17,18,1,13,4,2,3,2,2,2,0,0,0,0,0,0,33,6,1,2,0
2014-05-25,Europawahl,5911000,6307,1181,919,262,0,479,2,8,471,128,194,60,22,21,0,4,2,2,0,1,0,0,0,1,0,1,0,0,30,1,0,2,2
2014-05-25,Europawahl,5911000,6308,1237,1042,195,0,491,1,3,488,136,217,29,15,27,2,9,2,3,4,0,0,0,0,0,0,0,0,0,28,10,0,5,1
2014-05-25,Europawahl,5911000,6401,1227,1043,184,0,444,0,4,440,109,181,52,24,21,0,8,4,0,2,0,1,0,0,1,2,0,0,1,26,3,0,3,2
2014-05-25,Europawahl,5911000,6402,1348,1167,181,0,523,0,9,514,117,227,69,8,28,0,4,7,2,0,1,1,1,0,1,0,1,0,0,34,0,1,5,7
2014-05-25,Europawahl,5911000,6403,1115,982,133,0,467,0,8,459,107,207,59,12,20,2,4,7,4,2,1,1,3,1,1,2,0,0,0,20,3,0,1,2
2014-05-25,Europawahl,5911000,6404,1277,1067,210,0,471,0,6,465,120,193,53,15,26,0,4,9,4,1,0,1,3,1,0,1,0,0,0,19,7,0,7,1
2014-05-25,Europawahl,5911000,6405,1259,1094,165,0,454,0,4,450,113,211,47,8,31,0,5,5,1,2,0,0,1,0,0,1,0,0,0,19,2,2,0,2
2014-05-25,Europawahl,5911000,6406,1147,969,178,0,476,1,4,472,164,164,39,13,32,2,4,12,1,2,0,0,1,0,0,1,0,0,0,29,4,0,3,1
2014-05-25,Europawahl,5911000,6407,1178,1019,159,0,473,0,6,467,108,225,40,10,39,1,2,9,2,1,1,0,1,0,0,0,0,0,0,22,4,0,1,1
2014-05-25,Europawahl,5911000,6501,1141,959,182,0,447,2,4,443,109,209,54,5,12,1,7,4,2,0,1,0,0,0,0,1,0,0,0,29,3,0,3,3
2014-05-25,Europawahl,5911000,6502,940,713,227,0,393,1,4,389,118,152,46,10,18,0,2,5,0,0,4,0,1,0,0,2,0,0,0,22,5,0,3,1
2014-05-25,Europawahl,5911000,6503,1294,1021,273,0,517,2,6,511,133,206,67,14,30,1,12,5,1,5,0,0,0,0,0,0,0,0,0,28,1,0,2,6
2014-05-25,Europawahl,5911000,6504,1141,1029,112,0,498,2,5,493,135,206,64,14,22,1,9,7,0,0,1,0,2,1,0,1,0,0,1,21,1,0,3,4
2014-05-25,Europawahl,5911000,6505,994,829,165,0,401,1,0,401,117,155,57,11,23,0,4,2,0,1,1,1,0,0,0,0,1,0,0,21,3,0,2,2
2014-05-25,Europawahl,5911000,6506,1073,861,212,0,405,0,8,397,97,175,52,13,29,0,5,6,1,0,1,1,0,0,0,0,1,0,0,8,0,1,6,1
2014-05-25,Europawahl,5911000,6507,1101,960,141,0,441,1,9,432,78,192,58,10,34,0,6,10,4,3,4,0,0,0,0,0,0,0,0,27,1,1,1,3
2014-05-25,Europawahl,5911000,6508,995,902,93,0,355,1,4,351,63,164,50,6,29,2,2,5,3,1,0,0,0,0,0,0,0,0,0,12,2,0,5,7
2014-05-25,Europawahl,5911000,6509,1047,882,165,0,385,1,4,381,94,148,50,16,33,0,2,10,2,1,1,0,0,0,0,0,0,1,0,20,1,0,0,2
2014-05-25,Europawahl,5911000,9101,0,0,0,0,324,324,4,320,80,141,35,7,16,0,2,4,2,0,1,0,0,0,0,0,1,0,0,26,4,0,1,0
2014-05-25,Europawahl,5911000,9102,0,0,0,0,348,348,3,345,99,128,45,16,14,0,4,4,0,1,1,0,3,1,1,0,0,0,0,15,1,0,7,5
2014-05-25,Europawahl,5911000,9103,0,0,0,0,250,250,2,248,85,91,20,15,9,2,4,5,1,0,0,0,0,0,0,0,0,0,0,9,4,1,0,2
2014-05-25,Europawahl,5911000,9104,0,0,0,0,278,278,1,277,108,77,36,25,12,0,3,3,0,0,0,0,2,0,0,0,0,0,0,11,0,0,0,0
2014-05-25,Europawahl,5911000,9105,0,0,0,0,215,215,0,215,63,76,22,12,11,1,5,4,0,0,0,0,0,1,0,2,1,0,0,13,2,0,1,1
2014-05-25,Europawahl,5911000,9111,0,0,0,0,348,348,2,346,103,151,27,6,20,1,4,2,0,2,1,0,0,0,0,0,0,0,0,24,3,0,1,1
2014-05-25,Europawahl,5911000,9112,0,0,0,0,227,227,2,225,66,101,16,3,20,0,4,5,0,0,0,0,0,0,0,1,0,0,0,6,2,0,0,1
2014-05-25,Europawahl,5911000,9113,0,0,0,0,376,376,2,374,113,134,37,14,34,0,6,10,0,4,2,0,1,0,1,0,0,0,0,9,2,0,4,3
2014-05-25,Europawahl,5911000,9114,0,0,0,0,406,406,24,382,103,174,38,18,17,1,3,3,1,1,5,0,0,0,0,0,0,0,0,13,2,0,2,1
2014-05-25,Europawahl,5911000,9121,0,0,0,0,289,289,1,288,63,106,50,5,27,0,6,7,1,0,1,0,0,0,0,2,0,0,0,9,7,0,0,4
2014-05-25,Europawahl,5911000,9122,0,0,0,0,246,246,3,243,82,67,37,14,14,2,6,6,1,2,0,0,0,0,0,0,0,0,0,7,1,0,1,3
2014-05-25,Europawahl,5911000,9123,0,0,0,0,282,282,2,280,64,93,58,3,26,0,4,6,1,0,2,0,1,0,0,0,0,0,0,12,5,0,3,2
2014-05-25,Europawahl,5911000,9124,0,0,0,0,316,316,3,313,80,122,47,7,13,0,5,10,1,1,0,0,0,0,0,0,0,0,0,16,4,0,1,6
2014-05-25,Europawahl,5911000,9125,0,0,0,0,200,200,2,198,59,69,33,5,11,0,2,4,0,0,0,0,0,0,0,0,0,0,0,9,1,0,1,4
2014-05-25,Europawahl,5911000,9131,0,0,0,0,389,389,5,384,100,119,68,18,29,0,6,8,2,1,0,0,3,0,0,0,0,0,0,22,2,1,0,5
2014-05-25,Europawahl,5911000,9132,0,0,0,0,324,324,3,321,67,111,70,15,29,0,3,4,2,1,1,0,1,0,0,0,0,0,0,6,1,0,4,6
2014-05-25,Europawahl,5911000,9133,0,0,0,0,422,422,3,419,137,133,56,25,22,0,5,4,1,2,1,0,1,0,2,1,0,0,0,20,1,0,3,5
2014-05-25,Europawahl,5911000,9134,0,0,0,0,198,198,5,193,46,89,22,9,8,0,3,1,0,0,0,0,0,0,1,0,0,0,0,7,1,0,0,6
2014-05-25,Europawahl,5911000,9141,0,0,0,0,372,372,10,362,104,110,67,14,29,2,8,18,0,0,3,0,0,0,0,0,0,0,0,3,0,0,1,3
2014-05-25,Europawahl,5911000,9142,0,0,0,0,620,620,3,617,172,189,111,32,36,2,13,11,2,1,0,2,1,0,1,2,0,0,0,29,6,1,2,4
2014-05-25,Europawahl,5911000,9144,0,0,0,0,188,188,1,187,51,57,43,5,11,0,0,4,0,0,0,0,0,1,0,0,0,1,0,11,0,0,1,2
2014-05-25,Europawahl,5911000,9145,0,0,0,0,222,222,2,220,78,89,18,8,9,0,2,3,0,0,0,0,0,0,0,0,0,0,0,11,1,0,1,0
2014-05-25,Europawahl,5911000,9151,0,0,0,0,254,254,6,248,65,88,28,10,14,0,9,6,1,2,0,0,1,0,0,0,0,0,0,18,2,0,0,4
2014-05-25,Europawahl,5911000,9152,0,0,0,0,216,216,0,216,53,92,26,5,10,0,5,7,1,0,2,1,0,1,0,0,0,0,0,8,3,0,0,2
2014-05-25,Europawahl,5911000,9153,0,0,0,0,235,235,6,229,52,87,27,5,18,1,9,7,2,1,0,0,0,0,1,0,1,0,1,9,2,0,4,2
2014-05-25,Europawahl,5911000,9154,0,0,0,0,211,211,1,210,52,92,27,4,12,0,3,1,1,1,0,1,0,0,0,0,0,0,0,12,2,0,0,2
2014-05-25,Europawahl,5911000,9161,0,0,0,0,473,473,8,465,121,206,39,12,25,6,3,8,1,4,2,0,2,0,0,0,0,0,0,30,2,0,2,2
2014-05-25,Europawahl,5911000,9162,0,0,0,0,111,111,2,109,27,58,5,2,6,0,3,0,1,0,0,0,0,0,0,0,0,0,0,5,1,0,1,0
2014-05-25,Europawahl,5911000,9163,0,0,0,0,358,358,6,352,88,162,33,6,20,1,0,5,0,1,1,2,1,0,0,0,0,1,0,24,1,0,4,2
2014-05-25,Europawahl,5911000,9171,0,0,0,0,289,289,1,288,98,121,17,9,11,0,5,4,2,2,0,0,2,0,2,0,0,0,0,8,3,0,2,2
2014-05-25,Europawahl,5911000,9172,0,0,0,0,306,306,7,299,92,126,23,5,17,0,4,1,0,1,3,0,1,0,0,0,0,0,0,17,4,0,4,1
2014-05-25,Europawahl,5911000,9173,0,0,0,0,316,316,11,305,86,135,25,12,14,0,2,5,0,1,1,0,1,1,1,1,0,0,0,9,5,1,5,0
2014-05-25,Europawahl,5911000,9181,0,0,0,0,330,330,2,328,84,146,22,5,20,0,7,5,1,2,2,0,0,1,1,0,0,0,0,23,3,0,2,4
2014-05-25,Europawahl,5911000,9182,0,0,0,0,312,312,3,309,55,161,21,5,24,0,11,7,0,0,2,0,0,0,0,0,0,0,0,15,2,0,3,3
2014-05-25,Europawahl,5911000,9183,0,0,0,0,323,323,4,319,86,134,21,5,20,1,6,5,2,1,1,4,0,0,0,0,0,0,0,17,3,0,7,6
2014-05-25,Europawahl,5911000,9211,0,0,0,0,266,266,1,265,80,97,11,4,13,0,10,4,6,2,2,1,1,0,0,0,0,0,0,21,5,1,6,1
2014-05-25,Europawahl,5911000,9212,0,0,0,0,252,252,1,251,80,77,28,12,9,1,2,0,0,0,2,0,0,1,0,0,0,0,0,27,6,0,4,2
2014-05-25,Europawahl,5911000,9213,0,0,0,0,230,230,4,226,60,91,16,7,10,0,4,3,2,3,0,0,1,0,1,1,0,2,0,20,1,0,3,1
2014-05-25,Europawahl,5911000,9221,0,0,0,0,294,294,3,291,92,119,19,9,15,2,4,2,3,0,0,0,1,0,0,0,0,0,0,24,1,0,0,0
2014-05-25,Europawahl,5911000,9222,0,0,0,0,271,271,5,266,95,99,17,4,15,1,6,2,2,0,3,0,0,0,1,0,0,0,1,18,1,0,1,0
2014-05-25,Europawahl,5911000,9223,0,0,0,0,216,216,5,211,64,100,8,9,8,1,5,0,0,0,0,0,0,0,0,0,0,0,0,14,2,0,0,0
2014-05-25,Europawahl,5911000,9224,0,0,0,0,352,352,4,348,92,155,29,12,13,1,2,5,2,4,4,0,0,0,0,0,0,0,0,21,6,0,2,0
2014-05-25,Europawahl,5911000,9231,0,0,0,0,206,206,1,205,68,81,7,4,20,0,4,0,1,1,1,0,0,0,0,1,0,0,0,14,1,1,0,1
2014-05-25,Europawahl,5911000,9232,0,0,0,0,205,205,4,201,51,69,14,5,20,0,3,4,1,2,1,0,1,0,0,1,0,0,0,18,4,0,4,3
2014-05-25,Europawahl,5911000,9233,0,0,0,0,213,213,4,209,75,74,19,11,7,1,1,1,0,0,0,0,0,0,0,0,0,0,0,16,2,0,2,0
2014-05-25,Europawahl,5911000,9241,0,0,0,0,233,233,5,228,60,104,26,5,11,0,3,3,0,0,1,0,0,0,0,0,0,1,0,10,1,0,1,2
2014-05-25,Europawahl,5911000,9242,0,0,0,0,310,310,4,306,80,127,23,11,16,0,4,3,3,1,0,0,0,1,1,0,0,0,1,25,6,0,4,0
2014-05-25,Europawahl,5911000,9243,0,0,0,0,263,263,13,250,81,98,18,6,13,1,4,4,1,0,2,0,0,0,1,0,0,0,0,18,1,0,2,0
2014-05-25,Europawahl,5911000,9251,0,0,0,0,278,278,2,276,78,115,12,5,10,2,7,5,3,1,0,0,2,1,0,0,0,0,0,27,5,0,2,1
2014-05-25,Europawahl,5911000,9252,0,0,0,0,279,279,4,275,56,154,13,3,11,1,4,1,4,0,2,0,0,0,1,1,1,0,0,18,1,0,3,1
2014-05-25,Europawahl,5911000,9253,0,0,0,0,244,244,2,242,59,106,16,12,8,0,4,4,0,0,3,0,0,0,0,0,0,0,0,20,3,2,3,2
2014-05-25,Europawahl,5911000,9254,0,0,0,0,288,288,4,284,85,115,23,6,10,0,2,2,2,1,2,0,0,0,1,0,0,0,1,25,4,0,5,0
2014-05-25,Europawahl,5911000,9261,0,0,0,0,230,230,0,230,65,94,16,17,10,0,2,2,1,0,0,0,0,0,0,0,0,0,0,15,3,1,3,1
2014-05-25,Europawahl,5911000,9262,0,0,0,0,339,339,5,334,92,138,19,11,20,1,8,4,0,1,0,1,0,1,0,1,0,1,0,26,2,0,5,3
2014-05-25,Europawahl,5911000,9263,0,0,0,0,259,259,5,254,84,94,19,15,10,0,2,6,4,0,0,0,0,0,0,0,0,0,0,14,1,0,2,3
2014-05-25,Europawahl,5911000,9264,0,0,0,0,482,482,6,476,150,198,39,28,13,1,6,2,3,2,0,0,1,0,0,0,0,0,0,30,1,0,1,1
2014-05-25,Europawahl,5911000,9265,0,0,0,0,265,265,1,264,97,88,17,19,9,0,2,2,1,0,1,0,0,0,1,0,0,0,0,22,4,0,1,0
2014-05-25,Europawahl,5911000,9271,0,0,0,0,354,354,13,341,120,124,32,13,4,0,2,3,3,1,5,0,1,1,1,1,1,0,0,26,1,0,2,0
2014-05-25,Europawahl,5911000,9272,0,0,0,0,374,374,6,368,105,157,34,5,13,2,6,3,2,0,2,0,0,0,0,0,0,0,0,24,10,1,2,2
2014-05-25,Europawahl,5911000,9273,0,0,0,0,368,368,1,367,122,149,35,13,13,0,1,3,1,0,2,0,0,0,0,0,0,0,1,20,4,0,2,1
2014-05-25,Europawahl,5911000,9311,0,0,0,0,329,329,9,320,84,139,31,17,11,1,8,3,1,1,1,0,1,0,0,0,0,0,0,15,4,0,1,2
2014-05-25,Europawahl,5911000,9312,0,0,0,0,414,414,7,407,98,195,25,22,14,0,10,0,0,2,3,0,0,0,0,0,0,0,0,27,5,0,4,2
2014-05-25,Europawahl,5911000,9313,0,0,0,0,259,259,4,255,56,121,24,14,7,0,3,3,2,2,0,0,1,1,1,0,0,0,0,18,1,0,1,0
2014-05-25,Europawahl,5911000,9314,0,0,0,0,281,281,4,277,53,147,16,8,17,0,4,6,1,0,3,0,0,1,1,0,0,0,0,11,2,0,2,5
2014-05-25,Europawahl,5911000,9321,0,0,0,0,357,357,3,354,73,177,22,14,26,1,4,2,1,0,1,0,0,0,0,0,1,0,0,26,5,0,0,1
2014-05-25,Europawahl,5911000,9322,0,0,0,0,355,355,6,349,85,162,23,12,14,0,11,3,0,0,2,2,0,0,0,0,0,0,0,27,4,0,2,2
2014-05-25,Europawahl,5911000,9323,0,0,0,0,267,267,7,260,76,108,18,9,12,0,6,5,4,0,3,0,0,0,0,1,0,0,0,12,3,0,3,0
2014-05-25,Europawahl,5911000,9324,0,0,0,0,181,181,1,180,52,91,11,4,6,0,1,2,0,0,1,0,0,0,0,0,0,0,0,11,0,0,0,1
2014-05-25,Europawahl,5911000,9325,0,0,0,0,329,329,5,324,76,162,21,14,7,0,5,3,6,1,2,0,0,1,0,0,1,0,1,20,2,0,1,1
2014-05-25,Europawahl,5911000,9331,0,0,0,0,231,231,2,229,54,95,18,8,18,0,5,3,1,2,0,0,0,0,0,0,0,0,0,12,4,0,7,2
2014-05-25,Europawahl,5911000,9332,0,0,0,0,268,268,2,266,89,111,12,12,11,1,4,3,0,3,1,1,0,0,0,0,0,0,0,12,3,1,2,0
2014-05-25,Europawahl,5911000,9333,0,0,0,0,287,287,5,282,84,130,17,14,10,0,0,0,0,0,1,0,1,0,0,0,0,0,0,20,3,0,0,2
2014-05-25,Europawahl,5911000,9334,0,0,0,0,219,219,4,215,44,117,10,3,8,2,2,3,2,1,4,0,0,0,0,0,0,0,0,16,2,0,1,0
2014-05-25,Europawahl,5911000,9411,0,0,0,0,301,301,3,298,75,142,22,11,14,1,6,1,1,0,2,0,0,0,0,0,0,0,0,16,4,1,2,0
2014-05-25,Europawahl,5911000,9412,0,0,0,0,183,183,2,181,39,67,19,5,13,2,4,4,1,5,3,1,0,0,0,0,0,0,0,11,0,0,3,4
2014-05-25,Europawahl,5911000,9413,0,0,0,0,390,390,6,384,101,162,14,11,27,3,5,7,1,2,3,1,1,0,2,0,1,0,0,31,6,0,4,2
2014-05-25,Europawahl,5911000,9421,0,0,0,0,196,196,4,192,74,72,5,5,5,3,6,2,2,0,1,0,0,0,0,0,0,0,1,10,3,0,1,2
2014-05-25,Europawahl,5911000,9422,0,0,0,0,210,210,2,208,49,93,16,4,20,1,5,2,1,1,1,0,0,0,0,0,0,0,0,13,0,0,2,0
2014-05-25,Europawahl,5911000,9423,0,0,0,0,248,248,2,246,62,104,27,8,12,0,7,4,1,2,0,0,1,0,0,0,0,0,0,13,1,0,2,2
2014-05-25,Europawahl,5911000,9424,0,0,0,0,250,250,1,249,55,117,25,8,11,0,6,5,1,1,1,0,0,0,0,0,1,0,0,7,2,1,7,1
2014-05-25,Europawahl,5911000,9431,0,0,0,0,222,222,8,214,53,90,9,9,9,1,3,3,2,1,0,0,2,0,0,0,0,0,0,24,2,0,6,0
2014-05-25,Europawahl,5911000,9432,0,0,0,0,285,285,2,283,64,116,30,10,21,3,6,7,0,1,1,0,0,0,0,0,1,0,0,12,7,0,3,1
2014-05-25,Europawahl,5911000,9433,0,0,0,0,252,252,4,248,57,93,40,4,18,1,2,7,3,0,1,0,1,0,0,0,0,0,0,16,2,0,2,1
2014-05-25,Europawahl,5911000,9441,0,0,0,0,307,307,2,305,61,129,33,5,21,1,4,8,4,1,0,1,2,0,0,0,0,0,0,25,4,1,2,3
2014-05-25,Europawahl,5911000,9442,0,0,0,0,145,145,2,143,28,68,20,0,14,1,1,2,0,0,0,0,1,0,0,0,0,0,0,4,1,0,2,1
2014-05-25,Europawahl,5911000,9443,0,0,0,0,376,376,9,367,103,148,25,14,16,1,7,3,1,2,6,0,0,2,0,0,0,1,0,29,8,0,1,0
2014-05-25,Europawahl,5911000,9451,0,0,0,0,291,291,1,290,77,116,31,11,20,0,6,8,1,0,1,0,1,0,0,1,0,0,0,14,3,0,0,0
2014-05-25,Europawahl,5911000,9452,0,0,0,0,270,270,4,266,54,120,31,8,17,1,2,2,2,1,1,0,0,0,0,0,0,0,0,20,4,0,2,1
2014-05-25,Europawahl,5911000,9453,0,0,0,0,332,332,4,328,89,132,44,9,22,0,6,6,1,1,0,0,0,0,0,0,0,0,0,14,0,1,2,1
2014-05-25,Europawahl,5911000,9454,0,0,0,0,325,325,1,324,88,119,31,13,30,1,5,6,0,1,0,1,0,0,0,0,0,0,0,24,2,1,0,2
2014-05-25,Europawahl,5911000,9511,0,0,0,0,360,360,3,357,94,146,49,15,14,0,6,4,1,0,0,1,1,0,1,0,0,0,0,20,1,0,3,1
2014-05-25,Europawahl,5911000,9512,0,0,0,0,355,355,2,353,91,146,36,17,25,0,4,3,2,1,0,0,0,0,1,0,0,0,0,20,5,0,0,2
2014-05-25,Europawahl,5911000,9513,0,0,0,0,322,322,1,321,106,101,34,17,25,0,6,3,2,4,0,0,0,0,0,0,0,0,0,20,3,0,0,0
2014-05-25,Europawahl,5911000,9514,0,0,0,0,239,239,1,238,69,93,31,13,8,0,3,3,0,0,0,0,0,0,0,1,0,0,0,11,2,0,1,3
2014-05-25,Europawahl,5911000,9515,0,0,0,0,314,314,2,312,98,115,38,9,15,0,4,5,2,0,2,0,1,0,1,0,0,0,0,13,4,1,1,3
2014-05-25,Europawahl,5911000,9521,0,0,0,0,388,388,10,378,115,117,57,22,21,0,5,9,2,0,0,0,0,0,0,0,0,0,0,22,1,0,2,5
2014-05-25,Europawahl,5911000,9522,0,0,0,0,343,343,5,338,112,129,31,12,18,1,5,6,0,1,0,0,0,3,0,0,0,0,0,19,0,0,1,0
2014-05-25,Europawahl,5911000,9523,0,0,0,0,381,381,6,375,102,143,43,16,24,1,7,8,0,0,0,0,1,0,0,0,0,1,0,20,2,0,2,5
2014-05-25,Europawahl,5911000,9524,0,0,0,0,374,374,3,371,129,135,40,11,15,1,4,3,0,1,1,0,0,0,0,0,0,0,0,24,3,0,0,4
2014-05-25,Europawahl,5911000,9531,0,0,0,0,428,428,4,424,109,142,49,22,32,0,7,15,1,0,1,3,1,0,0,0,0,0,0,33,1,0,3,5
2014-05-25,Europawahl,5911000,9532,0,0,0,0,201,201,1,200,36,71,40,12,15,0,5,4,0,1,2,0,1,0,0,0,0,0,0,12,1,0,0,0
2014-05-25,Europawahl,5911000,9533,0,0,0,0,198,198,3,195,48,71,22,12,16,0,1,6,0,0,0,0,0,0,2,0,0,0,0,16,0,0,0,1
2014-05-25,Europawahl,5911000,9541,0,0,0,0,249,249,3,246,98,89,27,9,1,0,2,0,0,0,0,0,0,3,0,0,0,0,0,10,0,0,2,5
2014-05-25,Europawahl,5911000,9542,0,0,0,0,273,273,1,272,101,87,21,22,16,0,3,1,2,0,0,0,0,0,0,0,1,0,0,14,2,0,1,1
2014-05-25,Europawahl,5911000,9543,0,0,0,0,261,261,2,259,108,87,17,19,6,0,2,2,0,0,3,0,1,0,0,0,0,0,0,10,2,0,1,1
2014-05-25,Europawahl,5911000,9544,0,0,0,0,302,302,7,295,92,103,37,25,7,0,5,3,0,0,2,0,0,0,0,0,0,0,0,19,1,0,0,1
2014-05-25,Europawahl,5911000,9545,0,0,0,0,248,248,2,246,89,69,27,15,6,0,2,4,0,0,2,1,2,0,0,0,0,0,0,28,0,0,1,0
2014-05-25,Europawahl,5911000,9546,0,0,0,0,234,234,1,233,99,81,15,19,4,0,1,1,2,0,0,0,0,0,0,0,0,0,0,10,1,0,0,0
2014-05-25,Europawahl,5911000,9547,0,0,0,0,218,218,3,215,85,61,19,22,7,0,2,1,0,0,0,0,1,0,0,0,0,0,0,16,1,0,0,0
2014-05-25,Europawahl,5911000,9548,0,0,0,0,198,198,1,197,72,72,16,11,7,0,2,2,0,1,2,0,0,0,2,0,0,0,0,9,1,0,0,0
2014-05-25,Europawahl,5911000,9549,0,0,0,0,230,230,0,230,75,78,27,23,11,0,0,3,0,0,0,0,0,0,0,0,0,0,0,11,1,0,1,0
2014-05-25,Europawahl,5911000,9611,0,0,0,0,304,304,3,301,62,137,32,8,18,0,7,5,2,0,0,0,1,0,0,0,0,0,0,24,1,0,2,2
2014-05-25,Europawahl,5911000,9612,0,0,0,0,310,310,3,307,76,129,40,15,17,0,3,3,0,1,0,0,2,1,0,1,0,0,0,18,0,0,0,1
2014-05-25,Europawahl,5911000,9613,0,0,0,0,396,396,2,394,101,190,32,15,17,0,8,6,1,0,0,0,0,0,1,1,0,0,0,13,6,0,3,0
2014-05-25,Europawahl,5911000,9621,0,0,0,0,328,328,9,319,93,127,33,15,16,1,2,3,0,0,0,0,0,0,0,0,0,0,0,26,1,0,0,2
2014-05-25,Europawahl,5911000,9622,0,0,0,0,273,273,2,271,65,119,37,14,15,0,2,6,0,0,0,0,0,0,0,0,0,0,0,9,1,0,2,1
2014-05-25,Europawahl,5911000,9623,0,0,0,0,196,196,5,191,65,71,17,11,4,0,3,3,0,3,0,0,0,0,0,0,0,0,0,13,0,0,0,1
2014-05-25,Europawahl,5911000,9624,0,0,0,0,245,245,2,243,63,120,9,7,12,1,1,4,2,0,4,0,0,0,0,0,0,0,0,12,1,0,7,0
2014-05-25,Europawahl,5911000,9625,0,0,0,0,261,261,3,258,94,89,30,14,9,1,2,1,1,0,0,0,0,0,1,0,1,0,0,14,0,0,0,1
2014-05-25,Europawahl,5911000,9626,0,0,0,0,275,275,1,274,91,108,25,14,5,1,3,2,0,1,1,0,1,0,1,0,0,0,0,17,1,0,2,1
2014-05-25,Europawahl,5911000,9631,0,0,0,0,423,423,10,413,137,137,38,25,14,1,5,6,1,2,1,0,0,0,0,0,0,0,1,41,3,0,1,0
2014-05-25,Europawahl,5911000,9632,0,0,0,0,225,225,3,222,61,100,20,13,7,0,3,0,1,3,1,0,0,0,0,0,0,0,0,11,1,0,0,1
2014-05-25,Europawahl,5911000,9633,0,0,0,0,420,420,3,417,138,174,23,15,25,1,3,3,1,1,0,1,0,0,0,0,0,0,0,26,0,1,3,2
2014-05-25,Europawahl,5911000,9634,0,0,0,0,295,295,5,290,90,100,28,20,10,0,5,2,0,3,2,0,2,0,1,0,0,0,0,24,3,0,0,0
2014-05-25,Europawahl,5911000,9635,0,0,0,0,272,272,1,271,89,110,25,9,15,0,7,2,0,1,0,0,0,0,0,0,0,0,0,10,0,1,0,2
2014-05-25,Europawahl,5911000,9636,0,0,0,0,243,243,4,239,74,98,20,7,12,0,8,1,1,0,1,0,0,0,0,0,0,0,0,10,1,0,4,2
2014-05-25,Europawahl,5911000,9641,0,0,0,0,363,363,8,355,122,138,21,10,21,1,2,5,0,3,0,0,2,0,0,3,0,0,0,19,2,0,3,3
2014-05-25,Europawahl,5911000,9642,0,0,0,0,338,338,2,336,91,155,27,11,16,0,6,1,3,0,3,0,1,1,0,1,0,0,0,17,2,0,1,0
2014-05-25,Europawahl,5911000,9643,0,0,0,0,433,433,8,425,123,170,27,21,17,2,12,2,2,3,2,0,2,0,1,0,0,0,0,34,5,0,1,1
2014-05-25,Europawahl,5911000,9651,0,0,0,0,299,299,1,298,67,135,27,7,10,1,5,6,0,0,0,5,1,0,0,0,0,0,0,29,2,0,2,1
2014-05-25,Europawahl,5911000,9652,0,0,0,0,444,444,3,441,144,186,32,20,19,1,6,1,1,0,2,1,1,1,0,2,0,0,0,20,1,0,2,1
2014-05-25,Europawahl,5911000,9653,0,0,0,0,252,252,3,249,74,92,20,11,14,1,1,2,0,0,3,0,1,0,0,0,0,0,0,27,2,0,1,0
2014-05-25,Europawahl,5911000,9654,0,0,0,0,298,298,11,287,65,133,33,7,15,1,6,2,3,0,0,1,1,0,1,0,0,1,0,14,0,0,2,2
2014-05-25,Europawahl,5911000,9655,0,0,0,0,145,145,2,143,48,65,14,4,5,0,1,1,0,0,0,0,0,0,0,0,0,0,0,4,0,0,1,0
