datetime,logger_id,name,latitude,longitude,pegel,wtemp,o,do,elL,hkBat,hkTemp,hkHum,year_month
2025-05-01 00:00:01,900541,Uemminger See,51.46932,7.29004,1.454,18.1,0,0,2375,3.658,16.61,47.8,2025-05
2025-05-01 00:00:01,900541,Uemminger See,51.46932,7.29004,1.454,18.1,0,0,2375,3.658,16.61,47.8,2025-05
2025-05-01 00:15:00,900541,Uemminger See,51.46932,7.29004,1.454,18.0,0,0,2394,3.641,16.41,47.7,2025-05
2025-05-01 00:30:00,900541,Uemminger See,51.46932,7.29004,1.454,18.0,0,0,2429,,,,2025-05
2025-05-01 00:45:00,900541,Uemminger See,51.46932,7.29004,1.455,18.0,0,0,2410,,,,2025-05
2025-05-01 01:00:01,900541,Uemminger See,51.46932,7.29004,1.455,18.0,0,0,2444,3.658,15.81,47.6,2025-05
2025-05-01 01:15:00,900541,Uemminger See,51.46932,7.29004,1.455,18.0,0,0,2419,3.639,15.69,47.5,2025-05
2025-05-01 01:30:00,900541,Uemminger See,51.46932,7.29004,1.455,18.0,0,0,2432,,,,2025-05
2025-05-01 01:45:00,900541,Uemminger See,51.46932,7.29004,1.455,18.1,0,0,2447,,,,2025-05
2025-05-01 02:00:01,900541,Uemminger See,51.46932,7.29004,1.455,18.0,0,0,2454,3.657,15.2,47.5,2025-05
2025-05-01 02:15:00,900541,Uemminger See,51.46932,7.29004,1.455,18.0,0,0,2447,3.638,15.06,47.4,2025-05
2025-05-01 02:30:00,900541,Uemminger See,51.46932,7.29004,1.455,18.0,0,0,2446,,,,2025-05
2025-05-01 02:45:00,900541,Uemminger See,51.46932,7.29004,1.455,18.0,0,0,2417,,,,2025-05
2025-05-01 03:00:01,900541,Uemminger See,51.46932,7.29004,1.455,18.0,0,0,2459,3.655,14.64,47.4,2025-05
2025-05-01 03:15:00,900541,Uemminger See,51.46932,7.29004,1.456,18.0,0,0,2494,3.636,14.58,47.3,2025-05
2025-05-01 03:30:00,900541,Uemminger See,51.46932,7.29004,1.456,18.0,0,0,2511,,,,2025-05
2025-05-01 03:45:00,900541,Uemminger See,51.46932,7.29004,1.455,18.0,0,0,2465,,,,2025-05
2025-05-01 04:00:00,900541,Uemminger See,51.46932,7.29004,1.455,18.0,0,0,2490,3.654,14.25,47.3,2025-05
2025-05-01 04:15:00,900541,Uemminger See,51.46932,7.29004,1.455,18.0,0,0,2464,3.633,14.22,47.2,2025-05
2025-05-01 04:30:00,900541,Uemminger See,51.46932,7.29004,1.455,18.0,0,0,2408,,,,2025-05
2025-05-01 04:45:00,900541,Uemminger See,51.46932,7.29004,1.455,18.0,0,0,2444,,,,2025-05
2025-05-01 05:00:01,900541,Uemminger See,51.46932,7.29004,1.456,18.0,0,0,2406,3.655,13.89,47.2,2025-05
2025-05-01 05:15:00,900541,Uemminger See,51.46932,7.29004,1.456,18.1,0,0,2381,3.628,13.86,47.1,2025-05
2025-05-01 05:30:00,900541,Uemminger See,51.46932,7.29004,1.456,18.1,0,0,2401,,,,2025-05
2025-05-01 05:45:00,900541,Uemminger See,51.46932,7.29004,1.456,18.1,0,0,2372,,,,2025-05
2025-05-01 06:00:01,900541,Uemminger See,51.46932,7.29004,1.457,18.1,0,0,2378,3.652,13.78,47.2,2025-05
2025-05-01 06:15:00,900541,Uemminger See,51.46932,7.29004,1.456,18.1,0,0,2352,3.634,13.9,47.2,2025-05
2025-05-01 06:30:00,900541,Uemminger See,51.46932,7.29004,1.456,18.1,0,0,2356,,,,2025-05
2025-05-01 06:45:00,900541,Uemminger See,51.46932,7.29004,1.455,18.2,0,0,2367,,,,2025-05
2025-05-01 07:00:00,900541,Uemminger See,51.46932,7.29004,1.455,18.2,0,0,2365,3.653,16.94,47.9,2025-05
2025-05-01 07:15:00,900541,Uemminger See,51.46932,7.29004,1.455,18.2,0,0,2352,3.633,18.95,47.8,2025-05
2025-05-01 07:30:00,900541,Uemminger See,51.46932,7.29004,1.455,18.2,0,0,2375,,,,2025-05
2025-05-01 07:45:00,900541,Uemminger See,51.46932,7.29004,1.455,18.3,0,0,2410,,,,2025-05
2025-05-01 08:00:01,900541,Uemminger See,51.46932,7.29004,1.456,18.2,0,0,2399,3.658,23.93,47.7,2025-05
2025-05-01 08:15:00,900541,Uemminger See,51.46932,7.29004,1.456,18.4,0,0,2410,3.643,25.34,47.9,2025-05
2025-05-01 08:30:00,900541,Uemminger See,51.46932,7.29004,1.456,18.4,0,0,2444,,,,2025-05
2025-05-01 08:45:00,900541,Uemminger See,51.46932,7.29004,1.456,18.3,0,0,2400,,,,2025-05
2025-05-01 09:00:01,900541,Uemminger See,51.46932,7.29004,1.456,18.4,0,0,2440,3.665,28.75,48.1,2025-05
2025-05-01 09:15:00,900541,Uemminger See,51.46932,7.29004,1.455,18.4,0,0,2407,3.647,29.7,48.1,2025-05
2025-05-01 09:30:00,900541,Uemminger See,51.46932,7.29004,1.456,18.4,0,0,2432,,,,2025-05
2025-05-01 09:45:00,900541,Uemminger See,51.46932,7.29004,1.456,18.5,0,0,2417,,,,2025-05
2025-05-01 10:00:00,900541,Uemminger See,51.46932,7.29004,1.456,18.5,0,0,2438,3.667,32.25,48.6,2025-05
2025-05-01 10:15:00,900541,Uemminger See,51.46932,7.29004,1.456,18.5,0,0,2449,3.651,32.61,48.7,2025-05
2025-05-01 10:30:00,900541,Uemminger See,51.46932,7.29004,1.457,18.5,0,0,2436,,,,2025-05
2025-05-01 10:45:00,900541,Uemminger See,51.46932,7.29004,1.456,18.5,0,0,2400,,,,2025-05
2025-05-01 11:00:01,900541,Uemminger See,51.46932,7.29004,1.456,18.6,0,0,2426,3.667,33.65,49.2,2025-05
2025-05-01 11:15:01,900541,Uemminger See,51.46932,7.29004,1.456,18.6,0,0,2430,3.655,33.91,49.1,2025-05
2025-05-01 11:30:01,900541,Uemminger See,51.46932,7.29004,1.457,18.6,0,0,2440,,,,2025-05
2025-05-01 11:45:01,900541,Uemminger See,51.46932,7.29004,1.457,18.6,0,0,2436,,,,2025-05
2025-05-01 12:00:00,900541,Uemminger See,51.46932,7.29004,1.456,18.6,0,0,2404,3.667,33.46,50.1,2025-05
2025-05-01 12:15:00,900541,Uemminger See,51.46932,7.29004,1.456,18.7,0,0,2413,3.662,33.45,50.1,2025-05
2025-05-01 12:30:00,900541,Uemminger See,51.46932,7.29004,1.457,18.7,0,0,2441,,,,2025-05
2025-05-01 12:45:00,900541,Uemminger See,51.46932,7.29004,1.456,18.8,0,0,2435,,,,2025-05
2025-05-01 13:00:00,900541,Uemminger See,51.46932,7.29004,1.456,18.7,0,0,2454,3.673,33.67,50.4,2025-05
2025-05-01 13:15:00,900541,Uemminger See,51.46932,7.29004,1.456,18.8,0,0,2435,3.657,33.76,50.3,2025-05
2025-05-01 13:30:00,900541,Uemminger See,51.46932,7.29004,1.456,18.8,0,0,2450,,,,2025-05
2025-05-01 13:45:00,900541,Uemminger See,51.46932,7.29004,1.456,18.8,0,0,2469,,,,2025-05
2025-05-01 14:00:01,900541,Uemminger See,51.46932,7.29004,1.455,18.9,0,0,2477,3.67,33.93,50.5,2025-05
2025-05-01 14:15:00,900541,Uemminger See,51.46932,7.29004,1.455,18.9,0,0,2494,3.662,34.08,50.4,2025-05
2025-05-01 14:30:00,900541,Uemminger See,51.46932,7.29004,1.456,18.9,0,0,2509,,,,2025-05
2025-05-01 14:45:00,900541,Uemminger See,51.46932,7.29004,1.456,19.1,0,0,2509,,,,2025-05
2025-05-01 15:00:01,900541,Uemminger See,51.46932,7.29004,1.455,19.0,0,0,2492,3.672,34.37,50.3,2025-05
2025-05-01 15:15:00,900541,Uemminger See,51.46932,7.29004,1.457,19.1,0,0,2466,3.665,34.4,50.2,2025-05
2025-05-01 15:30:00,900541,Uemminger See,51.46932,7.29004,1.455,19.0,0,0,2464,,,,2025-05
2025-05-01 15:45:00,900541,Uemminger See,51.46932,7.29004,1.456,19.1,0,0,2487,,,,2025-05
2025-05-01 16:00:01,900541,Uemminger See,51.46932,7.29004,1.455,19.1,0,0,2497,3.672,34.53,50.4,2025-05
2025-05-01 16:15:01,900541,Uemminger See,51.46932,7.29004,1.456,19.1,0,0,2490,3.656,34.65,50.1,2025-05
2025-05-01 16:30:01,900541,Uemminger See,51.46932,7.29004,1.456,19.2,0,0,2475,,,,2025-05
2025-05-01 16:45:01,900541,Uemminger See,51.46932,7.29004,1.456,19.2,0,0,2469,,,,2025-05
2025-05-01 17:00:00,900541,Uemminger See,51.46932,7.29004,1.456,19.3,0,0,2481,3.672,35.12,50.6,2025-05
2025-05-01 17:15:00,900541,Uemminger See,51.46932,7.29004,1.456,19.2,0,0,2470,3.665,35.2,50.3,2025-05
2025-05-01 17:30:00,900541,Uemminger See,51.46932,7.29004,1.456,19.2,0,0,2450,,,,2025-05
2025-05-01 17:45:00,900541,Uemminger See,51.46932,7.29004,1.456,19.3,0,0,2432,,,,2025-05
2025-05-01 18:00:01,900541,Uemminger See,51.46932,7.29004,1.456,19.3,0,0,2453,3.671,35.15,50.3,2025-05
2025-05-01 18:15:00,900541,Uemminger See,51.46932,7.29004,1.456,19.2,0,0,2455,3.662,34.92,50.5,2025-05
2025-05-01 18:30:00,900541,Uemminger See,51.46932,7.29004,1.456,19.3,0,0,2450,,,,2025-05
2025-05-01 18:45:00,900541,Uemminger See,51.46932,7.29004,1.457,19.3,0,0,2427,,,,2025-05
2025-05-01 19:00:00,900541,Uemminger See,51.46932,7.29004,1.457,19.3,0,0,2426,3.671,33.39,50.0,2025-05
2025-05-01 19:15:01,900541,Uemminger See,51.46932,7.29004,1.457,19.3,0,0,2434,3.654,32.47,49.5,2025-05
2025-05-01 19:30:01,900541,Uemminger See,51.46932,7.29004,1.457,19.3,0,0,2420,,,,2025-05
2025-05-01 19:45:01,900541,Uemminger See,51.46932,7.29004,1.457,19.3,0,0,2452,,,,2025-05
2025-05-01 20:00:00,900541,Uemminger See,51.46932,7.29004,1.457,19.3,0,0,2432,3.667,27.68,49.0,2025-05
2025-05-01 20:15:00,900541,Uemminger See,51.46932,7.29004,1.457,19.3,0,0,2434,3.655,26.35,48.9,2025-05
2025-05-01 20:30:00,900541,Uemminger See,51.46932,7.29004,1.457,19.3,0,0,2437,,,,2025-05
2025-05-01 20:45:00,900541,Uemminger See,51.46932,7.29004,1.457,19.3,0,0,2432,,,,2025-05
2025-05-01 21:00:01,900541,Uemminger See,51.46932,7.29004,1.457,19.4,0,0,2443,3.668,23.32,48.8,2025-05
2025-05-01 21:15:00,900541,Uemminger See,51.46932,7.29004,1.456,19.3,0,0,2426,3.648,22.66,48.7,2025-05
2025-05-01 21:30:00,900541,Uemminger See,51.46932,7.29004,1.457,19.2,0,0,2431,,,,2025-05
2025-05-01 21:45:00,900541,Uemminger See,51.46932,7.29004,1.457,19.3,0,0,2421,,,,2025-05
2025-05-01 22:00:01,900541,Uemminger See,51.46932,7.29004,1.456,19.3,0,0,2445,3.663,20.91,48.6,2025-05
2025-05-01 22:15:00,900541,Uemminger See,51.46932,7.29004,1.457,19.2,0,0,2438,3.647,20.55,48.5,2025-05
2025-05-01 22:30:00,900541,Uemminger See,51.46932,7.29004,1.457,19.2,0,0,2459,,,,2025-05
2025-05-01 22:45:00,900541,Uemminger See,51.46932,7.29004,1.457,19.2,0,0,2449,,,,2025-05
2025-05-01 23:00:01,900541,Uemminger See,51.46932,7.29004,1.456,19.2,0,0,2470,3.665,19.52,48.4,2025-05
2025-05-01 23:15:00,900541,Uemminger See,51.46932,7.29004,1.457,19.2,0,0,2466,3.646,19.26,48.3,2025-05
2025-05-01 23:30:00,900541,Uemminger See,51.46932,7.29004,1.456,19.2,0,0,2456,,,,2025-05
2025-05-01 23:45:00,900541,Uemminger See,51.46932,7.29004,1.456,19.2,0,0,2451,,,,2025-05
2025-05-02 00:00:00,900541,Uemminger See,51.46932,7.29004,1.456,19.2,0,0,2450,3.663,18.51,48.2,2025-05
2025-05-02 00:00:00,900541,Uemminger See,51.46932,7.29004,1.456,19.2,0,0,2450,3.663,18.51,48.2,2025-05
2025-05-02 00:15:00,900541,Uemminger See,51.46932,7.29004,1.456,19.2,0,0,2470,3.645,18.34,48.1,2025-05
2025-05-02 00:30:00,900541,Uemminger See,51.46932,7.29004,1.457,19.1,0,0,2462,,,,2025-05
2025-05-02 00:45:00,900541,Uemminger See,51.46932,7.29004,1.457,19.1,0,0,2469,,,,2025-05
2025-05-02 01:00:01,900541,Uemminger See,51.46932,7.29004,1.456,19.2,0,0,2461,3.663,17.75,48.0,2025-05
2025-05-02 01:15:00,900541,Uemminger See,51.46932,7.29004,1.457,19.2,0,0,2477,3.64,17.6,48.0,2025-05
2025-05-02 01:30:00,900541,Uemminger See,51.46932,7.29004,1.457,19.1,0,0,2484,,,,2025-05
2025-05-02 01:45:00,900541,Uemminger See,51.46932,7.29004,1.457,19.2,0,0,2470,,,,2025-05
2025-05-02 02:00:01,900541,Uemminger See,51.46932,7.29004,1.456,19.2,0,0,2496,3.662,16.94,47.9,2025-05
2025-05-02 02:15:01,900541,Uemminger See,51.46932,7.29004,1.457,19.1,0,0,2476,3.638,16.93,47.9,2025-05
2025-05-02 02:30:01,900541,Uemminger See,51.46932,7.29004,1.457,19.2,0,0,2530,,,,2025-05
2025-05-02 02:45:01,900541,Uemminger See,51.46932,7.29004,1.457,19.2,0,0,2529,,,,2025-05
2025-05-02 03:00:00,900541,Uemminger See,51.46932,7.29004,1.458,19.2,0,0,2536,3.66,16.5,47.8,2025-05
2025-05-02 03:15:00,900541,Uemminger See,51.46932,7.29004,1.456,19.2,0,0,2559,3.641,16.39,47.7,2025-05
2025-05-02 03:30:00,900541,Uemminger See,51.46932,7.29004,1.457,19.2,0,0,2530,,,,2025-05
2025-05-02 03:45:00,900541,Uemminger See,51.46932,7.29004,1.457,19.2,0,0,2544,,,,2025-05
2025-05-02 04:00:00,900541,Uemminger See,51.46932,7.29004,1.457,19.2,0,0,2564,3.66,16.11,47.8,2025-05
2025-05-02 04:15:00,900541,Uemminger See,51.46932,7.29004,1.457,19.2,0,0,2557,3.64,16.08,47.7,2025-05
2025-05-02 04:30:00,900541,Uemminger See,51.46932,7.29004,1.457,19.2,0,0,2540,,,,2025-05
2025-05-02 04:45:00,900541,Uemminger See,51.46932,7.29004,1.457,19.3,0,0,2534,,,,2025-05
2025-05-02 05:00:00,900541,Uemminger See,51.46932,7.29004,1.458,19.2,0,0,2514,3.655,15.81,47.7,2025-05
2025-05-02 05:15:00,900541,Uemminger See,51.46932,7.29004,1.457,19.3,0,0,2512,3.639,15.78,47.6,2025-05
2025-05-02 05:30:00,900541,Uemminger See,51.46932,7.29004,1.457,19.3,0,0,2481,,,,2025-05
2025-05-02 05:45:00,900541,Uemminger See,51.46932,7.29004,1.457,19.3,0,0,2490,,,,2025-05
2025-05-02 06:00:01,900541,Uemminger See,51.46932,7.29004,1.456,19.2,0,0,2489,3.659,15.9,47.8,2025-05
2025-05-02 06:15:00,900541,Uemminger See,51.46932,7.29004,1.456,19.3,0,0,2480,3.638,16.21,47.8,2025-05
2025-05-02 06:30:00,900541,Uemminger See,51.46932,7.29004,1.456,19.2,0,0,2446,,,,2025-05
2025-05-02 06:45:00,900541,Uemminger See,51.46932,7.29004,1.457,19.3,0,0,2493,,,,2025-05
2025-05-02 07:00:01,900541,Uemminger See,51.46932,7.29004,1.456,19.3,0,0,2458,3.656,19.61,48.5,2025-05
2025-05-02 07:15:01,900541,Uemminger See,51.46932,7.29004,1.457,19.3,0,0,2486,3.632,21.0,47.9,2025-05
2025-05-02 07:30:01,900541,Uemminger See,51.46932,7.29004,1.456,19.3,0,0,2490,,,,2025-05
2025-05-02 07:45:01,900541,Uemminger See,51.46932,7.29004,1.456,19.4,0,0,2493,,,,2025-05
2025-05-02 08:00:00,900541,Uemminger See,51.46932,7.29004,1.457,19.4,0,0,2491,3.659,25.08,48.6,2025-05
2025-05-02 08:15:00,900541,Uemminger See,51.46932,7.29004,1.457,19.4,0,0,2500,3.645,26.66,48.5,2025-05
2025-05-02 08:30:00,900541,Uemminger See,51.46932,7.29004,1.456,19.4,0,0,2511,,,,2025-05
2025-05-02 08:45:00,900541,Uemminger See,51.46932,7.29004,1.457,19.4,0,0,2493,,,,2025-05
2025-05-02 09:00:01,900541,Uemminger See,51.46932,7.29004,1.457,19.4,0,0,2516,3.663,29.67,48.9,2025-05
2025-05-02 09:15:00,900541,Uemminger See,51.46932,7.29004,1.458,19.4,0,0,2487,3.652,30.5,48.9,2025-05
2025-05-02 09:30:00,900541,Uemminger See,51.46932,7.29004,1.458,19.4,0,0,2504,,,,2025-05
2025-05-02 09:45:00,900541,Uemminger See,51.46932,7.29004,1.458,19.5,0,0,2498,,,,2025-05
2025-05-02 10:00:01,900541,Uemminger See,51.46932,7.29004,1.457,19.5,0,0,2488,3.67,32.15,49.4,2025-05
2025-05-02 10:15:01,900541,Uemminger See,51.46932,7.29004,1.458,19.5,0,0,2494,3.653,32.35,49.4,2025-05
2025-05-02 10:30:01,900541,Uemminger See,51.46932,7.29004,1.456,19.5,0,0,2479,,,,2025-05
2025-05-02 10:45:01,900541,Uemminger See,51.46932,7.29004,1.457,19.5,0,0,2473,,,,2025-05
2025-05-02 11:00:00,900541,Uemminger See,51.46932,7.29004,1.458,19.6,0,0,2491,3.668,32.94,49.6,2025-05
2025-05-02 11:15:00,900541,Uemminger See,51.46932,7.29004,1.458,19.7,0,0,2498,3.651,32.63,49.6,2025-05
2025-05-02 11:30:00,900541,Uemminger See,51.46932,7.29004,1.456,19.6,0,0,2480,,,,2025-05
2025-05-02 11:45:00,900541,Uemminger See,51.46932,7.29004,1.456,19.7,0,0,2491,,,,2025-05
2025-05-02 12:00:00,900541,Uemminger See,51.46932,7.29004,1.458,19.6,0,0,2500,3.671,33.26,50.0,2025-05
2025-05-02 12:15:00,900541,Uemminger See,51.46932,7.29004,1.456,19.7,0,0,2514,3.654,33.55,50.1,2025-05
2025-05-02 12:30:00,900541,Uemminger See,51.46932,7.29004,1.458,19.7,0,0,2536,,,,2025-05
2025-05-02 12:45:00,900541,Uemminger See,51.46932,7.29004,1.457,19.8,0,0,2566,,,,2025-05
2025-05-02 13:00:01,900541,Uemminger See,51.46932,7.29004,1.457,19.7,0,0,2550,3.673,33.25,50.2,2025-05
2025-05-02 13:15:00,900541,Uemminger See,51.46932,7.29004,1.458,19.8,0,0,2543,3.658,33.56,50.5,2025-05
2025-05-02 13:30:00,900541,Uemminger See,51.46932,7.29004,1.456,19.8,0,0,2545,,,,2025-05
2025-05-02 13:45:00,900541,Uemminger See,51.46932,7.29004,1.455,19.8,0,0,2524,,,,2025-05
2025-05-02 14:00:00,900541,Uemminger See,51.46932,7.29004,1.457,19.9,0,0,2553,3.672,33.83,50.5,2025-05
2025-05-02 14:15:01,900541,Uemminger See,51.46932,7.29004,1.456,19.9,0,0,2516,3.66,34.0,50.4,2025-05
2025-05-02 14:30:01,900541,Uemminger See,51.46932,7.29004,1.458,19.9,0,0,2520,,,,2025-05
2025-05-02 14:45:01,900541,Uemminger See,51.46932,7.29004,1.455,19.9,0,0,2532,,,,2025-05
2025-05-02 15:00:00,900541,Uemminger See,51.46932,7.29004,1.455,19.9,0,0,2505,3.671,34.17,50.7,2025-05
2025-05-02 15:15:00,900541,Uemminger See,51.46932,7.29004,1.456,20.0,0,0,2503,3.66,34.34,50.6,2025-05
2025-05-02 15:30:00,900541,Uemminger See,51.46932,7.29004,1.457,19.9,0,0,2509,,,,2025-05
2025-05-02 15:45:00,900541,Uemminger See,51.46932,7.29004,1.456,20.0,0,0,2485,,,,2025-05
2025-05-02 16:00:01,900541,Uemminger See,51.46932,7.29004,1.456,20.0,0,0,2490,3.675,34.76,50.7,2025-05
2025-05-02 16:15:00,900541,Uemminger See,51.46932,7.29004,1.456,20.0,0,0,2488,3.665,34.66,50.6,2025-05
2025-05-02 16:30:00,900541,Uemminger See,51.46932,7.29004,1.455,20.0,0,0,2483,,,,2025-05
2025-05-02 16:45:00,900541,Uemminger See,51.46932,7.29004,1.455,20.1,0,0,2457,,,,2025-05
2025-05-02 17:00:01,900541,Uemminger See,51.46932,7.29004,1.454,20.1,0,0,2453,3.669,33.24,50.2,2025-05
2025-05-02 17:15:00,900541,Uemminger See,51.46932,7.29004,1.454,20.1,0,0,2462,3.664,32.86,50.2,2025-05
2025-05-02 17:30:00,900541,Uemminger See,51.46932,7.29004,1.455,20.1,0,0,2474,,,,2025-05
2025-05-02 17:45:00,900541,Uemminger See,51.46932,7.29004,1.453,20.2,0,0,2496,,,,2025-05
2025-05-02 18:00:00,900541,Uemminger See,51.46932,7.29004,1.454,20.1,0,0,2513,3.67,31.6,50.1,2025-05
2025-05-02 18:15:01,900541,Uemminger See,51.46932,7.29004,1.452,20.2,0,0,2519,3.659,31.25,50.0,2025-05
2025-05-02 18:30:01,900541,Uemminger See,51.46932,7.29004,1.453,20.1,0,0,2501,,,,2025-05
2025-05-02 18:45:01,900541,Uemminger See,51.46932,7.29004,1.453,20.2,0,0,2542,,,,2025-05
2025-05-02 19:00:00,900541,Uemminger See,51.46932,7.29004,1.452,20.1,0,0,2562,3.672,29.8,49.8,2025-05
2025-05-02 19:15:00,900541,Uemminger See,51.46932,7.29004,1.452,20.2,0,0,2563,3.654,29.14,49.5,2025-05
2025-05-02 19:30:00,900541,Uemminger See,51.46932,7.29004,1.453,20.1,0,0,2548,,,,2025-05
2025-05-02 19:45:00,900541,Uemminger See,51.46932,7.29004,1.453,20.2,0,0,2526,,,,2025-05
2025-05-02 20:00:01,900541,Uemminger See,51.46932,7.29004,1.453,20.2,0,0,2528,3.671,26.53,49.2,2025-05
2025-05-02 20:15:00,900541,Uemminger See,51.46932,7.29004,1.453,20.2,0,0,2525,3.647,25.8,49.0,2025-05
2025-05-02 20:30:00,900541,Uemminger See,51.46932,7.29004,1.453,20.1,0,0,2542,,,,2025-05
2025-05-02 20:45:00,900541,Uemminger See,51.46932,7.29004,1.453,20.1,0,0,2524,,,,2025-05
2025-05-02 21:00:00,900541,Uemminger See,51.46932,7.29004,1.453,20.2,0,0,2487,3.67,23.69,48.9,2025-05
2025-05-02 21:15:00,900541,Uemminger See,51.46932,7.29004,1.454,20.2,0,0,2521,3.646,23.19,48.8,2025-05
2025-05-02 21:30:00,900541,Uemminger See,51.46932,7.29004,1.454,20.2,0,0,2514,,,,2025-05
2025-05-02 21:45:00,900541,Uemminger See,51.46932,7.29004,1.453,20.2,0,0,2490,,,,2025-05
2025-05-02 22:00:01,900541,Uemminger See,51.46932,7.29004,1.454,20.2,0,0,2483,3.667,21.72,48.7,2025-05
2025-05-02 22:15:00,900541,Uemminger See,51.46932,7.29004,1.454,20.2,0,0,2490,3.647,21.36,48.6,2025-05
2025-05-02 22:30:00,900541,Uemminger See,51.46932,7.29004,1.454,20.2,0,0,2504,,,,2025-05
2025-05-02 22:45:00,900541,Uemminger See,51.46932,7.29004,1.455,20.2,0,0,2537,,,,2025-05
2025-05-02 23:00:01,900541,Uemminger See,51.46932,7.29004,1.454,20.2,0,0,2499,3.665,20.38,48.6,2025-05
2025-05-02 23:15:00,900541,Uemminger See,51.46932,7.29004,1.454,20.2,0,0,2513,3.644,20.3,48.5,2025-05
2025-05-02 23:30:00,900541,Uemminger See,51.46932,7.29004,1.454,20.3,0,0,2514,,,,2025-05
2025-05-02 23:45:00,900541,Uemminger See,51.46932,7.29004,1.454,20.3,0,0,2516,,,,2025-05
2025-05-03 00:00:00,900541,Uemminger See,51.46932,7.29004,1.454,20.3,0,0,2514,3.665,19.89,48.4,2025-05
2025-05-03 00:00:00,900541,Uemminger See,51.46932,7.29004,1.454,20.3,0,0,2514,3.665,19.89,48.4,2025-05
2025-05-03 00:15:00,900541,Uemminger See,51.46932,7.29004,1.455,20.3,0,0,2483,3.644,19.77,48.3,2025-05
2025-05-03 00:30:00,900541,Uemminger See,51.46932,7.29004,1.455,20.3,0,0,2495,,,,2025-05
2025-05-03 00:45:00,900541,Uemminger See,51.46932,7.29004,1.454,20.3,0,0,2499,,,,2025-05
2025-05-03 01:00:01,900541,Uemminger See,51.46932,7.29004,1.455,20.4,0,0,2496,3.662,19.27,48.3,2025-05
2025-05-03 01:15:00,900541,Uemminger See,51.46932,7.29004,1.455,20.4,0,0,2502,3.644,19.15,48.2,2025-05
2025-05-03 01:30:00,900541,Uemminger See,51.46932,7.29004,1.455,20.4,0,0,2505,,,,2025-05
2025-05-03 01:45:00,900541,Uemminger See,51.46932,7.29004,1.456,20.5,0,0,2500,,,,2025-05
2025-05-03 02:00:01,900541,Uemminger See,51.46932,7.29004,1.457,20.4,0,0,2509,3.662,18.72,48.2,2025-05
2025-05-03 02:15:01,900541,Uemminger See,51.46932,7.29004,1.456,20.5,0,0,2501,3.642,18.58,48.1,2025-05
2025-05-03 02:30:01,900541,Uemminger See,51.46932,7.29004,1.455,20.5,0,0,2507,,,,2025-05
2025-05-03 02:45:01,900541,Uemminger See,51.46932,7.29004,1.456,20.5,0,0,2519,,,,2025-05
2025-05-03 03:00:00,900541,Uemminger See,51.46932,7.29004,1.457,20.4,0,0,2498,3.659,18.23,48.1,2025-05
2025-05-03 03:15:00,900541,Uemminger See,51.46932,7.29004,1.457,20.5,0,0,2504,3.638,18.24,48.0,2025-05
2025-05-03 03:30:00,900541,Uemminger See,51.46932,7.29004,1.457,20.4,0,0,2494,,,,2025-05
2025-05-03 03:45:00,900541,Uemminger See,51.46932,7.29004,1.457,20.4,0,0,2507,,,,2025-05
2025-05-03 04:00:01,900541,Uemminger See,51.46932,7.29004,1.457,20.5,0,0,2508,3.659,17.6,47.9,2025-05
2025-05-03 04:15:00,900541,Uemminger See,51.46932,7.29004,1.457,20.5,0,0,2531,3.641,17.33,47.8,2025-05
2025-05-03 04:30:00,900541,Uemminger See,51.46932,7.29004,1.457,20.4,0,0,2538,,,,2025-05
2025-05-03 04:45:00,900541,Uemminger See,51.46932,7.29004,1.458,20.4,0,0,2544,,,,2025-05
2025-05-03 05:00:01,900541,Uemminger See,51.46932,7.29004,1.458,20.5,0,0,2523,3.649,16.75,47.9,2025-05
2025-05-03 05:15:01,900541,Uemminger See,51.46932,7.29004,1.458,20.5,0,0,2520,3.641,16.75,47.9,2025-05
2025-05-03 05:30:01,900541,Uemminger See,51.46932,7.29004,1.458,20.4,0,0,2520,,,,2025-05
2025-05-03 05:45:01,900541,Uemminger See,51.46932,7.29004,1.458,20.5,0,0,2531,,,,2025-05
2025-05-03 06:00:00,900541,Uemminger See,51.46932,7.29004,1.458,20.5,0,0,2528,3.658,16.68,47.8,2025-05
2025-05-03 06:15:01,900541,Uemminger See,51.46932,7.29004,1.458,20.5,0,0,2530,3.641,16.77,47.9,2025-05
2025-05-03 06:30:01,900541,Uemminger See,51.46932,7.29004,1.458,20.5,0,0,2513,,,,2025-05
2025-05-03 06:45:01,900541,Uemminger See,51.46932,7.29004,1.457,20.5,0,0,2502,,,,2025-05
2025-05-03 07:00:00,900541,Uemminger See,51.46932,7.29004,1.458,20.5,0,0,2511,3.659,17.01,47.8,2025-05
2025-05-03 07:15:00,900541,Uemminger See,51.46932,7.29004,1.456,20.4,0,0,2532,3.642,17.1,47.8,2025-05
2025-05-03 07:30:00,900541,Uemminger See,51.46932,7.29004,1.458,20.4,0,0,2507,,,,2025-05
2025-05-03 07:45:00,900541,Uemminger See,51.46932,7.29004,1.457,20.4,0,0,2493,,,,2025-05
2025-05-03 08:00:01,900541,Uemminger See,51.46932,7.29004,1.458,20.5,0,0,2490,3.66,17.27,47.8,2025-05
2025-05-03 08:15:00,900541,Uemminger See,51.46932,7.29004,1.458,20.4,0,0,2516,3.64,17.18,47.8,2025-05
2025-05-03 08:30:00,900541,Uemminger See,51.46932,7.29004,1.459,20.4,0,0,2516,,,,2025-05
2025-05-03 08:45:00,900541,Uemminger See,51.46932,7.29004,1.458,20.4,0,0,2502,,,,2025-05
2025-05-03 09:00:01,900541,Uemminger See,51.46932,7.29004,1.458,20.4,0,0,2521,3.655,16.68,47.8,2025-05
2025-05-03 09:15:00,900541,Uemminger See,51.46932,7.29004,1.458,20.4,0,0,2518,3.641,16.75,47.8,2025-05
2025-05-03 09:30:00,900541,Uemminger See,51.46932,7.29004,1.458,20.4,0,0,2507,,,,2025-05
2025-05-03 09:45:00,900541,Uemminger See,51.46932,7.29004,1.458,20.4,0,0,2537,,,,2025-05
2025-05-03 10:00:00,900541,Uemminger See,51.46932,7.29004,1.458,20.4,0,0,2533,3.659,17.12,48.2,2025-05
2025-05-03 10:15:01,900541,Uemminger See,51.46932,7.29004,1.458,20.3,0,0,2540,3.64,18.06,48.2,2025-05
2025-05-03 10:30:01,900541,Uemminger See,51.46932,7.29004,1.458,20.3,0,0,2533,,,,2025-05
2025-05-03 10:45:01,900541,Uemminger See,51.46932,7.29004,1.457,20.3,0,0,2555,,,,2025-05
2025-05-03 11:00:00,900541,Uemminger See,51.46932,7.29004,1.457,20.3,0,0,2540,3.662,20.14,48.5,2025-05
2025-05-03 11:15:00,900541,Uemminger See,51.46932,7.29004,1.457,20.3,0,0,2516,3.641,21.46,48.7,2025-05
2025-05-03 11:30:00,900541,Uemminger See,51.46932,7.29004,1.458,20.2,0,0,2516,,,,2025-05
2025-05-03 11:45:00,900541,Uemminger See,51.46932,7.29004,1.457,20.2,0,0,2545,,,,2025-05
2025-05-03 12:00:01,900541,Uemminger See,51.46932,7.29004,1.457,20.1,0,0,2536,3.657,23.45,48.2,2025-05
2025-05-03 12:15:00,900541,Uemminger See,51.46932,7.29004,1.457,20.1,0,0,2542,3.645,23.84,48.5,2025-05
2025-05-03 12:30:00,900541,Uemminger See,51.46932,7.29004,1.458,20.1,0,0,2529,,,,2025-05
2025-05-03 12:45:00,900541,Uemminger See,51.46932,7.29004,1.457,20.1,0,0,2525,,,,2025-05
2025-05-03 13:00:00,900541,Uemminger See,51.46932,7.29004,1.456,20.1,0,0,2520,3.662,26.17,49.0,2025-05
2025-05-03 13:15:00,900541,Uemminger See,51.46932,7.29004,1.457,20.1,0,0,2520,3.648,26.83,49.3,2025-05
2025-05-03 13:30:00,900541,Uemminger See,51.46932,7.29004,1.458,20.1,0,0,2519,,,,2025-05
2025-05-03 13:45:00,900541,Uemminger See,51.46932,7.29004,1.458,20.1,0,0,2522,,,,2025-05
2025-05-03 14:00:00,900541,Uemminger See,51.46932,7.29004,1.457,20.1,0,0,2524,3.667,27.99,49.7,2025-05
2025-05-03 14:15:00,900541,Uemminger See,51.46932,7.29004,1.457,20.1,0,0,2537,3.651,28.42,49.2,2025-05
2025-05-03 14:30:00,900541,Uemminger See,51.46932,7.29004,1.458,20.1,0,0,2546,,,,2025-05
2025-05-03 14:45:00,900541,Uemminger See,51.46932,7.29004,1.458,20.0,0,0,2553,,,,2025-05
2025-05-03 15:00:01,900541,Uemminger See,51.46932,7.29004,1.459,20.1,0,0,2553,3.665,26.83,48.7,2025-05
2025-05-03 15:15:00,900541,Uemminger See,51.46932,7.29004,1.459,20.1,0,0,2568,3.652,25.7,48.3,2025-05
2025-05-03 15:30:00,900541,Uemminger See,51.46932,7.29004,1.459,20.1,0,0,2562,,,,2025-05
2025-05-03 15:45:00,900541,Uemminger See,51.46932,7.29004,1.458,20.1,0,0,2547,,,,2025-05
2025-05-03 16:00:01,900541,Uemminger See,51.46932,7.29004,1.458,20.1,0,0,2555,3.668,23.1,48.6,2025-05
2025-05-03 16:15:00,900541,Uemminger See,51.46932,7.29004,1.458,20.1,0,0,2531,3.649,22.76,48.6,2025-05
2025-05-03 16:30:00,900541,Uemminger See,51.46932,7.29004,1.458,20.1,0,0,2515,,,,2025-05
2025-05-03 16:45:00,900541,Uemminger See,51.46932,7.29004,1.457,20.1,0,0,2534,,,,2025-05
2025-05-03 17:00:00,900541,Uemminger See,51.46932,7.29004,1.457,20.1,0,0,2531,3.663,21.77,48.5,2025-05
2025-05-03 17:15:00,900541,Uemminger See,51.46932,7.29004,1.455,20.1,0,0,2525,3.645,21.59,48.5,2025-05
2025-05-03 17:30:00,900541,Uemminger See,51.46932,7.29004,1.457,20.1,0,0,2522,,,,2025-05
2025-05-03 17:45:00,900541,Uemminger See,51.46932,7.29004,1.456,20.1,0,0,2519,,,,2025-05
2025-05-03 18:00:00,900541,Uemminger See,51.46932,7.29004,1.455,20.1,0,0,2522,3.662,21.68,48.5,2025-05
2025-05-03 18:15:00,900541,Uemminger See,51.46932,7.29004,1.455,20.1,0,0,2532,3.641,21.63,48.4,2025-05
2025-05-03 18:30:00,900541,Uemminger See,51.46932,7.29004,1.455,20.1,0,0,2548,,,,2025-05
2025-05-03 18:45:00,900541,Uemminger See,51.46932,7.29004,1.455,20.1,0,0,2525,,,,2025-05
2025-05-03 19:00:01,900541,Uemminger See,51.46932,7.29004,1.453,20.1,0,0,2571,3.663,21.14,48.3,2025-05
2025-05-03 19:15:00,900541,Uemminger See,51.46932,7.29004,1.454,20.1,0,0,2567,3.643,20.71,48.2,2025-05
2025-05-03 19:30:00,900541,Uemminger See,51.46932,7.29004,1.453,20.1,0,0,2584,,,,2025-05
2025-05-03 19:45:00,900541,Uemminger See,51.46932,7.29004,1.453,20.1,0,0,2586,,,,2025-05
2025-05-03 20:00:00,900541,Uemminger See,51.46932,7.29004,1.451,20.1,0,0,2593,3.661,19.52,48.2,2025-05
2025-05-03 20:15:00,900541,Uemminger See,51.46932,7.29004,1.452,20.2,0,0,2550,3.635,19.28,48.1,2025-05
2025-05-03 20:30:00,900541,Uemminger See,51.46932,7.29004,1.451,20.2,0,0,2541,,,,2025-05
2025-05-03 20:45:00,900541,Uemminger See,51.46932,7.29004,1.45,20.2,0,0,2555,,,,2025-05
2025-05-03 21:00:01,900541,Uemminger See,51.46932,7.29004,1.452,20.2,0,0,2559,3.659,18.49,48.1,2025-05
2025-05-03 21:15:00,900541,Uemminger See,51.46932,7.29004,1.451,20.2,0,0,2560,3.639,18.35,48.0,2025-05
2025-05-03 21:30:00,900541,Uemminger See,51.46932,7.29004,1.45,20.2,0,0,2526,,,,2025-05
2025-05-03 21:45:00,900541,Uemminger See,51.46932,7.29004,1.45,20.2,0,0,2548,,,,2025-05
2025-05-03 22:00:01,900541,Uemminger See,51.46932,7.29004,1.45,20.1,0,0,2548,3.66,17.7,48.0,2025-05
2025-05-03 22:15:00,900541,Uemminger See,51.46932,7.29004,1.449,20.2,0,0,2547,3.635,17.54,47.9,2025-05
2025-05-03 22:30:00,900541,Uemminger See,51.46932,7.29004,1.448,20.1,0,0,2533,,,,2025-05
2025-05-03 22:45:00,900541,Uemminger See,51.46932,7.29004,1.448,20.1,0,0,2526,,,,2025-05
2025-05-03 23:00:01,900541,Uemminger See,51.46932,7.29004,1.448,20.1,0,0,2544,3.659,16.93,47.8,2025-05
2025-05-03 23:15:00,900541,Uemminger See,51.46932,7.29004,1.448,20.1,0,0,2508,3.633,16.64,47.8,2025-05
2025-05-03 23:30:00,900541,Uemminger See,51.46932,7.29004,1.447,20.0,0,0,2541,,,,2025-05
2025-05-03 23:45:00,900541,Uemminger See,51.46932,7.29004,1.448,20.0,0,0,2536,,,,2025-05
2025-05-04 00:00:00,900541,Uemminger See,51.46932,7.29004,1.446,20.0,0,0,2543,3.654,15.61,47.7,2025-05
2025-05-04 00:00:00,900541,Uemminger See,51.46932,7.29004,1.446,20.0,0,0,2543,3.654,15.61,47.7,2025-05
2025-05-04 00:15:01,900541,Uemminger See,51.46932,7.29004,1.446,19.9,0,0,2530,3.635,15.26,47.6,2025-05
2025-05-04 00:30:01,900541,Uemminger See,51.46932,7.29004,1.445,19.9,0,0,2542,,,,2025-05
2025-05-04 00:45:01,900541,Uemminger See,51.46932,7.29004,1.445,19.8,0,0,2520,,,,2025-05
2025-05-04 01:00:00,900541,Uemminger See,51.46932,7.29004,1.446,19.9,0,0,2540,3.653,14.02,47.5,2025-05
2025-05-04 01:15:00,900541,Uemminger See,51.46932,7.29004,1.446,19.7,0,0,2526,3.634,13.71,47.5,2025-05
2025-05-04 01:30:00,900541,Uemminger See,51.46932,7.29004,1.445,19.8,0,0,2527,,,,2025-05
2025-05-04 01:45:00,900541,Uemminger See,51.46932,7.29004,1.445,19.7,0,0,2535,,,,2025-05
2025-05-04 02:00:01,900541,Uemminger See,51.46932,7.29004,1.445,19.7,0,0,2545,3.652,13.28,47.6,2025-05
2025-05-04 02:15:00,900541,Uemminger See,51.46932,7.29004,1.445,19.7,0,0,2541,3.633,13.44,47.5,2025-05
2025-05-04 02:30:00,900541,Uemminger See,51.46932,7.29004,1.445,19.7,0,0,2539,,,,2025-05
2025-05-04 02:45:00,900541,Uemminger See,51.46932,7.29004,1.445,19.7,0,0,2534,,,,2025-05
2025-05-04 03:00:01,900541,Uemminger See,51.46932,7.29004,1.446,19.6,0,0,2534,3.651,13.68,47.5,2025-05
2025-05-04 03:15:01,900541,Uemminger See,51.46932,7.29004,1.445,19.6,0,0,2537,3.635,13.75,47.5,2025-05
2025-05-04 03:30:01,900541,Uemminger See,51.46932,7.29004,1.444,19.6,0,0,2547,,,,2025-05
2025-05-04 03:45:01,900541,Uemminger See,51.46932,7.29004,1.444,19.5,0,0,2554,,,,2025-05
2025-05-04 04:00:00,900541,Uemminger See,51.46932,7.29004,1.444,19.5,0,0,2536,3.652,13.53,47.3,2025-05
2025-05-04 04:15:00,900541,Uemminger See,51.46932,7.29004,1.445,19.5,0,0,2518,3.634,13.4,47.3,2025-05
2025-05-04 04:30:00,900541,Uemminger See,51.46932,7.29004,1.444,19.4,0,0,2531,,,,2025-05
2025-05-04 04:45:00,900541,Uemminger See,51.46932,7.29004,1.444,19.4,0,0,2538,,,,2025-05
2025-05-04 05:00:00,900541,Uemminger See,51.46932,7.29004,1.444,19.4,0,0,2543,3.652,12.8,47.3,2025-05
2025-05-04 05:15:00,900541,Uemminger See,51.46932,7.29004,1.443,19.4,0,0,2518,3.633,12.65,47.3,2025-05
2025-05-04 05:30:00,900541,Uemminger See,51.46932,7.29004,1.443,19.4,0,0,2546,,,,2025-05
2025-05-04 05:45:00,900541,Uemminger See,51.46932,7.29004,1.444,19.4,0,0,2507,,,,2025-05
2025-05-04 06:00:01,900541,Uemminger See,51.46932,7.29004,1.443,19.4,0,0,2521,3.649,13.0,47.4,2025-05
2025-05-04 06:15:00,900541,Uemminger See,51.46932,7.29004,1.443,19.3,0,0,2520,3.635,13.18,47.4,2025-05
2025-05-04 06:30:00,900541,Uemminger See,51.46932,7.29004,1.442,19.3,0,0,2515,,,,2025-05
2025-05-04 06:45:00,900541,Uemminger See,51.46932,7.29004,1.443,19.3,0,0,2530,,,,2025-05
2025-05-04 07:00:01,900541,Uemminger See,51.46932,7.29004,1.444,19.3,0,0,2523,3.651,13.61,47.4,2025-05
2025-05-04 07:15:01,900541,Uemminger See,51.46932,7.29004,1.442,19.3,0,0,2520,3.628,13.77,47.3,2025-05
2025-05-04 07:30:01,900541,Uemminger See,51.46932,7.29004,1.442,19.3,0,0,2524,,,,2025-05
2025-05-04 07:45:01,900541,Uemminger See,51.46932,7.29004,1.442,19.2,0,0,2522,,,,2025-05
2025-05-04 08:00:00,900541,Uemminger See,51.46932,7.29004,1.442,19.2,0,0,2492,3.649,14.67,47.6,2025-05
2025-05-04 08:15:00,900541,Uemminger See,51.46932,7.29004,1.442,19.2,0,0,2541,3.631,14.94,47.4,2025-05
2025-05-04 08:30:00,900541,Uemminger See,51.46932,7.29004,1.442,19.2,0,0,2521,,,,2025-05
2025-05-04 08:45:00,900541,Uemminger See,51.46932,7.29004,1.444,19.1,0,0,2515,,,,2025-05
2025-05-04 09:00:01,900541,Uemminger See,51.46932,7.29004,1.441,19.1,0,0,2522,3.65,14.72,47.2,2025-05
2025-05-04 09:15:00,900541,Uemminger See,51.46932,7.29004,1.442,19.1,0,0,2535,3.633,14.63,47.4,2025-05
2025-05-04 09:30:00,900541,Uemminger See,51.46932,7.29004,1.441,19.0,0,0,2516,,,,2025-05
2025-05-04 09:45:00,900541,Uemminger See,51.46932,7.29004,1.441,19.1,0,0,2510,,,,2025-05
2025-05-04 10:00:00,900541,Uemminger See,51.46932,7.29004,1.441,19.0,0,0,2528,3.651,16.93,47.7,2025-05
2025-05-04 10:15:00,900541,Uemminger See,51.46932,7.29004,1.441,19.0,0,0,2527,3.637,17.23,47.5,2025-05
2025-05-04 10:30:00,900541,Uemminger See,51.46932,7.29004,1.442,18.9,0,0,2515,,,,2025-05
2025-05-04 10:45:00,900541,Uemminger See,51.46932,7.29004,1.443,18.9,0,0,2535,,,,2025-05
2025-05-04 11:00:01,900541,Uemminger See,51.46932,7.29004,1.441,19.0,0,0,2510,3.653,17.66,47.7,2025-05
2025-05-04 11:15:00,900541,Uemminger See,51.46932,7.29004,1.442,18.9,0,0,2524,3.636,17.79,47.6,2025-05
2025-05-04 11:30:00,900541,Uemminger See,51.46932,7.29004,1.441,18.9,0,0,2493,,,,2025-05
2025-05-04 11:45:00,900541,Uemminger See,51.46932,7.29004,1.442,18.9,0,0,2497,,,,2025-05
2025-05-04 12:00:01,900541,Uemminger See,51.46932,7.29004,1.441,18.8,0,0,2499,3.653,18.66,48.1,2025-05
2025-05-04 12:15:01,900541,Uemminger See,51.46932,7.29004,1.44,18.8,0,0,2513,3.631,19.19,47.6,2025-05
2025-05-04 12:30:01,900541,Uemminger See,51.46932,7.29004,1.44,18.8,0,0,2496,,,,2025-05
2025-05-04 12:45:01,900541,Uemminger See,51.46932,7.29004,1.441,18.9,0,0,2502,,,,2025-05
2025-05-04 13:00:00,900541,Uemminger See,51.46932,7.29004,1.441,18.8,0,0,2521,3.654,20.07,47.7,2025-05
2025-05-04 13:15:00,900541,Uemminger See,51.46932,7.29004,1.44,18.8,0,0,2522,3.637,20.04,48.1,2025-05
2025-05-04 13:30:00,900541,Uemminger See,51.46932,7.29004,1.441,18.7,0,0,2543,,,,2025-05
2025-05-04 13:45:00,900541,Uemminger See,51.46932,7.29004,1.441,18.7,0,0,2535,,,,2025-05
2025-05-04 14:00:01,900541,Uemminger See,51.46932,7.29004,1.441,18.7,0,0,2529,3.652,20.07,48.2,2025-05
2025-05-04 14:15:00,900541,Uemminger See,51.46932,7.29004,1.442,18.7,0,0,2521,3.641,20.35,47.8,2025-05
2025-05-04 14:30:00,900541,Uemminger See,51.46932,7.29004,1.442,18.7,0,0,2519,,,,2025-05
2025-05-04 14:45:00,900541,Uemminger See,51.46932,7.29004,1.442,18.7,0,0,2502,,,,2025-05
2025-05-04 15:00:01,900541,Uemminger See,51.46932,7.29004,1.442,18.7,0,0,2531,3.66,19.88,48.2,2025-05
2025-05-04 15:15:01,900541,Uemminger See,51.46932,7.29004,1.442,18.7,0,0,2549,3.64,20.28,48.1,2025-05
2025-05-04 15:30:01,900541,Uemminger See,51.46932,7.29004,1.442,18.6,0,0,2553,,,,2025-05
2025-05-04 15:45:01,900541,Uemminger See,51.46932,7.29004,1.442,18.7,0,0,2538,,,,2025-05
2025-05-04 16:00:00,900541,Uemminger See,51.46932,7.29004,1.443,18.7,0,0,2529,3.655,19.88,47.9,2025-05
2025-05-04 16:15:01,900541,Uemminger See,51.46932,7.29004,1.443,18.7,0,0,2543,3.641,19.74,48.1,2025-05
2025-05-04 16:30:01,900541,Uemminger See,51.46932,7.29004,1.445,18.7,0,0,2531,,,,2025-05
2025-05-04 16:45:01,900541,Uemminger See,51.46932,7.29004,1.445,18.7,0,0,2527,,,,2025-05
2025-05-04 17:00:00,900541,Uemminger See,51.46932,7.29004,1.445,18.7,0,0,2526,3.659,19.38,47.9,2025-05
2025-05-04 17:15:00,900541,Uemminger See,51.46932,7.29004,1.445,18.7,0,0,2529,3.639,19.31,48.0,2025-05
2025-05-04 17:30:00,900541,Uemminger See,51.46932,7.29004,1.445,18.7,0,0,2550,,,,2025-05
2025-05-04 17:45:00,900541,Uemminger See,51.46932,7.29004,1.445,18.7,0,0,2530,,,,2025-05
2025-05-04 18:00:01,900541,Uemminger See,51.46932,7.29004,1.445,18.7,0,0,2542,3.66,19.19,47.9,2025-05
2025-05-04 18:15:00,900541,Uemminger See,51.46932,7.29004,1.447,18.7,0,0,2537,3.64,18.79,47.8,2025-05
2025-05-04 18:30:00,900541,Uemminger See,51.46932,7.29004,1.447,18.7,0,0,2545,,,,2025-05
2025-05-04 18:45:00,900541,Uemminger See,51.46932,7.29004,1.447,18.7,0,0,2536,,,,2025-05
2025-05-04 19:00:01,900541,Uemminger See,51.46932,7.29004,1.448,18.7,0,0,2553,3.657,17.54,47.8,2025-05
2025-05-04 19:15:00,900541,Uemminger See,51.46932,7.29004,1.448,18.7,0,0,2550,3.636,17.19,47.7,2025-05
2025-05-04 19:30:00,900541,Uemminger See,51.46932,7.29004,1.448,18.7,0,0,2552,,,,2025-05
2025-05-04 19:45:00,900541,Uemminger See,51.46932,7.29004,1.449,18.6,0,0,2532,,,,2025-05
2025-05-04 20:00:01,900541,Uemminger See,51.46932,7.29004,1.448,18.6,0,0,2513,3.654,16.28,47.7,2025-05
2025-05-04 20:15:01,900541,Uemminger See,51.46932,7.29004,1.449,18.6,0,0,2525,3.636,16.05,47.6,2025-05
2025-05-04 20:30:01,900541,Uemminger See,51.46932,7.29004,1.449,18.6,0,0,2536,,,,2025-05
2025-05-04 20:45:01,900541,Uemminger See,51.46932,7.29004,1.45,18.6,0,0,2548,,,,2025-05
2025-05-04 21:00:00,900541,Uemminger See,51.46932,7.29004,1.45,18.5,0,0,2525,3.652,14.81,47.5,2025-05
2025-05-04 21:15:00,900541,Uemminger See,51.46932,7.29004,1.45,18.5,0,0,2521,3.624,14.45,47.4,2025-05
2025-05-04 21:30:00,900541,Uemminger See,51.46932,7.29004,1.45,18.5,0,0,2542,,,,2025-05
2025-05-04 21:45:00,900541,Uemminger See,51.46932,7.29004,1.45,18.5,0,0,2531,,,,2025-05
2025-05-04 22:00:01,900541,Uemminger See,51.46932,7.29004,1.45,18.5,0,0,2535,3.649,13.21,47.4,2025-05
2025-05-04 22:15:00,900541,Uemminger See,51.46932,7.29004,1.45,18.4,0,0,2501,3.633,12.89,47.3,2025-05
2025-05-04 22:30:00,900541,Uemminger See,51.46932,7.29004,1.451,18.4,0,0,2525,,,,2025-05
2025-05-04 22:45:00,900541,Uemminger See,51.46932,7.29004,1.451,18.4,0,0,2518,,,,2025-05
2025-05-04 23:00:01,900541,Uemminger See,51.46932,7.29004,1.452,18.3,0,0,2537,3.648,12.06,47.3,2025-05
2025-05-04 23:15:01,900541,Uemminger See,51.46932,7.29004,1.452,18.4,0,0,2528,3.631,11.85,47.2,2025-05
2025-05-04 23:30:01,900541,Uemminger See,51.46932,7.29004,1.452,18.3,0,0,2507,,,,2025-05
2025-05-04 23:45:01,900541,Uemminger See,51.46932,7.29004,1.452,18.3,0,0,2505,,,,2025-05
2025-05-05 00:00:00,900541,Uemminger See,51.46932,7.29004,1.454,18.3,0,0,2519,3.647,11.51,47.2,2025-05
2025-05-05 00:00:00,900541,Uemminger See,51.46932,7.29004,1.454,18.3,0,0,2519,3.647,11.51,47.2,2025-05
2025-05-05 00:15:01,900541,Uemminger See,51.46932,7.29004,1.454,18.2,0,0,2501,3.629,11.47,47.2,2025-05
2025-05-05 00:30:01,900541,Uemminger See,51.46932,7.29004,1.454,18.2,0,0,2500,,,,2025-05
2025-05-05 00:45:01,900541,Uemminger See,51.46932,7.29004,1.454,18.2,0,0,2502,,,,2025-05
2025-05-05 01:00:00,900541,Uemminger See,51.46932,7.29004,1.453,18.1,0,0,2510,3.639,10.88,47.0,2025-05
2025-05-05 01:15:00,900541,Uemminger See,51.46932,7.29004,1.454,18.1,0,0,2496,3.628,10.67,47.0,2025-05
2025-05-05 01:30:00,900541,Uemminger See,51.46932,7.29004,1.454,18.0,0,0,2496,,,,2025-05
2025-05-05 01:45:00,900541,Uemminger See,51.46932,7.29004,1.454,18.1,0,0,2511,,,,2025-05
2025-05-05 02:00:01,900541,Uemminger See,51.46932,7.29004,1.454,18.0,0,0,2520,3.645,10.0,46.9,2025-05
2025-05-05 02:15:00,900541,Uemminger See,51.46932,7.29004,1.455,18.0,0,0,2523,3.628,9.84,46.9,2025-05
2025-05-05 02:30:00,900541,Uemminger See,51.46932,7.29004,1.454,17.9,0,0,2527,,,,2025-05
2025-05-05 02:45:00,900541,Uemminger See,51.46932,7.29004,1.455,18.0,0,0,2502,,,,2025-05
2025-05-05 03:00:01,900541,Uemminger See,51.46932,7.29004,1.455,17.9,0,0,2506,3.643,9.63,47.0,2025-05
2025-05-05 03:15:00,900541,Uemminger See,51.46932,7.29004,1.454,17.9,0,0,2492,3.625,9.79,47.0,2025-05
2025-05-05 03:30:00,900541,Uemminger See,51.46932,7.29004,1.455,17.8,0,0,2518,,,,2025-05
2025-05-05 03:45:00,900541,Uemminger See,51.46932,7.29004,1.455,17.9,0,0,2514,,,,2025-05
2025-05-05 04:00:00,900541,Uemminger See,51.46932,7.29004,1.455,17.8,0,0,2514,3.644,9.86,46.9,2025-05
2025-05-05 04:15:00,900541,Uemminger See,51.46932,7.29004,1.456,17.8,0,0,2528,3.628,9.87,46.8,2025-05
2025-05-05 04:30:00,900541,Uemminger See,51.46932,7.29004,1.455,17.8,0,0,2500,,,,2025-05
2025-05-05 04:45:00,900541,Uemminger See,51.46932,7.29004,1.455,17.7,0,0,2513,,,,2025-05
2025-05-05 05:00:01,900541,Uemminger See,51.46932,7.29004,1.456,17.7,0,0,2501,3.641,9.29,46.7,2025-05
2025-05-05 05:15:00,900541,Uemminger See,51.46932,7.29004,1.456,17.7,0,0,2492,3.627,9.13,46.7,2025-05
2025-05-05 05:30:00,900541,Uemminger See,51.46932,7.29004,1.456,17.6,0,0,2503,,,,2025-05
2025-05-05 05:45:00,900541,Uemminger See,51.46932,7.29004,1.456,17.6,0,0,2505,,,,2025-05
2025-05-05 06:00:01,900541,Uemminger See,51.46932,7.29004,1.456,17.6,0,0,2498,3.644,9.08,46.9,2025-05
2025-05-05 06:15:00,900541,Uemminger See,51.46932,7.29004,1.456,17.5,0,0,2516,3.627,9.27,46.8,2025-05
2025-05-05 06:30:00,900541,Uemminger See,51.46932,7.29004,1.456,17.5,0,0,2485,,,,2025-05
2025-05-05 06:45:00,900541,Uemminger See,51.46932,7.29004,1.456,17.5,0,0,2528,,,,2025-05
2025-05-05 07:00:00,900541,Uemminger See,51.46932,7.29004,1.457,17.5,0,0,2507,3.642,12.3,47.3,2025-05
2025-05-05 07:15:01,900541,Uemminger See,51.46932,7.29004,1.457,17.4,0,0,2498,3.622,13.53,47.1,2025-05
2025-05-05 07:30:01,900541,Uemminger See,51.46932,7.29004,1.456,17.4,0,0,2535,,,,2025-05
2025-05-05 07:45:01,900541,Uemminger See,51.46932,7.29004,1.457,17.4,0,0,2537,,,,2025-05
2025-05-05 08:00:00,900541,Uemminger See,51.46932,7.29004,1.456,17.3,0,0,2538,3.645,16.16,47.1,2025-05
2025-05-05 08:15:00,900541,Uemminger See,51.46932,7.29004,1.458,17.3,0,0,2555,3.63,16.78,47.1,2025-05
2025-05-05 08:30:00,900541,Uemminger See,51.46932,7.29004,1.458,17.3,0,0,2514,,,,2025-05
2025-05-05 08:45:00,900541,Uemminger See,51.46932,7.29004,1.456,17.3,0,0,2531,,,,2025-05
2025-05-05 09:00:01,900541,Uemminger See,51.46932,7.29004,1.457,17.3,0,0,2519,3.641,18.3,47.3,2025-05
2025-05-05 09:15:00,900541,Uemminger See,51.46932,7.29004,1.458,17.2,0,0,2555,3.635,18.55,47.4,2025-05
2025-05-05 09:30:00,900541,Uemminger See,51.46932,7.29004,1.458,17.3,0,0,2520,,,,2025-05
2025-05-05 09:45:00,900541,Uemminger See,51.46932,7.29004,1.458,17.3,0,0,2517,,,,2025-05
2025-05-05 10:00:00,900541,Uemminger See,51.46932,7.29004,1.459,17.2,0,0,2530,3.654,17.81,47.4,2025-05
2025-05-05 10:15:00,900541,Uemminger See,51.46932,7.29004,1.458,17.2,0,0,2509,3.636,17.84,47.5,2025-05
2025-05-05 10:30:00,900541,Uemminger See,51.46932,7.29004,1.458,17.2,0,0,2482,,,,2025-05
2025-05-05 10:45:00,900541,Uemminger See,51.46932,7.29004,1.458,17.1,0,0,2489,,,,2025-05
2025-05-05 11:00:01,900541,Uemminger See,51.46932,7.29004,1.456,17.1,0,0,2507,3.653,18.45,47.7,2025-05
2025-05-05 11:15:00,900541,Uemminger See,51.46932,7.29004,1.458,17.1,0,0,2516,3.638,18.41,47.6,2025-05
2025-05-05 11:30:00,900541,Uemminger See,51.46932,7.29004,1.458,17.1,0,0,2520,,,,2025-05
2025-05-05 11:45:00,900541,Uemminger See,51.46932,7.29004,1.456,17.1,0,0,2494,,,,2025-05
2025-05-05 12:00:01,900541,Uemminger See,51.46932,7.29004,1.458,17.1,0,0,2525,3.655,18.95,47.9,2025-05
2025-05-05 12:15:00,900541,Uemminger See,51.46932,7.29004,1.457,17.0,0,0,2547,3.637,18.98,47.6,2025-05
2025-05-05 12:30:00,900541,Uemminger See,51.46932,7.29004,1.457,17.0,0,0,2542,,,,2025-05
2025-05-05 12:45:00,900541,Uemminger See,51.46932,7.29004,1.458,17.1,0,0,2519,,,,2025-05
2025-05-05 13:00:00,900541,Uemminger See,51.46932,7.29004,1.457,17.0,0,0,2519,3.655,18.91,47.6,2025-05
2025-05-05 13:15:00,900541,Uemminger See,51.46932,7.29004,1.456,17.0,0,0,2529,3.635,19.1,47.9,2025-05
2025-05-05 13:30:00,900541,Uemminger See,51.46932,7.29004,1.457,17.0,0,0,2505,,,,2025-05
2025-05-05 13:45:00,900541,Uemminger See,51.46932,7.29004,1.459,17.0,0,0,2515,,,,2025-05
2025-05-05 14:00:01,900541,Uemminger See,51.46932,7.29004,1.458,17.1,0,0,2503,3.655,19.12,47.8,2025-05
2025-05-05 14:15:00,900541,Uemminger See,51.46932,7.29004,1.459,17.0,0,0,2514,3.634,19.02,47.8,2025-05
2025-05-05 14:30:00,900541,Uemminger See,51.46932,7.29004,1.459,17.1,0,0,2474,,,,2025-05
2025-05-05 14:45:00,900541,Uemminger See,51.46932,7.29004,1.457,17.1,0,0,2506,,,,2025-05
2025-05-05 15:00:01,900541,Uemminger See,51.46932,7.29004,1.457,17.1,0,0,2531,3.657,20.03,48.6,2025-05
2025-05-05 15:15:00,900541,Uemminger See,51.46932,7.29004,1.458,17.1,0,0,2506,3.637,21.09,48.0,2025-05
2025-05-05 15:30:00,900541,Uemminger See,51.46932,7.29004,1.458,17.1,0,0,2544,,,,2025-05
2025-05-05 15:45:00,900541,Uemminger See,51.46932,7.29004,1.456,17.1,0,0,2546,,,,2025-05
2025-05-05 16:00:00,900541,Uemminger See,51.46932,7.29004,1.458,17.1,0,0,2552,3.655,20.83,48.0,2025-05
2025-05-05 16:15:00,900541,Uemminger See,51.46932,7.29004,1.456,17.1,0,0,2535,3.639,21.0,48.1,2025-05
2025-05-05 16:30:00,900541,Uemminger See,51.46932,7.29004,1.456,17.1,0,0,2546,,,,2025-05
2025-05-05 16:45:00,900541,Uemminger See,51.46932,7.29004,1.457,17.1,0,0,2552,,,,2025-05
2025-05-05 17:00:01,900541,Uemminger See,51.46932,7.29004,1.455,17.1,0,0,2562,3.656,20.14,47.9,2025-05
2025-05-05 17:15:00,900541,Uemminger See,51.46932,7.29004,1.456,17.1,0,0,2560,3.642,19.91,48.0,2025-05
2025-05-05 17:30:00,900541,Uemminger See,51.46932,7.29004,1.454,17.1,0,0,2563,,,,2025-05
2025-05-05 17:45:00,900541,Uemminger See,51.46932,7.29004,1.455,17.2,0,0,2545,,,,2025-05
2025-05-05 18:00:01,900541,Uemminger See,51.46932,7.29004,1.455,17.1,0,0,2544,3.656,20.4,47.7,2025-05
2025-05-05 18:15:01,900541,Uemminger See,51.46932,7.29004,1.454,17.1,0,0,2529,3.641,19.72,47.7,2025-05
2025-05-05 18:30:01,900541,Uemminger See,51.46932,7.29004,1.453,17.1,0,0,2534,,,,2025-05
2025-05-05 18:45:01,900541,Uemminger See,51.46932,7.29004,1.453,17.1,0,0,2510,,,,2025-05
2025-05-05 19:00:00,900541,Uemminger See,51.46932,7.29004,1.454,17.2,0,0,2520,3.653,19.18,47.8,2025-05
2025-05-05 19:15:00,900541,Uemminger See,51.46932,7.29004,1.453,17.2,0,0,2514,3.636,18.53,47.6,2025-05
2025-05-05 19:30:00,900541,Uemminger See,51.46932,7.29004,1.453,17.2,0,0,2515,,,,2025-05
2025-05-05 19:45:00,900541,Uemminger See,51.46932,7.29004,1.452,17.2,0,0,2535,,,,2025-05
2025-05-05 20:00:00,900541,Uemminger See,51.46932,7.29004,1.452,17.2,0,0,2546,3.645,16.57,47.7,2025-05
2025-05-05 20:15:00,900541,Uemminger See,51.46932,7.29004,1.452,17.1,0,0,2527,3.635,16.07,47.6,2025-05
2025-05-05 20:30:00,900541,Uemminger See,51.46932,7.29004,1.451,17.1,0,0,2536,,,,2025-05
2025-05-05 20:45:00,900541,Uemminger See,51.46932,7.29004,1.452,17.1,0,0,2531,,,,2025-05
2025-05-05 21:00:00,900541,Uemminger See,51.46932,7.29004,1.452,17.1,0,0,2514,3.651,14.61,47.5,2025-05
2025-05-05 21:15:00,900541,Uemminger See,51.46932,7.29004,1.451,17.1,0,0,2523,3.635,14.21,47.5,2025-05
2025-05-05 21:30:00,900541,Uemminger See,51.46932,7.29004,1.451,17.2,0,0,2542,,,,2025-05
2025-05-05 21:45:00,900541,Uemminger See,51.46932,7.29004,1.452,17.1,0,0,2544,,,,2025-05
2025-05-05 22:00:01,900541,Uemminger See,51.46932,7.29004,1.452,17.1,0,0,2556,3.649,13.06,47.4,2025-05
2025-05-05 22:15:00,900541,Uemminger See,51.46932,7.29004,1.452,17.1,0,0,2515,3.63,12.86,47.4,2025-05
2025-05-05 22:30:00,900541,Uemminger See,51.46932,7.29004,1.451,17.1,0,0,2526,,,,2025-05
2025-05-05 22:45:00,900541,Uemminger See,51.46932,7.29004,1.452,17.1,0,0,2542,,,,2025-05
2025-05-05 23:00:01,900541,Uemminger See,51.46932,7.29004,1.452,17.1,0,0,2540,3.644,12.4,47.4,2025-05
2025-05-05 23:15:00,900541,Uemminger See,51.46932,7.29004,1.453,17.1,0,0,2521,3.63,12.3,47.3,2025-05
2025-05-05 23:30:00,900541,Uemminger See,51.46932,7.29004,1.451,17.1,0,0,2534,,,,2025-05
2025-05-05 23:45:00,900541,Uemminger See,51.46932,7.29004,1.451,17.0,0,0,2546,,,,2025-05
2025-05-06 00:00:00,900541,Uemminger See,51.46932,7.29004,1.452,17.0,0,0,2547,3.647,11.8,47.2,2025-05
2025-05-06 00:00:00,900541,Uemminger See,51.46932,7.29004,1.452,17.0,0,0,2547,3.647,11.8,47.2,2025-05
2025-05-06 00:15:00,900541,Uemminger See,51.46932,7.29004,1.453,17.0,0,0,2533,3.631,11.76,47.2,2025-05
2025-05-06 00:30:00,900541,Uemminger See,51.46932,7.29004,1.452,17.0,0,0,2524,,,,2025-05
2025-05-06 00:45:00,900541,Uemminger See,51.46932,7.29004,1.453,17.0,0,0,2524,,,,2025-05
2025-05-06 01:00:01,900541,Uemminger See,51.46932,7.29004,1.452,16.9,0,0,2531,3.646,11.11,47.1,2025-05
2025-05-06 01:15:00,900541,Uemminger See,51.46932,7.29004,1.452,16.9,0,0,2530,3.629,10.92,47.0,2025-05
2025-05-06 01:30:00,900541,Uemminger See,51.46932,7.29004,1.452,16.9,0,0,2525,,,,2025-05
2025-05-06 01:45:00,900541,Uemminger See,51.46932,7.29004,1.454,16.9,0,0,2550,,,,2025-05
2025-05-06 02:00:01,900541,Uemminger See,51.46932,7.29004,1.454,16.9,0,0,2517,3.644,10.23,47.0,2025-05
2025-05-06 02:15:00,900541,Uemminger See,51.46932,7.29004,1.453,16.8,0,0,2535,3.627,10.08,46.9,2025-05
2025-05-06 02:30:00,900541,Uemminger See,51.46932,7.29004,1.453,16.8,0,0,2541,,,,2025-05
2025-05-06 02:45:00,900541,Uemminger See,51.46932,7.29004,1.453,16.8,0,0,2539,,,,2025-05
2025-05-06 03:00:01,900541,Uemminger See,51.46932,7.29004,1.454,16.8,0,0,2544,3.642,9.57,46.9,2025-05
2025-05-06 03:15:01,900541,Uemminger See,51.46932,7.29004,1.454,16.8,0,0,2518,3.627,9.49,46.9,2025-05
2025-05-06 03:30:01,900541,Uemminger See,51.46932,7.29004,1.454,16.7,0,0,2521,,,,2025-05
2025-05-06 03:45:01,900541,Uemminger See,51.46932,7.29004,1.454,16.7,0,0,2549,,,,2025-05
2025-05-06 04:00:00,900541,Uemminger See,51.46932,7.29004,1.454,16.7,0,0,2537,3.639,9.1,46.9,2025-05
2025-05-06 04:15:00,900541,Uemminger See,51.46932,7.29004,1.455,16.6,0,0,2535,3.627,9.04,46.8,2025-05
2025-05-06 04:30:00,900541,Uemminger See,51.46932,7.29004,1.454,16.6,0,0,2559,,,,2025-05
2025-05-06 04:45:00,900541,Uemminger See,51.46932,7.29004,1.454,16.6,0,0,2556,,,,2025-05
2025-05-06 05:00:00,900541,Uemminger See,51.46932,7.29004,1.455,16.6,0,0,2527,3.638,8.79,46.8,2025-05
2025-05-06 05:15:01,900541,Uemminger See,51.46932,7.29004,1.455,16.5,0,0,2540,3.627,8.86,46.8,2025-05
2025-05-06 05:30:01,900541,Uemminger See,51.46932,7.29004,1.455,16.5,0,0,2541,,,,2025-05
2025-05-06 05:45:01,900541,Uemminger See,51.46932,7.29004,1.455,16.5,0,0,2514,,,,2025-05
2025-05-06 06:00:00,900541,Uemminger See,51.46932,7.29004,1.455,16.5,0,0,2524,3.638,8.99,46.8,2025-05
2025-05-06 06:15:00,900541,Uemminger See,51.46932,7.29004,1.456,16.4,0,0,2509,3.625,9.13,46.7,2025-05
2025-05-06 06:30:00,900541,Uemminger See,51.46932,7.29004,1.455,16.4,0,0,2519,,,,2025-05
2025-05-06 06:45:00,900541,Uemminger See,51.46932,7.29004,1.455,16.4,0,0,2556,,,,2025-05
2025-05-06 07:00:01,900541,Uemminger See,51.46932,7.29004,1.455,16.3,0,0,2527,3.639,12.14,47.3,2025-05
2025-05-06 07:15:01,900541,Uemminger See,51.46932,7.29004,1.456,16.3,0,0,2517,3.627,13.38,47.3,2025-05
2025-05-06 07:30:01,900541,Uemminger See,51.46932,7.29004,1.456,16.3,0,0,2519,,,,2025-05
2025-05-06 07:45:01,900541,Uemminger See,51.46932,7.29004,1.456,16.2,0,0,2520,,,,2025-05
2025-05-06 08:00:00,900541,Uemminger See,51.46932,7.29004,1.456,16.2,0,0,2554,3.643,16.04,47.3,2025-05
2025-05-06 08:15:00,900541,Uemminger See,51.46932,7.29004,1.455,16.2,0,0,2522,3.628,16.48,47.3,2025-05
2025-05-06 08:30:00,900541,Uemminger See,51.46932,7.29004,1.455,16.2,0,0,2505,,,,2025-05
2025-05-06 08:45:00,900541,Uemminger See,51.46932,7.29004,1.455,16.2,0,0,2524,,,,2025-05
2025-05-06 09:00:00,900541,Uemminger See,51.46932,7.29004,1.456,16.1,0,0,2568,3.649,18.08,47.3,2025-05
2025-05-06 09:15:01,900541,Uemminger See,51.46932,7.29004,1.456,16.2,0,0,2565,3.633,18.57,47.4,2025-05
2025-05-06 09:30:01,900541,Uemminger See,51.46932,7.29004,1.457,16.1,0,0,2509,,,,2025-05
2025-05-06 09:45:01,900541,Uemminger See,51.46932,7.29004,1.456,16.1,0,0,2550,,,,2025-05
2025-05-06 10:00:00,900541,Uemminger See,51.46932,7.29004,1.457,16.1,0,0,2512,3.652,19.35,47.2,2025-05
2025-05-06 10:15:00,900541,Uemminger See,51.46932,7.29004,1.458,16.1,0,0,2516,3.628,19.39,47.4,2025-05
2025-05-06 10:30:00,900541,Uemminger See,51.46932,7.29004,1.458,16.1,0,0,2526,,,,2025-05
2025-05-06 10:45:00,900541,Uemminger See,51.46932,7.29004,1.456,16.1,0,0,2534,,,,2025-05
2025-05-06 11:00:01,900541,Uemminger See,51.46932,7.29004,1.457,16.0,0,0,2530,3.653,19.07,47.5,2025-05
2025-05-06 11:15:00,900541,Uemminger See,51.46932,7.29004,1.457,16.0,0,0,2514,3.632,19.11,47.7,2025-05
2025-05-06 11:30:00,900541,Uemminger See,51.46932,7.29004,1.456,16.0,0,0,2520,,,,2025-05
2025-05-06 11:45:00,900541,Uemminger See,51.46932,7.29004,1.456,16.0,0,0,2515,,,,2025-05
2025-05-06 12:00:00,900541,Uemminger See,51.46932,7.29004,1.456,16.0,0,0,2533,3.654,20.15,47.6,2025-05
2025-05-06 12:15:01,900541,Uemminger See,51.46932,7.29004,1.456,16.1,0,0,2503,3.636,20.27,47.8,2025-05
2025-05-06 12:30:01,900541,Uemminger See,51.46932,7.29004,1.456,16.0,0,0,2507,,,,2025-05
2025-05-06 12:45:01,900541,Uemminger See,51.46932,7.29004,1.455,16.0,0,0,2541,,,,2025-05
2025-05-06 13:00:00,900541,Uemminger See,51.46932,7.29004,1.456,16.1,0,0,2551,3.657,21.31,47.9,2025-05
2025-05-06 13:15:00,900541,Uemminger See,51.46932,7.29004,1.456,16.1,0,0,2536,3.64,21.75,47.9,2025-05
2025-05-06 13:30:00,900541,Uemminger See,51.46932,7.29004,1.455,16.2,0,0,2553,,,,2025-05
2025-05-06 13:45:00,900541,Uemminger See,51.46932,7.29004,1.456,16.2,0,0,2547,,,,2025-05
2025-05-06 14:00:01,900541,Uemminger See,51.46932,7.29004,1.456,16.2,0,0,2537,3.659,22.36,48.0,2025-05
2025-05-06 14:15:00,900541,Uemminger See,51.46932,7.29004,1.455,16.2,0,0,2545,3.642,22.45,48.0,2025-05
2025-05-06 14:30:00,900541,Uemminger See,51.46932,7.29004,1.457,16.2,0,0,2510,,,,2025-05
2025-05-06 14:45:00,900541,Uemminger See,51.46932,7.29004,1.457,16.3,0,0,2545,,,,2025-05
2025-05-06 15:00:00,900541,Uemminger See,51.46932,7.29004,1.455,16.3,0,0,2527,3.657,22.83,48.2,2025-05
2025-05-06 15:15:01,900541,Uemminger See,51.46932,7.29004,1.456,16.3,0,0,2528,3.643,23.08,47.9,2025-05
2025-05-06 15:30:01,900541,Uemminger See,51.46932,7.29004,1.457,16.3,0,0,2509,,,,2025-05
2025-05-06 15:45:01,900541,Uemminger See,51.46932,7.29004,1.454,16.4,0,0,2527,,,,2025-05
2025-05-06 16:00:00,900541,Uemminger See,51.46932,7.29004,1.456,16.4,0,0,2554,3.661,22.19,47.9,2025-05
2025-05-06 16:15:00,900541,Uemminger See,51.46932,7.29004,1.455,16.4,0,0,2541,3.642,21.53,47.9,2025-05
2025-05-06 16:30:00,900541,Uemminger See,51.46932,7.29004,1.454,16.5,0,0,2531,,,,2025-05
2025-05-06 16:45:00,900541,Uemminger See,51.46932,7.29004,1.454,16.5,0,0,2544,,,,2025-05
2025-05-06 17:00:01,900541,Uemminger See,51.46932,7.29004,1.456,16.6,0,0,2548,3.66,19.93,48.2,2025-05
2025-05-06 17:15:00,900541,Uemminger See,51.46932,7.29004,1.454,16.6,0,0,2542,3.643,19.72,48.1,2025-05
2025-05-06 17:30:00,900541,Uemminger See,51.46932,7.29004,1.454,16.6,0,0,2541,,,,2025-05
2025-05-06 17:45:00,900541,Uemminger See,51.46932,7.29004,1.453,16.7,0,0,2528,,,,2025-05
2025-05-06 18:00:01,900541,Uemminger See,51.46932,7.29004,1.453,16.8,0,0,2521,3.657,19.09,48.1,2025-05
2025-05-06 18:15:00,900541,Uemminger See,51.46932,7.29004,1.453,16.8,0,0,2538,3.639,18.86,48.0,2025-05
2025-05-06 18:30:00,900541,Uemminger See,51.46932,7.29004,1.452,16.8,0,0,2537,,,,2025-05
2025-05-06 18:45:00,900541,Uemminger See,51.46932,7.29004,1.453,16.8,0,0,2528,,,,2025-05
2025-05-06 19:00:01,900541,Uemminger See,51.46932,7.29004,1.454,16.9,0,0,2564,3.655,18.0,48.0,2025-05
2025-05-06 19:15:00,900541,Uemminger See,51.46932,7.29004,1.452,16.9,0,0,2544,3.628,17.84,47.9,2025-05
2025-05-06 19:30:00,900541,Uemminger See,51.46932,7.29004,1.453,16.9,0,0,2560,,,,2025-05
2025-05-06 19:45:00,900541,Uemminger See,51.46932,7.29004,1.452,17.0,0,0,2521,,,,2025-05
2025-05-06 20:00:01,900541,Uemminger See,51.46932,7.29004,1.451,16.9,0,0,2537,3.655,17.19,47.9,2025-05
2025-05-06 20:15:00,900541,Uemminger See,51.46932,7.29004,1.451,16.9,0,0,2540,3.633,16.89,47.7,2025-05
2025-05-06 20:30:00,900541,Uemminger See,51.46932,7.29004,1.451,16.9,0,0,2531,,,,2025-05
2025-05-06 20:45:00,900541,Uemminger See,51.46932,7.29004,1.451,16.9,0,0,2532,,,,2025-05
2025-05-06 21:00:00,900541,Uemminger See,51.46932,7.29004,1.451,16.9,0,0,2540,3.651,15.61,47.7,2025-05
2025-05-06 21:15:00,900541,Uemminger See,51.46932,7.29004,1.451,17.0,0,0,2546,3.635,15.29,47.6,2025-05
2025-05-06 21:30:00,900541,Uemminger See,51.46932,7.29004,1.451,16.9,0,0,2549,,,,2025-05
2025-05-06 21:45:00,900541,Uemminger See,51.46932,7.29004,1.451,16.9,0,0,2550,,,,2025-05
2025-05-06 22:00:00,900541,Uemminger See,51.46932,7.29004,1.452,16.8,0,0,2509,3.652,14.3,47.6,2025-05
2025-05-06 22:15:00,900541,Uemminger See,51.46932,7.29004,1.451,16.9,0,0,2526,3.633,14.06,47.5,2025-05
2025-05-06 22:30:00,900541,Uemminger See,51.46932,7.29004,1.452,16.9,0,0,2532,,,,2025-05
2025-05-06 22:45:00,900541,Uemminger See,51.46932,7.29004,1.452,16.8,0,0,2533,,,,2025-05
2025-05-06 23:00:01,900541,Uemminger See,51.46932,7.29004,1.452,16.8,0,0,2518,3.648,13.38,47.5,2025-05
2025-05-06 23:15:00,900541,Uemminger See,51.46932,7.29004,1.451,16.8,0,0,2530,3.631,13.32,47.4,2025-05
2025-05-06 23:30:00,900541,Uemminger See,51.46932,7.29004,1.452,16.8,0,0,2519,,,,2025-05
2025-05-06 23:45:00,900541,Uemminger See,51.46932,7.29004,1.452,16.8,0,0,2539,,,,2025-05
2025-05-07 00:00:01,900541,Uemminger See,51.46932,7.29004,1.452,16.7,0,0,2525,3.647,13.29,47.4,2025-05
2025-05-07 00:00:01,900541,Uemminger See,51.46932,7.29004,1.452,16.7,0,0,2525,3.647,13.29,47.4,2025-05
2025-05-07 00:15:00,900541,Uemminger See,51.46932,7.29004,1.452,16.7,0,0,2536,3.632,13.3,47.4,2025-05
2025-05-07 00:30:00,900541,Uemminger See,51.46932,7.29004,1.453,16.7,0,0,2533,,,,2025-05
2025-05-07 00:45:00,900541,Uemminger See,51.46932,7.29004,1.452,16.7,0,0,2532,,,,2025-05
2025-05-07 01:00:01,900541,Uemminger See,51.46932,7.29004,1.453,16.7,0,0,2543,3.647,13.02,47.4,2025-05
2025-05-07 01:15:01,900541,Uemminger See,51.46932,7.29004,1.453,16.6,0,0,2541,3.631,12.97,47.3,2025-05
2025-05-07 01:30:01,900541,Uemminger See,51.46932,7.29004,1.453,16.7,0,0,2518,,,,2025-05
2025-05-07 01:45:01,900541,Uemminger See,51.46932,7.29004,1.454,16.7,0,0,2534,,,,2025-05
2025-05-07 02:00:00,900541,Uemminger See,51.46932,7.29004,1.453,16.6,0,0,2531,3.643,12.63,47.3,2025-05
2025-05-07 02:15:00,900541,Uemminger See,51.46932,7.29004,1.454,16.6,0,0,2532,3.629,12.57,47.3,2025-05
2025-05-07 02:30:00,900541,Uemminger See,51.46932,7.29004,1.454,16.6,0,0,2546,,,,2025-05
2025-05-07 02:45:00,900541,Uemminger See,51.46932,7.29004,1.453,16.5,0,0,2506,,,,2025-05
2025-05-07 03:00:00,900541,Uemminger See,51.46932,7.29004,1.455,16.6,0,0,2522,3.641,12.22,47.2,2025-05
2025-05-07 03:15:00,900541,Uemminger See,51.46932,7.29004,1.455,16.6,0,0,2550,3.627,12.06,47.2,2025-05
2025-05-07 03:30:00,900541,Uemminger See,51.46932,7.29004,1.454,16.5,0,0,2530,,,,2025-05
2025-05-07 03:45:00,900541,Uemminger See,51.46932,7.29004,1.455,16.5,0,0,2521,,,,2025-05
2025-05-07 04:00:01,900541,Uemminger See,51.46932,7.29004,1.455,16.5,0,0,2522,3.644,11.46,47.1,2025-05
2025-05-07 04:15:00,900541,Uemminger See,51.46932,7.29004,1.455,16.4,0,0,2530,3.63,11.18,47.0,2025-05
2025-05-07 04:30:00,900541,Uemminger See,51.46932,7.29004,1.455,16.4,0,0,2530,,,,2025-05
2025-05-07 04:45:00,900541,Uemminger See,51.46932,7.29004,1.456,16.4,0,0,2540,,,,2025-05
2025-05-07 05:00:01,900541,Uemminger See,51.46932,7.29004,1.455,16.4,0,0,2528,3.644,10.33,47.0,2025-05
2025-05-07 05:15:00,900541,Uemminger See,51.46932,7.29004,1.455,16.4,0,0,2547,3.625,10.14,47.0,2025-05
2025-05-07 05:30:00,900541,Uemminger See,51.46932,7.29004,1.455,16.3,0,0,2551,,,,2025-05
2025-05-07 05:45:00,900541,Uemminger See,51.46932,7.29004,1.455,16.3,0,0,2536,,,,2025-05
2025-05-07 06:00:00,900541,Uemminger See,51.46932,7.29004,1.456,16.3,0,0,2539,3.644,10.25,47.2,2025-05
2025-05-07 06:15:00,900541,Uemminger See,51.46932,7.29004,1.456,16.2,0,0,2550,3.623,10.61,47.2,2025-05
2025-05-07 06:30:00,900541,Uemminger See,51.46932,7.29004,1.455,16.2,0,0,2525,,,,2025-05
2025-05-07 06:45:00,900541,Uemminger See,51.46932,7.29004,1.455,16.2,0,0,2553,,,,2025-05
2025-05-07 07:00:00,900541,Uemminger See,51.46932,7.29004,1.456,16.1,0,0,2516,3.638,12.34,47.3,2025-05
2025-05-07 07:15:00,900541,Uemminger See,51.46932,7.29004,1.456,16.1,0,0,2548,3.626,13.17,47.5,2025-05
2025-05-07 07:30:00,900541,Uemminger See,51.46932,7.29004,1.456,16.1,0,0,2547,,,,2025-05
2025-05-07 07:45:00,900541,Uemminger See,51.46932,7.29004,1.456,16.1,0,0,2531,,,,2025-05
2025-05-07 08:00:01,900541,Uemminger See,51.46932,7.29004,1.456,16.0,0,0,2558,3.647,14.6,47.5,2025-05
2025-05-07 08:15:00,900541,Uemminger See,51.46932,7.29004,1.457,16.0,0,0,2554,3.629,15.03,47.4,2025-05
2025-05-07 08:30:00,900541,Uemminger See,51.46932,7.29004,1.457,16.1,0,0,2526,,,,2025-05
2025-05-07 08:45:00,900541,Uemminger See,51.46932,7.29004,1.456,16.0,0,0,2548,,,,2025-05
2025-05-07 09:00:01,900541,Uemminger See,51.46932,7.29004,1.456,16.0,0,0,2536,3.643,15.7,47.4,2025-05
2025-05-07 09:15:01,900541,Uemminger See,51.46932,7.29004,1.457,16.0,0,0,2541,3.631,15.79,47.3,2025-05
2025-05-07 09:30:01,900541,Uemminger See,51.46932,7.29004,1.456,16.0,0,0,2557,,,,2025-05
2025-05-07 09:45:01,900541,Uemminger See,51.46932,7.29004,1.457,16.0,0,0,2560,,,,2025-05
2025-05-07 10:00:00,900541,Uemminger See,51.46932,7.29004,1.455,16.0,0,0,2586,3.647,16.8,47.7,2025-05
2025-05-07 10:15:00,900541,Uemminger See,51.46932,7.29004,1.455,16.0,0,0,2567,3.632,17.53,47.5,2025-05
2025-05-07 10:30:00,900541,Uemminger See,51.46932,7.29004,1.455,16.0,0,0,2536,,,,2025-05
2025-05-07 10:45:00,900541,Uemminger See,51.46932,7.29004,1.456,16.0,0,0,2538,,,,2025-05
2025-05-07 11:00:00,900541,Uemminger See,51.46932,7.29004,1.454,16.0,0,0,2547,3.648,19.18,47.7,2025-05
2025-05-07 11:15:01,900541,Uemminger See,51.46932,7.29004,1.455,16.0,0,0,2537,3.634,19.91,47.8,2025-05
2025-05-07 11:30:01,900541,Uemminger See,51.46932,7.29004,1.454,16.0,0,0,2549,,,,2025-05
2025-05-07 11:45:01,900541,Uemminger See,51.46932,7.29004,1.454,16.0,0,0,2531,,,,2025-05
2025-05-07 12:00:00,900541,Uemminger See,51.46932,7.29004,1.455,16.0,0,0,2550,3.652,21.42,48.1,2025-05
2025-05-07 12:15:00,900541,Uemminger See,51.46932,7.29004,1.454,16.0,0,0,2545,3.638,21.79,48.4,2025-05
2025-05-07 12:30:00,900541,Uemminger See,51.46932,7.29004,1.454,16.1,0,0,2545,,,,2025-05
2025-05-07 12:45:00,900541,Uemminger See,51.46932,7.29004,1.454,16.1,0,0,2541,,,,2025-05
2025-05-07 13:00:01,900541,Uemminger See,51.46932,7.29004,1.454,16.0,0,0,2569,3.658,22.27,48.4,2025-05
2025-05-07 13:15:00,900541,Uemminger See,51.46932,7.29004,1.453,16.0,0,0,2568,3.643,22.35,48.2,2025-05
2025-05-07 13:30:00,900541,Uemminger See,51.46932,7.29004,1.453,16.0,0,0,2540,,,,2025-05
2025-05-07 13:45:00,900541,Uemminger See,51.46932,7.29004,1.453,16.1,0,0,2532,,,,2025-05
2025-05-07 14:00:01,900541,Uemminger See,51.46932,7.29004,1.452,16.1,0,0,2550,3.657,23.33,48.8,2025-05
2025-05-07 14:15:01,900541,Uemminger See,51.46932,7.29004,1.452,16.1,0,0,2539,3.643,23.91,48.8,2025-05
2025-05-07 14:30:01,900541,Uemminger See,51.46932,7.29004,1.451,16.2,0,0,2530,,,,2025-05
2025-05-07 14:45:01,900541,Uemminger See,51.46932,7.29004,1.451,16.1,0,0,2547,,,,2025-05
2025-05-07 15:00:00,900541,Uemminger See,51.46932,7.29004,1.452,16.1,0,0,2554,3.659,24.9,48.4,2025-05
2025-05-07 15:15:01,900541,Uemminger See,51.46932,7.29004,1.452,16.2,0,0,2561,3.641,24.26,48.2,2025-05
2025-05-07 15:30:01,900541,Uemminger See,51.46932,7.29004,1.451,16.2,0,0,2566,,,,2025-05
2025-05-07 15:45:01,900541,Uemminger See,51.46932,7.29004,1.451,16.2,0,0,2571,,,,2025-05
2025-05-07 16:00:00,900541,Uemminger See,51.46932,7.29004,1.45,16.2,0,0,2566,3.661,23.17,48.3,2025-05
2025-05-07 16:15:00,900541,Uemminger See,51.46932,7.29004,1.45,16.2,0,0,2577,3.642,23.52,48.9,2025-05
2025-05-07 16:30:00,900541,Uemminger See,51.46932,7.29004,1.45,16.2,0,0,2571,,,,2025-05
2025-05-07 16:45:00,900541,Uemminger See,51.46932,7.29004,1.449,16.3,0,0,2580,,,,2025-05
2025-05-07 17:00:01,900541,Uemminger See,51.46932,7.29004,1.448,16.3,0,0,2549,3.66,24.47,48.6,2025-05
2025-05-07 17:15:00,900541,Uemminger See,51.46932,7.29004,1.45,16.3,0,0,2571,3.64,23.9,48.2,2025-05
2025-05-07 17:30:00,900541,Uemminger See,51.46932,7.29004,1.448,16.3,0,0,2557,,,,2025-05
2025-05-07 17:45:00,900541,Uemminger See,51.46932,7.29004,1.449,16.3,0,0,2566,,,,2025-05
2025-05-07 18:00:00,900541,Uemminger See,51.46932,7.29004,1.45,16.3,0,0,2575,3.659,24.21,48.3,2025-05
2025-05-07 18:15:00,900541,Uemminger See,51.46932,7.29004,1.448,16.3,0,0,2558,3.64,23.91,48.6,2025-05
2025-05-07 18:30:00,900541,Uemminger See,51.46932,7.29004,1.449,16.3,0,0,2562,,,,2025-05
2025-05-07 18:45:00,900541,Uemminger See,51.46932,7.29004,1.449,16.3,0,0,2556,,,,2025-05
2025-05-07 19:00:00,900541,Uemminger See,51.46932,7.29004,1.448,16.4,0,0,2563,3.659,22.04,48.1,2025-05
2025-05-07 19:15:00,900541,Uemminger See,51.46932,7.29004,1.449,16.4,0,0,2603,3.641,21.19,48.2,2025-05
2025-05-07 19:30:00,900541,Uemminger See,51.46932,7.29004,1.448,16.3,0,0,2570,,,,2025-05
2025-05-07 19:45:00,900541,Uemminger See,51.46932,7.29004,1.448,16.4,0,0,2548,,,,2025-05
2025-05-07 20:00:01,900541,Uemminger See,51.46932,7.29004,1.447,16.3,0,0,2594,3.66,19.52,48.2,2025-05
2025-05-07 20:15:00,900541,Uemminger See,51.46932,7.29004,1.448,16.4,0,0,2552,3.64,19.03,48.1,2025-05
2025-05-07 20:30:00,900541,Uemminger See,51.46932,7.29004,1.447,16.4,0,0,2563,,,,2025-05
2025-05-07 20:45:00,900541,Uemminger See,51.46932,7.29004,1.447,16.5,0,0,2563,,,,2025-05
2025-05-07 21:00:01,900541,Uemminger See,51.46932,7.29004,1.447,16.4,0,0,2554,3.649,17.53,48.1,2025-05
2025-05-07 21:15:01,900541,Uemminger See,51.46932,7.29004,1.447,16.4,0,0,2567,3.633,17.32,48.1,2025-05
2025-05-07 21:30:01,900541,Uemminger See,51.46932,7.29004,1.447,16.4,0,0,2545,,,,2025-05
2025-05-07 21:45:01,900541,Uemminger See,51.46932,7.29004,1.447,16.4,0,0,2581,,,,2025-05
2025-05-07 22:00:00,900541,Uemminger See,51.46932,7.29004,1.448,16.4,0,0,2553,3.653,16.77,48.0,2025-05
2025-05-07 22:15:01,900541,Uemminger See,51.46932,7.29004,1.446,16.4,0,0,2573,3.636,16.44,47.8,2025-05
2025-05-07 22:30:01,900541,Uemminger See,51.46932,7.29004,1.448,16.5,0,0,2573,,,,2025-05
2025-05-07 22:45:01,900541,Uemminger See,51.46932,7.29004,1.447,16.4,0,0,2549,,,,2025-05
2025-05-07 23:00:00,900541,Uemminger See,51.46932,7.29004,1.448,16.5,0,0,2563,3.651,15.29,47.8,2025-05
2025-05-07 23:15:00,900541,Uemminger See,51.46932,7.29004,1.448,16.5,0,0,2570,3.633,15.09,47.7,2025-05
2025-05-07 23:30:00,900541,Uemminger See,51.46932,7.29004,1.448,16.5,0,0,2559,,,,2025-05
2025-05-07 23:45:00,900541,Uemminger See,51.46932,7.29004,1.448,16.5,0,0,2555,,,,2025-05
2025-05-08 00:00:01,900541,Uemminger See,51.46932,7.29004,1.448,16.5,0,0,2563,3.651,14.63,47.7,2025-05
2025-05-08 00:00:01,900541,Uemminger See,51.46932,7.29004,1.448,16.5,0,0,2563,3.651,14.63,47.7,2025-05
2025-05-08 00:15:00,900541,Uemminger See,51.46932,7.29004,1.448,16.5,0,0,2570,3.633,14.58,47.7,2025-05
2025-05-08 00:30:00,900541,Uemminger See,51.46932,7.29004,1.449,16.5,0,0,2535,,,,2025-05
2025-05-08 00:45:00,900541,Uemminger See,51.46932,7.29004,1.449,16.5,0,0,2585,,,,2025-05
2025-05-08 01:00:00,900541,Uemminger See,51.46932,7.29004,1.45,16.5,0,0,2563,3.649,14.07,47.5,2025-05
2025-05-08 01:15:01,900541,Uemminger See,51.46932,7.29004,1.45,16.5,0,0,2561,3.632,13.86,47.5,2025-05
2025-05-08 01:30:01,900541,Uemminger See,51.46932,7.29004,1.45,16.5,0,0,2559,,,,2025-05
2025-05-08 01:45:01,900541,Uemminger See,51.46932,7.29004,1.45,16.5,0,0,2567,,,,2025-05
2025-05-08 02:00:00,900541,Uemminger See,51.46932,7.29004,1.451,16.5,0,0,2544,3.648,13.29,47.5,2025-05
2025-05-08 02:15:00,900541,Uemminger See,51.46932,7.29004,1.451,16.5,0,0,2550,3.627,13.09,47.4,2025-05
2025-05-08 02:30:00,900541,Uemminger See,51.46932,7.29004,1.452,16.5,0,0,2536,,,,2025-05
2025-05-08 02:45:00,900541,Uemminger See,51.46932,7.29004,1.451,16.6,0,0,2559,,,,2025-05
2025-05-08 03:00:01,900541,Uemminger See,51.46932,7.29004,1.452,16.6,0,0,2555,3.646,12.14,47.3,2025-05
2025-05-08 03:15:00,900541,Uemminger See,51.46932,7.29004,1.452,16.5,0,0,2579,3.626,11.9,47.3,2025-05
2025-05-08 03:30:00,900541,Uemminger See,51.46932,7.29004,1.453,16.6,0,0,2554,,,,2025-05
2025-05-08 03:45:00,900541,Uemminger See,51.46932,7.29004,1.453,16.5,0,0,2569,,,,2025-05
2025-05-08 04:00:00,900541,Uemminger See,51.46932,7.29004,1.453,16.6,0,0,2558,3.639,11.29,47.3,2025-05
2025-05-08 04:15:01,900541,Uemminger See,51.46932,7.29004,1.453,16.5,0,0,2580,3.621,11.12,47.2,2025-05
2025-05-08 04:30:01,900541,Uemminger See,51.46932,7.29004,1.454,16.5,0,0,2567,,,,2025-05
2025-05-08 04:45:01,900541,Uemminger See,51.46932,7.29004,1.453,16.5,0,0,2556,,,,2025-05
2025-05-08 05:00:00,900541,Uemminger See,51.46932,7.29004,1.454,16.5,0,0,2552,3.644,10.6,47.2,2025-05
2025-05-08 05:15:00,900541,Uemminger See,51.46932,7.29004,1.454,16.5,0,0,2559,3.624,10.52,47.1,2025-05
2025-05-08 05:30:00,900541,Uemminger See,51.46932,7.29004,1.454,16.5,0,0,2546,,,,2025-05
2025-05-08 05:45:00,900541,Uemminger See,51.46932,7.29004,1.455,16.5,0,0,2559,,,,2025-05
2025-05-08 06:00:01,900541,Uemminger See,51.46932,7.29004,1.455,16.5,0,0,2559,3.635,10.67,47.3,2025-05
2025-05-08 06:15:00,900541,Uemminger See,51.46932,7.29004,1.455,16.4,0,0,2558,3.625,10.87,47.2,2025-05
2025-05-08 06:30:00,900541,Uemminger See,51.46932,7.29004,1.455,16.5,0,0,2552,,,,2025-05
2025-05-08 06:45:00,900541,Uemminger See,51.46932,7.29004,1.455,16.5,0,0,2561,,,,2025-05
2025-05-08 07:00:01,900541,Uemminger See,51.46932,7.29004,1.455,16.4,0,0,2556,3.642,12.86,47.8,2025-05
2025-05-08 07:15:00,900541,Uemminger See,51.46932,7.29004,1.454,16.4,0,0,2540,3.627,13.98,48.2,2025-05
2025-05-08 07:30:00,900541,Uemminger See,51.46932,7.29004,1.454,16.5,0,0,2565,,,,2025-05
2025-05-08 07:45:00,900541,Uemminger See,51.46932,7.29004,1.455,16.4,0,0,2548,,,,2025-05
2025-05-08 08:00:00,900541,Uemminger See,51.46932,7.29004,1.455,16.4,0,0,2582,3.643,17.09,48.5,2025-05
2025-05-08 08:15:00,900541,Uemminger See,51.46932,7.29004,1.455,16.4,0,0,2549,3.628,18.24,48.6,2025-05
2025-05-08 08:30:00,900541,Uemminger See,51.46932,7.29004,1.455,16.4,0,0,2574,,,,2025-05
2025-05-08 08:45:00,900541,Uemminger See,51.46932,7.29004,1.456,16.4,0,0,2544,,,,2025-05
2025-05-08 09:00:01,900541,Uemminger See,51.46932,7.29004,1.456,16.3,0,0,2541,3.644,20.68,48.7,2025-05
2025-05-08 09:15:00,900541,Uemminger See,51.46932,7.29004,1.456,16.4,0,0,2539,3.635,21.29,48.5,2025-05
2025-05-08 09:30:00,900541,Uemminger See,51.46932,7.29004,1.456,16.4,0,0,2565,,,,2025-05
2025-05-08 09:45:00,900541,Uemminger See,51.46932,7.29004,1.457,16.3,0,0,2593,,,,2025-05
2025-05-08 10:00:01,900541,Uemminger See,51.46932,7.29004,1.456,16.3,0,0,2578,3.653,21.89,48.5,2025-05
2025-05-08 10:15:00,900541,Uemminger See,51.46932,7.29004,1.46,16.4,0,0,2592,3.627,21.77,48.4,2025-05
2025-05-08 10:30:00,900541,Uemminger See,51.46932,7.29004,1.458,16.4,0,0,2586,,,,2025-05
2025-05-08 10:45:00,900541,Uemminger See,51.46932,7.29004,1.456,16.4,0,0,2567,,,,2025-05
2025-05-08 11:00:00,900541,Uemminger See,51.46932,7.29004,1.456,16.4,0,0,2564,3.657,22.16,48.5,2025-05
2025-05-08 11:15:00,900541,Uemminger See,51.46932,7.29004,1.459,16.4,0,0,2578,3.641,22.37,48.6,2025-05
2025-05-08 11:30:00,900541,Uemminger See,51.46932,7.29004,1.456,16.4,0,0,2570,,,,2025-05
2025-05-08 11:45:00,900541,Uemminger See,51.46932,7.29004,1.46,16.4,0,0,2564,,,,2025-05
2025-05-08 12:00:01,900541,Uemminger See,51.46932,7.29004,1.458,16.4,0,0,2563,3.659,22.45,48.9,2025-05
2025-05-08 12:15:01,900541,Uemminger See,51.46932,7.29004,1.459,16.5,0,0,2573,3.641,22.64,48.7,2025-05
2025-05-08 12:30:01,900541,Uemminger See,51.46932,7.29004,1.457,16.5,0,0,2584,,,,2025-05
2025-05-08 12:45:01,900541,Uemminger See,51.46932,7.29004,1.456,16.5,0,0,2580,,,,2025-05
2025-05-08 13:00:00,900541,Uemminger See,51.46932,7.29004,1.456,16.6,0,0,2581,3.657,22.99,48.8,2025-05
2025-05-08 13:15:00,900541,Uemminger See,51.46932,7.29004,1.457,16.6,0,0,2609,3.643,23.19,48.8,2025-05
2025-05-08 13:30:00,900541,Uemminger See,51.46932,7.29004,1.457,16.6,0,0,2584,,,,2025-05
2025-05-08 13:45:00,900541,Uemminger See,51.46932,7.29004,1.458,16.6,0,0,2577,,,,2025-05
2025-05-08 14:00:01,900541,Uemminger See,51.46932,7.29004,1.458,16.7,0,0,2605,3.662,23.65,48.9,2025-05
2025-05-08 14:15:01,900541,Uemminger See,51.46932,7.29004,1.459,16.7,0,0,2573,3.637,23.91,49.0,2025-05
2025-05-08 14:30:01,900541,Uemminger See,51.46932,7.29004,1.459,16.7,0,0,2600,,,,2025-05
2025-05-08 14:45:01,900541,Uemminger See,51.46932,7.29004,1.457,16.7,0,0,2603,,,,2025-05
2025-05-08 15:00:00,900541,Uemminger See,51.46932,7.29004,1.458,16.8,0,0,2577,3.663,24.15,48.8,2025-05
2025-05-08 15:15:00,900541,Uemminger See,51.46932,7.29004,1.458,16.7,0,0,2583,3.645,24.47,48.8,2025-05
2025-05-08 15:30:00,900541,Uemminger See,51.46932,7.29004,1.456,16.8,0,0,2570,,,,2025-05
2025-05-08 15:45:00,900541,Uemminger See,51.46932,7.29004,1.456,16.8,0,0,2568,,,,2025-05
2025-05-08 16:00:01,900541,Uemminger See,51.46932,7.29004,1.456,16.8,0,0,2600,3.662,24.32,48.6,2025-05
2025-05-08 16:15:00,900541,Uemminger See,51.46932,7.29004,1.458,16.9,0,0,2595,3.643,23.66,48.6,2025-05
2025-05-08 16:30:00,900541,Uemminger See,51.46932,7.29004,1.456,16.8,0,0,2584,,,,2025-05
2025-05-08 16:45:00,900541,Uemminger See,51.46932,7.29004,1.457,16.8,0,0,2593,,,,2025-05
2025-05-08 17:00:01,900541,Uemminger See,51.46932,7.29004,1.457,16.9,0,0,2612,3.663,23.79,49.0,2025-05
2025-05-08 17:15:00,900541,Uemminger See,51.46932,7.29004,1.456,16.9,0,0,2604,3.638,23.92,48.5,2025-05
2025-05-08 17:30:00,900541,Uemminger See,51.46932,7.29004,1.455,16.9,0,0,2608,,,,2025-05
2025-05-08 17:45:00,900541,Uemminger See,51.46932,7.29004,1.455,16.8,0,0,2602,,,,2025-05
2025-05-08 18:00:00,900541,Uemminger See,51.46932,7.29004,1.453,16.8,0,0,2585,3.661,22.78,48.5,2025-05
2025-05-08 18:15:00,900541,Uemminger See,51.46932,7.29004,1.456,16.8,0,0,2603,3.643,22.34,48.5,2025-05
2025-05-08 18:30:00,900541,Uemminger See,51.46932,7.29004,1.456,16.9,0,0,2621,,,,2025-05
2025-05-08 18:45:00,900541,Uemminger See,51.46932,7.29004,1.456,16.9,0,0,2617,,,,2025-05
2025-05-08 19:00:00,900541,Uemminger See,51.46932,7.29004,1.452,16.9,0,0,2607,3.658,22.36,48.6,2025-05
2025-05-08 19:15:00,900541,Uemminger See,51.46932,7.29004,1.454,16.9,0,0,2622,3.642,22.39,48.3,2025-05
2025-05-08 19:30:00,900541,Uemminger See,51.46932,7.29004,1.453,16.9,0,0,2598,,,,2025-05
2025-05-08 19:45:00,900541,Uemminger See,51.46932,7.29004,1.453,16.9,0,0,2631,,,,2025-05
2025-05-08 20:00:01,900541,Uemminger See,51.46932,7.29004,1.453,16.9,0,0,2611,3.661,19.4,48.1,2025-05
2025-05-08 20:15:00,900541,Uemminger See,51.46932,7.29004,1.453,16.9,0,0,2594,3.641,18.58,48.1,2025-05
2025-05-08 20:30:00,900541,Uemminger See,51.46932,7.29004,1.453,16.9,0,0,2623,,,,2025-05
2025-05-08 20:45:00,900541,Uemminger See,51.46932,7.29004,1.452,16.9,0,0,2582,,,,2025-05
2025-05-08 21:00:01,900541,Uemminger See,51.46932,7.29004,1.453,16.9,0,0,2575,3.656,16.53,48.0,2025-05
2025-05-08 21:15:00,900541,Uemminger See,51.46932,7.29004,1.452,16.9,0,0,2615,3.636,16.02,48.0,2025-05
2025-05-08 21:30:00,900541,Uemminger See,51.46932,7.29004,1.453,16.9,0,0,2609,,,,2025-05
2025-05-08 21:45:00,900541,Uemminger See,51.46932,7.29004,1.453,16.9,0,0,2587,,,,2025-05
2025-05-08 22:00:00,900541,Uemminger See,51.46932,7.29004,1.453,16.9,0,0,2623,3.652,14.48,47.8,2025-05
2025-05-08 22:15:01,900541,Uemminger See,51.46932,7.29004,1.453,16.9,0,0,2619,3.633,14.07,47.8,2025-05
2025-05-08 22:30:01,900541,Uemminger See,51.46932,7.29004,1.452,16.9,0,0,2578,,,,2025-05
2025-05-08 22:45:01,900541,Uemminger See,51.46932,7.29004,1.453,16.9,0,0,2562,,,,2025-05
2025-05-08 23:00:00,900541,Uemminger See,51.46932,7.29004,1.453,16.9,0,0,2589,3.649,12.85,47.7,2025-05
2025-05-08 23:15:00,900541,Uemminger See,51.46932,7.29004,1.453,16.9,0,0,2581,3.631,12.52,47.6,2025-05
2025-05-08 23:30:00,900541,Uemminger See,51.46932,7.29004,1.454,16.9,0,0,2600,,,,2025-05
2025-05-08 23:45:00,900541,Uemminger See,51.46932,7.29004,1.454,16.9,0,0,2590,,,,2025-05
2025-05-09 00:00:01,900541,Uemminger See,51.46932,7.29004,1.454,16.9,0,0,2589,3.645,11.59,47.5,2025-05
