wahltermin_datum,wahl,Wahlkreis,AGS,Bez-Nr,Wahlberechtigte insgesamt,ohne Vermerk W,mit Vermerk W,nicht im W�hlerverzeichnis,Waehler,DavonMitWahlschein,UngueltigeErststimmen,UngueltigeZweitstimmen,GueltigeErststimmen,GueltigeZweitstimmen,CDU ,CDU,SPD,SPD,FDP,FDP,GR�NE,GR�NE,DIE LINKE,DIE LINKE,Piraten,Piraten,NPD,NPD,REP,REP,B�ndnis 21 / RRP,B�ndnis 21 /RRP,Volksabstimmung,Volksabstimmung,�DP,�DP,MLPD,MLPD,B�So,B�So,PSG,PSG,AfD,AfD,BIG,BIG,pro Deutschland,pro Deutschland,Die Rechte,Die Rechte,FREIE W�HLER,FREIE W�HLER,Partei der Nichtw�hler,Partei der Nichtw�hler,Partei der Vernunft,Partei der Vernunft,Die PARTEI,Die PARTEI
22.09.2013,Bundestagswahl,140,5911000,1001,1371,1058,313,0,744,1,13,12,731,732,297,248,306,269,5,24,46,75,37,44,20,17,17,8,,1,,0,,3,,3,3,3,,0,,0,,31,,0,,2,,1,,0,,1,,2,,0
22.09.2013,Bundestagswahl,140,5911000,1002,1354,1069,285,0,736,0,20,20,716,716,252,224,331,282,8,25,32,47,58,65,22,19,11,4,,1,,0,,2,,1,2,3,,1,,0,,30,,2,,2,,0,,5,,0,,1,,2
22.09.2013,Bundestagswahl,140,5911000,1003,1279,883,396,0,580,0,4,2,576,578,222,197,255,207,5,21,29,51,42,46,19,16,4,5,,0,,0,,0,,1,0,0,,0,,0,,27,,0,,1,,0,,2,,1,,0,,3
22.09.2013,Bundestagswahl,140,5911000,1004,1366,970,396,0,828,7,10,6,818,822,375,288,266,230,14,56,85,123,55,58,17,17,3,1,,0,,0,,0,,1,3,1,,0,,0,,37,,0,,0,,0,,3,,1,,0,,6
22.09.2013,Bundestagswahl,140,5911000,1005,1404,1025,379,0,638,0,10,8,628,630,196,170,285,233,6,21,60,92,50,58,16,17,14,7,,2,,0,,0,,2,1,0,,0,,0,,21,,0,,1,,0,,2,,0,,0,,4
22.09.2013,Bundestagswahl,140,5911000,1006,1138,872,266,0,609,5,7,13,602,596,215,186,243,211,6,19,49,60,55,55,26,24,8,7,,0,,1,,0,,2,0,1,,0,,0,,25,,0,,1,,0,,1,,1,,0,,2
22.09.2013,Bundestagswahl,140,5911000,1007,1196,966,230,0,658,5,10,10,648,648,198,172,331,280,7,21,41,69,43,45,14,19,13,7,,1,,0,,2,,0,1,0,,0,,0,,23,,5,,1,,1,,0,,0,,0,,2
22.09.2013,Bundestagswahl,140,5911000,1101,1323,989,334,0,708,1,14,11,694,697,306,264,300,264,2,27,25,51,36,49,15,13,8,5,,0,,0,,1,,0,2,0,,0,,0,,19,,0,,1,,0,,1,,0,,0,,2
22.09.2013,Bundestagswahl,140,5911000,1102,1360,1025,335,0,586,2,7,4,579,582,190,166,271,226,10,20,42,62,44,57,17,19,4,4,,0,,1,,0,,5,1,1,,0,,0,,16,,0,,2,,0,,0,,0,,0,,3
22.09.2013,Bundestagswahl,140,5911000,1103,1251,957,294,0,646,2,7,5,639,641,218,188,248,215,6,23,69,90,60,65,27,24,10,10,,0,,0,,1,,0,1,0,,0,,0,,19,,0,,2,,0,,1,,0,,0,,3
22.09.2013,Bundestagswahl,140,5911000,1104,1281,957,324,0,618,2,11,9,607,609,181,159,301,268,14,19,42,57,39,54,23,14,7,8,,0,,0,,1,,0,0,0,,0,,0,,23,,0,,0,,0,,0,,0,,1,,5
22.09.2013,Bundestagswahl,140,5911000,1105,1000,832,168,0,542,1,10,10,532,532,173,153,268,235,5,23,29,36,40,49,9,11,6,3,,0,,1,,1,,2,2,0,,0,,0,,12,,0,,0,,0,,3,,0,,1,,2
22.09.2013,Bundestagswahl,140,5911000,1106,1237,952,285,0,629,5,11,5,618,624,196,184,303,248,8,10,36,71,48,64,20,14,5,6,,0,,0,,2,,0,2,0,,0,,0,,17,,0,,1,,0,,0,,1,,0,,6
22.09.2013,Bundestagswahl,140,5911000,1107,1162,898,264,0,593,0,9,8,584,585,181,161,290,267,4,19,43,55,42,43,8,13,15,11,,0,,0,,1,,0,1,0,,0,,0,,9,,0,,1,,0,,1,,0,,0,,4
22.09.2013,Bundestagswahl,140,5911000,1201,1116,864,252,0,529,2,11,9,518,520,136,112,217,182,4,11,45,64,73,95,32,21,9,4,,1,,0,,1,,1,2,3,,0,,0,,16,,0,,1,,0,,3,,0,,1,,4
22.09.2013,Bundestagswahl,140,5911000,1202,1207,820,387,0,588,0,7,5,581,583,197,152,199,162,10,29,79,102,58,67,25,23,10,8,,2,,0,,1,,1,3,1,,0,,0,,26,,0,,1,,0,,1,,1,,0,,6
22.09.2013,Bundestagswahl,140,5911000,1203,1072,867,205,0,505,1,12,9,493,496,108,93,238,203,3,11,50,70,56,69,19,19,17,11,,0,,0,,1,,0,2,0,,0,,0,,12,,1,,3,,1,,0,,0,,0,,2
22.09.2013,Bundestagswahl,140,5911000,1204,1081,835,246,0,536,1,16,13,520,523,109,85,256,208,9,15,51,71,50,69,34,23,10,6,,1,,2,,0,,0,1,1,,0,,0,,32,,4,,0,,0,,0,,3,,0,,3
22.09.2013,Bundestagswahl,140,5911000,1205,1020,822,198,0,393,4,0,7,393,386,88,74,168,135,1,7,42,52,53,70,24,21,14,3,,2,,0,,1,,0,3,0,,0,,0,,12,,1,,1,,0,,1,,0,,0,,6
22.09.2013,Bundestagswahl,140,5911000,1206,1048,804,244,0,455,1,9,6,446,449,109,93,189,155,7,15,45,52,56,66,31,19,9,6,,3,,0,,0,,0,0,0,,0,,0,,32,,5,,1,,0,,0,,1,,0,,1
22.09.2013,Bundestagswahl,140,5911000,1207,1244,912,332,0,583,2,9,8,574,575,160,122,240,203,8,27,62,77,70,78,31,23,2,1,,0,,0,,0,,4,1,1,,0,,0,,23,,6,,1,,0,,1,,1,,0,,7
22.09.2013,Bundestagswahl,140,5911000,1208,1235,972,263,0,568,0,4,4,564,564,156,112,224,183,8,26,56,83,67,69,37,25,12,8,,2,,0,,1,,2,4,2,,0,,0,,33,,1,,3,,1,,4,,1,,0,,8
22.09.2013,Bundestagswahl,140,5911000,1301,1234,986,248,0,730,2,10,7,720,723,190,169,294,219,7,23,99,144,84,105,38,23,6,4,,0,,0,,1,,1,2,2,,0,,0,,26,,1,,0,,0,,1,,1,,0,,3
22.09.2013,Bundestagswahl,140,5911000,1302,1128,843,285,0,585,3,13,13,572,572,157,129,237,184,6,24,73,103,60,72,28,27,9,5,,0,,0,,0,,1,2,1,,0,,0,,15,,2,,1,,0,,1,,1,,0,,6
22.09.2013,Bundestagswahl,140,5911000,1303,1197,916,281,0,646,6,12,7,634,639,209,177,269,233,5,20,72,103,49,57,20,8,6,3,,1,,0,,1,,2,4,0,,0,,0,,28,,1,,1,,0,,1,,1,,1,,1
22.09.2013,Bundestagswahl,140,5911000,1304,1187,860,327,0,688,7,7,5,681,683,201,181,298,228,6,16,79,119,63,84,29,28,4,4,,0,,0,,0,,2,1,1,,0,,0,,13,,0,,0,,0,,0,,1,,1,,5
22.09.2013,Bundestagswahl,140,5911000,1305,1094,844,250,0,573,4,2,1,571,572,119,99,263,212,4,14,81,108,69,77,26,13,5,4,,1,,0,,2,,3,4,1,,1,,0,,25,,2,,3,,0,,0,,2,,0,,5
22.09.2013,Bundestagswahl,140,5911000,1306,954,685,269,0,578,7,5,4,573,574,236,178,219,171,9,37,56,103,29,42,17,10,6,5,,0,,0,,2,,3,1,0,,0,,0,,18,,0,,0,,0,,1,,1,,0,,3
22.09.2013,Bundestagswahl,140,5911000,1307,1177,890,287,0,667,1,7,6,660,661,221,179,268,228,13,31,66,97,66,80,13,16,6,4,,0,,0,,0,,1,7,3,,0,,0,,18,,0,,0,,0,,1,,0,,0,,3
22.09.2013,Bundestagswahl,140,5911000,1401,1060,786,274,0,484,2,6,6,478,478,172,138,167,145,8,29,51,54,52,57,18,19,8,4,,0,,0,,1,,2,2,1,,0,,1,,21,,0,,1,,0,,0,,2,,1,,2
22.09.2013,Bundestagswahl,140,5911000,1402,1131,862,269,0,527,2,3,3,524,524,118,102,219,161,10,18,61,94,75,83,35,40,4,4,,1,,0,,0,,1,2,0,,0,,0,,14,,2,,0,,0,,2,,0,,0,,2
22.09.2013,Bundestagswahl,140,5911000,1403,1314,993,321,0,677,0,10,8,667,669,200,175,306,240,4,18,63,100,54,74,25,20,12,3,,1,,0,,0,,1,3,3,,0,,0,,24,,0,,2,,0,,2,,0,,0,,6
22.09.2013,Bundestagswahl,140,5911000,1404,1312,958,354,0,763,6,16,12,747,751,254,209,310,265,3,18,78,121,68,80,26,20,6,4,,0,,0,,1,,8,2,0,,0,,0,,16,,1,,3,,0,,0,,0,,0,,5
22.09.2013,Bundestagswahl,140,5911000,1405,1449,1141,308,0,825,2,8,6,817,819,197,168,363,289,8,17,92,148,107,108,32,35,17,9,,2,,0,,0,,1,1,1,,0,,0,,22,,1,,1,,0,,3,,0,,2,,12
22.09.2013,Bundestagswahl,140,5911000,1406,1271,946,325,0,762,11,15,11,747,751,225,173,324,277,13,32,88,131,57,72,24,21,14,11,,0,,0,,0,,0,2,0,,3,,0,,27,,0,,0,,0,,1,,1,,0,,2
22.09.2013,Bundestagswahl,140,5911000,1407,1454,1085,369,0,767,7,3,3,764,764,303,263,326,282,7,22,63,95,42,51,12,12,11,4,,0,,1,,1,,2,0,0,,0,,0,,22,,1,,3,,0,,1,,1,,0,,3
22.09.2013,Bundestagswahl,140,5911000,1501,839,657,182,0,359,3,8,1,351,358,89,74,165,128,4,5,21,38,41,55,20,23,9,7,,0,,0,,0,,0,2,1,,0,,0,,20,,2,,1,,0,,0,,0,,0,,4
22.09.2013,Bundestagswahl,140,5911000,1502,1011,808,203,0,457,0,7,5,450,452,116,93,206,180,5,10,32,46,60,64,24,21,6,6,,0,,0,,0,,0,1,0,,0,,0,,25,,1,,3,,0,,1,,1,,0,,1
22.09.2013,Bundestagswahl,140,5911000,1503,1116,926,190,0,575,3,13,6,562,569,132,109,277,216,4,11,47,87,61,81,26,23,13,8,,0,,1,,0,,1,2,0,,0,,0,,26,,1,,2,,0,,1,,1,,1,,0
22.09.2013,Bundestagswahl,140,5911000,1504,859,738,121,0,440,1,5,5,435,435,96,77,215,174,2,6,34,59,60,66,17,19,9,4,,1,,0,,1,,0,2,0,,1,,0,,17,,5,,1,,1,,1,,0,,0,,2
22.09.2013,Bundestagswahl,140,5911000,1505,780,682,98,0,328,0,6,6,322,322,52,46,186,150,4,10,18,36,42,46,9,12,10,7,,0,,2,,0,,0,1,1,,0,,1,,6,,1,,1,,0,,1,,1,,0,,1
22.09.2013,Bundestagswahl,140,5911000,1506,761,676,85,0,333,0,9,7,324,326,56,48,171,148,1,3,21,25,56,60,11,15,8,5,,0,,0,,0,,0,0,1,,0,,0,,16,,3,,0,,0,,1,,0,,0,,1
22.09.2013,Bundestagswahl,140,5911000,1507,1029,838,191,0,447,0,7,4,440,443,102,88,209,171,6,10,27,52,55,59,21,19,16,12,,1,,0,,0,,2,4,1,,1,,0,,15,,7,,3,,1,,0,,0,,0,,1
22.09.2013,Bundestagswahl,140,5911000,1508,1110,794,316,0,549,1,11,5,538,544,185,160,256,215,6,12,31,47,31,47,15,11,12,10,,0,,0,,0,,1,2,2,,0,,0,,28,,1,,5,,0,,0,,2,,0,,3
22.09.2013,Bundestagswahl,140,5911000,1509,1032,855,177,0,508,0,9,8,499,500,122,101,250,225,8,14,24,38,54,56,21,15,17,15,,1,,0,,1,,2,3,0,,0,,1,,19,,6,,0,,1,,1,,1,,1,,2
22.09.2013,Bundestagswahl,140,5911000,1601,1042,848,194,0,595,1,9,8,586,587,173,142,310,263,6,15,23,37,29,46,25,22,19,16,,4,,0,,0,,0,1,0,,0,,1,,31,,4,,3,,0,,2,,0,,0,,1
22.09.2013,Bundestagswahl,140,5911000,1602,1554,1254,300,0,951,1,19,15,932,936,217,204,556,503,3,44,39,29,51,62,47,24,18,10,,6,,2,,1,,0,1,1,,0,,3,,34,,0,,4,,0,,1,,0,,2,,6
22.09.2013,Bundestagswahl,140,5911000,1603,1103,863,240,0,528,2,9,7,519,521,141,120,295,264,7,10,13,19,33,34,16,22,13,7,,1,,0,,2,,0,1,1,,0,,0,,28,,1,,5,,0,,4,,0,,1,,2
22.09.2013,Bundestagswahl,140,5911000,1604,1060,872,188,0,484,2,12,9,472,475,111,89,252,225,4,17,27,30,53,56,15,16,10,11,,2,,0,,2,,0,0,1,,0,,1,,14,,4,,1,,0,,1,,0,,0,,5
22.09.2013,Bundestagswahl,140,5911000,1605,1123,933,190,0,536,5,14,10,522,526,159,136,237,223,5,7,31,40,55,65,23,21,11,6,,1,,0,,2,,0,1,2,,1,,0,,13,,3,,1,,0,,1,,0,,1,,3
22.09.2013,Bundestagswahl,140,5911000,1606,1250,1063,187,0,588,0,11,4,577,584,134,116,289,240,6,9,46,60,59,72,33,36,8,8,,0,,0,,2,,2,2,0,,1,,1,,26,,5,,1,,1,,0,,0,,0,,4
22.09.2013,Bundestagswahl,140,5911000,1607,1093,903,190,0,542,1,8,10,534,532,112,104,302,268,5,13,22,35,45,46,20,16,25,17,,0,,0,,1,,1,3,0,,0,,0,,17,,7,,3,,0,,0,,0,,0,,4
22.09.2013,Bundestagswahl,140,5911000,1701,1118,897,221,0,581,2,8,5,573,576,178,159,269,227,3,17,35,50,63,67,19,14,4,1,,2,,0,,1,,2,2,2,,0,,2,,22,,2,,0,,0,,1,,0,,0,,7
22.09.2013,Bundestagswahl,140,5911000,1702,927,760,167,0,500,2,12,8,488,492,153,132,231,213,6,15,25,33,42,43,16,18,13,9,,0,,0,,0,,1,2,0,,0,,0,,19,,0,,3,,0,,2,,0,,1,,3
22.09.2013,Bundestagswahl,140,5911000,1703,1339,1059,280,0,752,3,6,7,746,745,254,221,358,319,10,12,24,54,58,62,21,21,20,11,,0,,0,,1,,0,1,1,,0,,0,,32,,2,,2,,0,,3,,1,,1,,2
22.09.2013,Bundestagswahl,140,5911000,1704,1033,830,203,0,509,0,16,15,493,494,142,124,228,200,4,15,35,45,42,48,21,18,20,18,,0,,1,,0,,2,1,0,,2,,0,,11,,0,,1,,1,,2,,1,,0,,5
22.09.2013,Bundestagswahl,140,5911000,1705,1070,834,236,0,522,2,16,14,506,508,136,116,251,219,11,11,28,44,46,59,19,19,14,11,,1,,0,,1,,0,1,0,,0,,0,,23,,0,,0,,1,,0,,1,,0,,2
22.09.2013,Bundestagswahl,140,5911000,1706,872,705,167,0,473,0,8,6,465,467,153,136,203,174,7,15,25,44,42,50,19,12,16,13,,0,,0,,1,,0,0,0,,0,,0,,18,,0,,0,,1,,0,,1,,0,,2
22.09.2013,Bundestagswahl,140,5911000,1707,954,789,165,0,429,0,6,4,423,425,134,119,205,172,2,7,13,20,25,48,24,14,20,24,,1,,0,,1,,0,0,0,,1,,0,,13,,0,,2,,0,,0,,0,,0,,3
22.09.2013,Bundestagswahl,140,5911000,1801,1447,1132,315,0,710,1,13,9,697,701,188,169,381,328,4,15,33,47,47,58,23,21,21,18,,2,,1,,3,,1,0,0,,0,,0,,30,,0,,4,,0,,1,,1,,0,,2
22.09.2013,Bundestagswahl,140,5911000,1802,1247,1033,214,0,622,0,17,10,605,612,177,163,293,256,8,12,28,46,55,63,24,22,18,11,,2,,0,,1,,0,2,0,,1,,0,,27,,0,,3,,0,,0,,1,,2,,2
22.09.2013,Bundestagswahl,140,5911000,1803,1292,1059,233,0,678,2,13,10,665,668,181,161,349,296,1,7,25,39,52,67,24,22,33,29,,2,,0,,1,,0,0,0,,0,,0,,32,,0,,3,,0,,4,,0,,1,,4
22.09.2013,Bundestagswahl,140,5911000,1804,1347,1018,329,0,613,0,5,5,608,608,138,136,345,307,4,4,28,34,43,50,20,14,30,20,,0,,1,,2,,0,0,1,,1,,1,,31,,0,,3,,1,,1,,0,,1,,0
22.09.2013,Bundestagswahl,140,5911000,1805,1190,938,252,0,472,0,10,8,462,464,106,92,236,223,11,10,21,25,57,56,10,13,21,13,,0,,0,,0,,1,0,1,,0,,0,,21,,4,,2,,0,,1,,0,,0,,2
22.09.2013,Bundestagswahl,140,5911000,1806,1173,994,179,0,580,0,10,10,570,570,157,133,258,214,8,24,57,77,48,60,29,24,12,8,,0,,1,,2,,1,1,0,,0,,0,,21,,0,,2,,0,,0,,1,,1,,1
22.09.2013,Bundestagswahl,140,5911000,2101,887,740,147,0,495,2,9,8,486,487,171,142,228,200,3,19,15,23,42,55,14,8,12,5,,1,,0,,0,,0,1,0,,1,,0,,25,,1,,4,,1,,0,,0,,0,,2
22.09.2013,Bundestagswahl,140,5911000,2102,1023,861,162,0,571,1,11,8,560,563,177,162,268,234,6,19,23,29,35,49,18,7,32,23,,0,,0,,2,,0,1,0,,0,,0,,28,,2,,4,,0,,0,,0,,1,,3
22.09.2013,Bundestagswahl,140,5911000,2103,1286,1064,222,0,704,0,14,10,690,694,199,180,341,289,4,13,46,54,49,61,21,23,29,18,,5,,3,,2,,0,1,1,,0,,0,,35,,0,,3,,0,,5,,1,,0,,1
22.09.2013,Bundestagswahl,140,5911000,2104,1015,903,112,0,489,1,8,6,481,483,142,129,232,207,2,12,23,28,45,45,20,15,17,14,,1,,0,,0,,1,0,0,,0,,0,,26,,0,,0,,0,,1,,0,,0,,4
22.09.2013,Bundestagswahl,140,5911000,2105,1460,1199,261,0,754,0,12,7,742,747,240,210,350,316,8,20,43,63,40,42,27,20,33,22,,4,,0,,2,,0,1,0,,0,,2,,36,,4,,3,,0,,1,,0,,0,,2
22.09.2013,Bundestagswahl,140,5911000,2106,1429,1160,269,0,802,3,11,11,791,791,270,251,377,321,4,14,38,59,48,58,18,14,35,16,,1,,0,,1,,0,1,0,,0,,1,,43,,0,,5,,0,,2,,0,,0,,5
22.09.2013,Bundestagswahl,140,5911000,2201,894,752,142,0,451,0,5,6,446,445,140,117,221,199,9,16,15,23,31,34,15,15,15,13,,0,,0,,3,,0,0,0,,1,,0,,19,,0,,1,,0,,2,,0,,0,,2
22.09.2013,Bundestagswahl,140,5911000,2202,1004,810,194,0,545,2,8,7,537,538,205,175,240,220,5,16,29,32,37,43,10,10,9,6,,0,,0,,0,,0,2,2,,0,,1,,23,,0,,0,,1,,4,,1,,0,,4
22.09.2013,Bundestagswahl,140,5911000,2203,829,699,130,0,379,2,10,11,369,368,100,84,183,158,1,3,18,24,32,33,17,16,18,14,,1,,1,,2,,0,0,0,,0,,0,,25,,1,,1,,1,,1,,0,,1,,2
22.09.2013,Bundestagswahl,140,5911000,2204,888,690,198,0,358,0,4,3,354,355,107,96,166,154,9,15,23,30,26,26,17,12,6,3,,0,,0,,0,,0,0,0,,0,,0,,15,,0,,0,,0,,1,,2,,1,,0
22.09.2013,Bundestagswahl,140,5911000,2205,888,726,162,0,389,1,7,7,382,382,121,105,172,144,1,6,15,30,44,48,19,12,9,10,,1,,0,,0,,0,1,1,,0,,0,,16,,0,,2,,0,,0,,0,,0,,7
22.09.2013,Bundestagswahl,140,5911000,2206,958,753,205,0,518,0,7,7,511,511,227,195,193,176,4,19,24,33,37,45,10,4,15,8,,0,,1,,1,,1,1,0,,1,,0,,25,,1,,0,,0,,0,,1,,0,,0
22.09.2013,Bundestagswahl,140,5911000,2207,848,674,174,0,400,1,7,3,393,397,140,124,174,148,9,12,17,21,26,31,8,12,18,9,,3,,1,,1,,1,1,1,,0,,0,,31,,0,,1,,0,,1,,0,,0,,0
22.09.2013,Bundestagswahl,140,5911000,2208,884,711,173,0,431,3,8,7,423,424,126,107,215,191,2,6,16,27,32,41,14,8,16,13,,1,,1,,1,,0,2,1,,0,,0,,17,,1,,3,,0,,3,,0,,0,,3
22.09.2013,Bundestagswahl,140,5911000,2209,860,679,181,0,447,0,5,2,442,445,145,123,223,197,5,14,12,24,28,23,12,11,17,11,,4,,0,,0,,2,0,0,,0,,0,,31,,0,,1,,0,,2,,2,,0,,0
22.09.2013,Bundestagswahl,140,5911000,2210,840,654,186,0,431,1,7,6,424,425,150,133,197,172,4,13,26,35,21,22,18,12,8,7,,0,,0,,1,,1,0,0,,1,,0,,16,,3,,4,,1,,2,,0,,0,,2
22.09.2013,Bundestagswahl,140,5911000,2301,831,663,168,0,356,0,3,3,353,353,93,82,175,159,6,6,17,25,31,29,18,13,13,7,,0,,0,,0,,0,0,1,,0,,0,,25,,1,,0,,0,,4,,0,,0,,1
22.09.2013,Bundestagswahl,140,5911000,2302,980,861,119,0,384,0,8,7,376,377,110,106,165,157,4,7,18,19,41,44,20,9,18,10,,1,,0,,0,,1,0,0,,0,,0,,21,,0,,0,,0,,0,,0,,0,,2
22.09.2013,Bundestagswahl,140,5911000,2303,1108,915,193,0,577,0,7,5,570,572,163,133,286,268,4,15,25,35,50,50,20,16,21,13,,1,,0,,1,,0,1,1,,0,,1,,32,,2,,1,,1,,0,,0,,0,,2
22.09.2013,Bundestagswahl,140,5911000,2304,999,818,181,0,463,0,13,9,450,454,147,124,216,214,4,9,17,17,39,36,7,11,20,14,,2,,0,,0,,0,0,0,,0,,0,,20,,1,,1,,0,,1,,1,,0,,3
22.09.2013,Bundestagswahl,140,5911000,2305,944,763,181,0,432,1,1,1,431,431,134,127,183,163,11,20,32,40,47,44,8,5,15,15,,0,,1,,0,,2,1,1,,0,,0,,8,,2,,0,,0,,0,,0,,0,,3
22.09.2013,Bundestagswahl,140,5911000,2306,872,765,107,0,350,0,4,3,346,347,101,88,155,143,2,8,9,10,30,34,18,14,29,11,,1,,0,,0,,1,2,2,,0,,0,,26,,0,,5,,0,,0,,0,,0,,4
22.09.2013,Bundestagswahl,140,5911000,2307,700,610,90,0,304,0,7,8,297,296,75,68,155,132,1,5,8,14,26,31,15,12,16,10,,1,,0,,0,,0,1,1,,0,,0,,14,,2,,3,,2,,0,,0,,0,,1
22.09.2013,Bundestagswahl,140,5911000,2401,1033,846,187,0,488,1,4,3,484,485,151,122,198,177,7,18,31,36,52,67,31,19,10,8,,1,,0,,0,,1,4,3,,0,,0,,22,,1,,1,,0,,0,,0,,0,,9
22.09.2013,Bundestagswahl,140,5911000,2402,1045,858,187,0,576,0,7,7,569,569,187,162,287,251,10,23,22,28,25,38,20,12,18,12,,1,,0,,2,,1,0,2,,0,,0,,30,,1,,1,,0,,3,,0,,0,,2
22.09.2013,Bundestagswahl,140,5911000,2403,1086,924,162,0,617,0,11,7,606,610,210,187,277,253,4,11,18,19,44,54,28,13,25,19,,1,,2,,1,,1,0,0,,0,,2,,34,,0,,5,,1,,3,,1,,0,,3
22.09.2013,Bundestagswahl,140,5911000,2404,1139,981,158,0,549,0,10,8,539,541,161,147,249,224,7,14,17,25,45,55,21,10,38,22,,2,,0,,2,,0,1,1,,0,,0,,29,,0,,3,,0,,1,,2,,1,,3
22.09.2013,Bundestagswahl,140,5911000,2405,971,773,198,0,457,1,1,0,456,457,158,145,213,200,6,17,19,17,26,32,10,6,22,10,,1,,0,,0,,0,2,1,,0,,0,,25,,0,,1,,0,,1,,0,,0,,1
22.09.2013,Bundestagswahl,140,5911000,2406,1094,963,131,0,589,1,9,6,580,583,172,150,307,256,2,11,21,34,39,51,19,21,20,12,,0,,0,,0,,1,0,0,,0,,0,,40,,2,,2,,0,,1,,0,,1,,1
22.09.2013,Bundestagswahl,140,5911000,2407,995,806,189,0,372,0,6,2,366,370,95,91,184,166,4,7,9,18,46,41,13,13,14,10,,1,,0,,0,,0,1,1,,0,,0,,16,,1,,0,,0,,0,,0,,1,,4
22.09.2013,Bundestagswahl,140,5911000,2501,1057,877,180,0,578,1,5,4,573,574,171,159,284,247,11,20,25,32,44,46,18,13,20,14,,4,,0,,2,,0,0,0,,1,,0,,30,,0,,2,,0,,0,,1,,0,,3
22.09.2013,Bundestagswahl,140,5911000,2502,895,734,161,0,441,0,9,8,432,433,99,85,235,230,1,2,26,28,40,47,15,11,15,7,,0,,0,,0,,0,1,0,,0,,0,,19,,0,,1,,0,,0,,2,,0,,1
22.09.2013,Bundestagswahl,140,5911000,2503,984,757,227,0,563,0,9,9,554,554,234,199,247,210,6,24,15,37,33,35,7,9,10,11,,0,,0,,3,,0,2,0,,0,,0,,21,,0,,2,,0,,0,,0,,1,,2
22.09.2013,Bundestagswahl,140,5911000,2504,1075,898,177,0,540,2,7,9,533,531,180,160,274,251,9,15,13,27,34,33,12,10,10,9,,0,,0,,1,,0,1,1,,0,,1,,18,,0,,3,,0,,2,,0,,0,,0
22.09.2013,Bundestagswahl,140,5911000,2505,1099,881,218,0,559,0,9,9,550,550,210,177,254,215,10,18,15,38,31,32,15,15,12,13,,1,,0,,0,,0,3,1,,0,,0,,32,,0,,1,,0,,1,,1,,0,,5
22.09.2013,Bundestagswahl,140,5911000,2506,1223,877,346,0,549,2,12,5,537,544,199,179,245,207,1,8,31,49,33,40,15,13,13,7,,0,,0,,1,,0,0,1,,0,,0,,26,,0,,4,,2,,2,,4,,0,,1
22.09.2013,Bundestagswahl,140,5911000,2507,1278,1013,265,0,708,1,18,15,690,693,257,222,321,268,5,16,17,34,53,61,18,15,18,17,,2,,0,,3,,1,1,0,,0,,0,,48,,0,,0,,1,,2,,0,,1,,2
22.09.2013,Bundestagswahl,140,5911000,2508,909,757,152,0,434,1,18,12,416,422,148,128,185,179,6,15,18,20,31,26,15,16,11,8,,0,,1,,1,,0,2,1,,0,,0,,19,,0,,2,,0,,3,,1,,0,,2
22.09.2013,Bundestagswahl,140,5911000,2601,1300,940,360,0,693,2,8,6,685,687,304,271,274,240,11,33,43,44,28,39,13,15,11,8,,0,,0,,1,,1,1,0,,0,,0,,27,,0,,6,,0,,1,,0,,0,,1
22.09.2013,Bundestagswahl,140,5911000,2602,1229,940,289,0,642,4,8,4,634,638,157,138,386,352,3,11,17,40,43,37,10,14,18,14,,2,,0,,2,,1,0,0,,0,,1,,22,,0,,2,,1,,1,,0,,0,,0
22.09.2013,Bundestagswahl,140,5911000,2603,1304,948,356,0,699,3,6,3,693,696,281,245,296,268,9,28,31,50,46,41,17,9,13,7,,4,,0,,1,,0,0,0,,0,,0,,35,,0,,1,,1,,2,,0,,2,,2
22.09.2013,Bundestagswahl,140,5911000,2604,1352,1026,326,0,822,3,8,4,814,818,388,341,317,306,11,36,41,62,33,30,14,10,10,3,,0,,0,,1,,1,0,0,,0,,0,,26,,1,,0,,0,,0,,1,,0,,0
22.09.2013,Bundestagswahl,140,5911000,2605,1212,931,281,0,623,0,13,9,610,614,224,197,270,243,13,25,25,50,46,53,14,9,15,12,,1,,1,,2,,0,3,2,,0,,0,,17,,0,,1,,0,,1,,0,,0,,0
22.09.2013,Bundestagswahl,140,5911000,2606,1303,1005,298,0,733,6,6,3,727,730,250,224,354,302,12,27,49,68,22,32,22,21,16,10,,0,,1,,1,,2,2,1,,1,,0,,36,,0,,1,,0,,1,,0,,0,,2
22.09.2013,Bundestagswahl,140,5911000,2607,1423,1035,388,0,770,4,10,10,760,760,332,270,295,255,7,34,35,59,40,59,22,16,27,20,,0,,0,,0,,0,2,2,,0,,0,,37,,0,,0,,1,,1,,1,,0,,5
22.09.2013,Bundestagswahl,140,5911000,2701,1031,790,241,0,568,2,4,2,564,566,214,200,242,222,14,20,36,50,25,26,20,16,13,7,,1,,0,,1,,0,0,0,,0,,0,,16,,0,,2,,0,,3,,1,,0,,1
22.09.2013,Bundestagswahl,140,5911000,2702,1128,930,198,0,635,1,12,12,623,623,268,231,285,251,5,13,15,31,26,42,12,11,12,12,,1,,0,,0,,1,0,0,,0,,0,,25,,1,,0,,0,,0,,1,,1,,2
22.09.2013,Bundestagswahl,140,5911000,2703,1044,896,148,0,461,2,6,5,455,456,161,142,210,192,5,11,14,23,45,42,16,13,3,2,,0,,0,,1,,2,1,4,,0,,0,,20,,0,,0,,0,,1,,1,,0,,2
22.09.2013,Bundestagswahl,140,5911000,2704,1113,899,214,0,649,3,13,9,636,640,216,187,325,277,8,23,28,48,29,41,12,7,17,14,,1,,0,,1,,0,1,0,,0,,0,,34,,3,,1,,0,,0,,0,,0,,3
22.09.2013,Bundestagswahl,140,5911000,2705,1179,852,327,0,640,2,6,3,634,637,258,212,260,245,11,34,44,52,29,29,23,22,8,6,,1,,0,,0,,1,1,0,,0,,0,,26,,4,,1,,1,,0,,1,,0,,2
22.09.2013,Bundestagswahl,140,5911000,2706,1105,896,209,0,594,1,7,5,587,589,217,191,268,233,6,13,23,37,40,49,16,16,17,13,,2,,0,,0,,1,0,0,,0,,0,,27,,1,,0,,1,,3,,0,,1,,1
22.09.2013,Bundestagswahl,140,5911000,2707,1085,782,303,0,587,0,8,6,579,581,242,209,238,204,4,28,51,47,30,39,11,8,3,6,,1,,0,,1,,0,0,1,,0,,0,,30,,0,,0,,0,,2,,3,,0,,2
22.09.2013,Bundestagswahl,140,5911000,5101,972,700,272,0,500,1,2,3,498,497,166,144,205,177,6,14,59,73,33,40,17,13,12,4,,0,,0,,2,,1,0,0,,0,,0,,20,,0,,4,,0,,0,,1,,1,,3
22.09.2013,Bundestagswahl,140,5911000,5102,956,748,208,0,508,1,3,2,505,506,190,161,203,171,6,16,41,65,44,45,12,12,8,9,,0,,0,,1,,0,1,0,,0,,0,,22,,1,,1,,0,,0,,0,,0,,2
22.09.2013,Bundestagswahl,140,5911000,5103,1193,892,301,0,633,4,9,9,624,624,182,157,292,251,12,16,38,61,60,76,27,15,12,8,,0,,1,,0,,1,1,0,,0,,0,,26,,2,,4,,0,,1,,0,,1,,4
22.09.2013,Bundestagswahl,140,5911000,5104,1203,828,375,0,573,2,6,5,567,568,194,168,244,210,6,14,55,71,40,51,17,22,10,4,,0,,0,,0,,0,1,0,,0,,0,,21,,1,,2,,0,,1,,0,,0,,3
22.09.2013,Bundestagswahl,140,5911000,5105,1157,888,269,0,680,0,13,11,667,669,273,246,304,267,5,27,34,54,29,39,11,7,11,7,,0,,0,,0,,2,0,0,,0,,0,,14,,0,,2,,1,,0,,0,,0,,3
22.09.2013,Bundestagswahl,140,5911000,5106,1085,870,215,0,571,3,8,1,563,570,197,182,255,222,8,16,45,60,35,47,15,10,8,7,,1,,0,,1,,1,0,0,,0,,0,,17,,0,,1,,0,,2,,2,,0,,1
22.09.2013,Bundestagswahl,140,5911000,5107,1445,1099,346,0,791,2,14,11,777,780,263,222,361,332,12,30,63,81,44,51,23,19,11,7,,1,,1,,1,,0,0,0,,1,,0,,32,,0,,0,,0,,1,,0,,0,,1
22.09.2013,Bundestagswahl,140,5911000,5108,1058,816,242,0,585,4,5,5,580,580,232,195,216,183,11,33,53,64,40,38,21,21,6,4,,0,,0,,2,,2,1,0,,0,,0,,26,,0,,2,,0,,3,,1,,0,,6
22.09.2013,Bundestagswahl,140,5911000,5109,1216,880,336,0,666,3,12,7,654,659,215,169,257,206,16,33,80,121,50,58,23,20,11,7,,0,,0,,1,,1,2,2,,0,,0,,30,,0,,0,,0,,4,,2,,1,,4
22.09.2013,Bundestagswahl,140,5911000,5201,994,696,298,0,571,4,4,5,567,566,223,169,226,183,12,40,50,84,39,46,10,10,4,1,,0,,1,,1,,1,3,1,,0,,0,,22,,1,,2,,0,,0,,0,,0,,4
22.09.2013,Bundestagswahl,140,5911000,5202,1102,770,332,0,573,0,9,7,564,566,211,187,232,202,7,23,45,61,46,46,13,19,10,4,,0,,0,,2,,2,0,1,,0,,0,,14,,0,,0,,0,,2,,0,,1,,2
22.09.2013,Bundestagswahl,140,5911000,5203,939,745,194,0,510,4,11,4,499,506,178,161,233,220,4,16,25,31,33,35,11,4,15,9,,0,,0,,0,,0,0,0,,0,,0,,23,,2,,2,,0,,1,,0,,0,,2
22.09.2013,Bundestagswahl,140,5911000,5204,953,664,289,0,454,0,17,13,437,441,168,140,192,158,6,20,31,51,29,33,6,8,5,4,,0,,0,,1,,0,0,0,,1,,0,,21,,0,,0,,0,,0,,0,,0,,4
22.09.2013,Bundestagswahl,140,5911000,5205,989,714,275,0,516,0,9,5,507,511,213,178,199,179,5,15,31,51,13,19,42,42,3,3,,1,,0,,1,,1,1,0,,0,,0,,17,,0,,1,,0,,1,,0,,0,,2
22.09.2013,Bundestagswahl,140,5911000,5206,703,524,179,0,350,1,7,4,343,346,125,108,148,130,2,7,28,37,30,41,7,6,3,2,,1,,0,,1,,1,0,1,,0,,0,,9,,0,,0,,0,,0,,0,,1,,1
22.09.2013,Bundestagswahl,140,5911000,5207,883,767,116,0,387,1,8,7,379,380,152,131,130,116,1,15,17,29,59,57,12,10,8,7,,0,,1,,1,,0,0,0,,0,,0,,13,,0,,0,,0,,0,,0,,0,,0
22.09.2013,Bundestagswahl,140,5911000,5208,837,663,174,0,354,3,11,9,343,345,103,95,149,125,5,8,15,24,50,61,15,11,2,1,,0,,0,,1,,1,4,1,,0,,0,,13,,3,,0,,0,,0,,0,,0,,1
22.09.2013,Bundestagswahl,140,5911000,5209,497,391,106,0,227,1,2,2,225,225,58,47,74,61,3,8,33,38,29,37,25,18,1,1,,0,,0,,0,,3,2,1,,0,,0,,6,,0,,0,,0,,0,,0,,0,,5
22.09.2013,Bundestagswahl,140,5911000,5210,1107,808,299,0,574,5,4,3,570,571,179,129,221,181,16,31,83,118,44,56,24,26,2,0,,0,,0,,1,,2,1,1,,1,,1,,19,,1,,0,,0,,0,,0,,0,,4
22.09.2013,Bundestagswahl,140,5911000,5301,935,777,158,0,463,3,12,8,451,455,167,134,164,144,10,28,26,36,57,69,21,16,3,5,,0,,0,,0,,1,3,0,,0,,0,,20,,0,,0,,0,,1,,0,,0,,1
22.09.2013,Bundestagswahl,140,5911000,5302,1136,852,284,0,641,8,9,8,632,633,187,149,279,213,6,23,62,95,65,82,26,14,5,1,,1,,0,,0,,3,2,2,,0,,1,,33,,0,,1,,0,,0,,2,,0,,13
22.09.2013,Bundestagswahl,140,5911000,5303,814,711,103,0,434,1,11,4,423,430,81,68,221,156,4,10,32,67,59,83,12,19,8,4,,0,,0,,1,,1,6,5,,0,,0,,10,,1,,1,,0,,1,,0,,0,,3
22.09.2013,Bundestagswahl,140,5911000,5304,1170,891,279,0,627,4,11,7,616,620,223,192,250,194,8,28,36,69,70,77,21,19,7,5,,1,,0,,1,,0,1,0,,0,,0,,28,,1,,1,,0,,0,,0,,0,,4
22.09.2013,Bundestagswahl,140,5911000,5305,921,711,210,0,521,1,11,6,510,515,148,127,228,189,11,28,41,59,55,68,16,12,9,4,,1,,0,,0,,2,2,0,,0,,0,,24,,0,,0,,0,,0,,0,,0,,1
22.09.2013,Bundestagswahl,140,5911000,5306,785,669,116,0,347,1,6,6,341,341,80,63,150,125,4,14,34,40,50,64,22,14,0,0,,0,,0,,0,,4,1,3,,0,,0,,8,,1,,0,,0,,1,,0,,1,,3
22.09.2013,Bundestagswahl,140,5911000,5307,711,585,126,0,429,1,4,2,425,427,125,103,166,134,4,14,48,74,49,47,26,26,4,3,,1,,0,,1,,1,3,0,,0,,0,,17,,0,,0,,0,,3,,0,,0,,3
22.09.2013,Bundestagswahl,140,5911000,5401,1225,861,364,0,669,4,13,13,656,656,295,225,254,217,9,44,48,63,35,47,11,13,4,5,,0,,1,,1,,1,0,0,,1,,0,,30,,0,,2,,0,,2,,1,,1,,2
22.09.2013,Bundestagswahl,140,5911000,5402,1255,841,414,0,648,5,5,3,643,645,316,253,235,195,12,45,36,70,33,36,9,14,2,1,,1,,0,,0,,0,0,0,,0,,0,,28,,0,,1,,1,,0,,0,,0,,0
22.09.2013,Bundestagswahl,140,5911000,5403,1137,808,329,0,644,2,9,5,635,639,313,252,207,170,15,54,48,71,35,37,10,15,7,4,,0,,0,,0,,1,0,1,,0,,0,,30,,0,,0,,0,,2,,2,,0,,0
22.09.2013,Bundestagswahl,140,5911000,5404,1197,771,426,0,602,6,7,4,595,598,276,233,210,181,10,43,46,68,31,24,18,12,3,4,,1,,0,,0,,0,1,0,,0,,0,,25,,1,,0,,0,,2,,0,,0,,4
22.09.2013,Bundestagswahl,140,5911000,5405,1272,890,382,0,681,1,5,3,676,678,358,289,231,204,15,55,37,45,19,28,8,13,8,8,,0,,1,,0,,1,0,0,,0,,0,,31,,0,,2,,0,,1,,0,,0,,0
22.09.2013,Bundestagswahl,140,5911000,5406,1265,920,345,0,741,4,6,4,735,737,358,282,265,239,23,62,49,69,27,31,7,9,6,5,,0,,0,,0,,0,0,0,,0,,0,,36,,0,,0,,0,,2,,0,,0,,2
22.09.2013,Bundestagswahl,140,5911000,5407,1173,807,366,0,692,2,2,2,690,690,340,284,240,200,12,38,54,81,20,21,17,11,7,1,,0,,0,,0,,1,0,0,,0,,0,,46,,0,,1,,1,,0,,3,,0,,2
22.09.2013,Bundestagswahl,140,5911000,5408,1065,758,307,0,612,0,4,2,608,610,285,238,240,201,10,33,22,47,28,39,15,16,7,7,,0,,0,,3,,0,1,0,,0,,0,,19,,0,,2,,2,,0,,2,,0,,1
22.09.2013,Bundestagswahl,140,5911000,5409,1142,812,330,0,622,5,9,5,613,617,278,221,227,201,15,58,42,56,29,26,16,13,6,3,,1,,0,,0,,0,0,0,,0,,0,,35,,1,,1,,0,,1,,0,,0,,0
22.09.2013,Bundestagswahl,140,5911000,6101,1287,950,337,0,571,3,7,3,564,568,166,135,249,223,5,10,36,64,72,65,22,20,14,6,,2,,0,,0,,1,0,1,,0,,0,,34,,2,,0,,0,,0,,0,,0,,5
22.09.2013,Bundestagswahl,140,5911000,6102,1268,944,324,0,682,2,3,3,679,679,236,200,281,238,11,31,65,93,54,61,18,10,14,10,,0,,0,,2,,3,0,1,,0,,0,,22,,2,,3,,0,,0,,1,,1,,1
22.09.2013,Bundestagswahl,140,5911000,6103,1142,978,164,0,596,0,8,4,588,592,149,133,268,235,10,12,49,56,67,61,24,28,17,7,,2,,0,,1,,2,4,1,,0,,0,,37,,6,,5,,1,,1,,1,,0,,3
22.09.2013,Bundestagswahl,140,5911000,6104,1018,847,171,0,503,1,13,10,490,493,122,97,248,224,8,17,23,44,53,53,15,17,20,12,,1,,0,,0,,0,1,2,,0,,1,,18,,4,,2,,0,,0,,0,,0,,1
22.09.2013,Bundestagswahl,140,5911000,6105,1116,816,300,0,530,0,9,8,521,522,162,143,284,246,3,16,29,53,21,21,14,11,8,9,,0,,0,,0,,1,0,0,,0,,0,,14,,2,,0,,0,,0,,3,,0,,3
22.09.2013,Bundestagswahl,140,5911000,6106,1003,746,257,0,488,2,12,7,476,481,154,137,248,230,4,8,21,32,25,29,15,13,8,3,,0,,1,,0,,0,1,0,,1,,0,,22,,1,,1,,0,,0,,2,,0,,1
22.09.2013,Bundestagswahl,140,5911000,6201,1264,1004,260,0,656,2,16,14,640,642,239,209,289,254,9,28,36,66,34,40,22,15,9,5,,0,,1,,0,,0,2,3,,0,,0,,15,,0,,0,,0,,1,,0,,0,,5
22.09.2013,Bundestagswahl,140,5911000,6202,1244,835,409,0,561,2,7,6,554,555,176,152,247,206,9,25,44,58,44,49,26,26,7,4,,1,,0,,3,,1,1,1,,0,,0,,22,,2,,0,,2,,0,,0,,0,,3
22.09.2013,Bundestagswahl,140,5911000,6203,1302,944,358,0,748,10,7,5,741,743,307,263,300,269,8,27,56,77,38,42,23,18,9,6,,0,,0,,0,,2,0,0,,0,,0,,32,,0,,2,,1,,2,,1,,0,,1
22.09.2013,Bundestagswahl,140,5911000,6204,1148,771,377,0,539,1,12,9,527,530,183,158,241,202,7,14,42,59,31,45,15,10,7,12,,1,,1,,3,,0,1,0,,0,,0,,21,,0,,1,,0,,1,,1,,0,,1
22.09.2013,Bundestagswahl,140,5911000,6205,1214,865,349,0,606,0,12,8,594,598,247,204,233,200,16,39,38,60,30,35,20,11,5,7,,0,,0,,1,,3,5,1,,0,,0,,29,,0,,0,,0,,1,,1,,0,,6
22.09.2013,Bundestagswahl,140,5911000,6206,1316,940,376,0,681,4,6,3,675,678,311,275,261,230,9,25,42,49,30,61,15,9,6,5,,0,,0,,1,,1,1,0,,0,,0,,17,,0,,2,,0,,0,,0,,0,,3
22.09.2013,Bundestagswahl,140,5911000,6207,1160,877,283,0,661,0,6,2,655,659,275,225,271,236,20,33,25,66,24,35,26,15,14,4,,0,,0,,0,,4,0,0,,0,,0,,35,,0,,1,,0,,2,,2,,0,,1
22.09.2013,Bundestagswahl,140,5911000,6301,1245,954,291,0,732,3,12,7,720,725,273,228,315,275,6,21,38,64,48,62,27,21,13,7,,1,,0,,0,,1,0,0,,0,,0,,38,,0,,1,,0,,2,,0,,2,,2
22.09.2013,Bundestagswahl,140,5911000,6302,1415,1016,399,0,742,5,7,2,735,740,301,244,319,271,11,29,31,66,38,55,22,15,12,6,,0,,1,,3,,2,1,0,,0,,0,,44,,0,,1,,1,,0,,2,,0,,0
22.09.2013,Bundestagswahl,140,5911000,6303,1216,884,332,0,644,1,7,6,637,638,222,201,308,259,5,19,37,56,48,49,11,16,6,5,,0,,0,,0,,0,0,0,,0,,0,,25,,2,,2,,0,,1,,1,,1,,1
22.09.2013,Bundestagswahl,140,5911000,6304,1290,897,393,0,698,4,7,8,691,690,278,246,286,255,9,24,73,80,19,30,15,11,10,4,,1,,0,,0,,2,1,1,,0,,0,,32,,0,,0,,0,,0,,1,,0,,3
22.09.2013,Bundestagswahl,140,5911000,6305,1332,944,388,0,659,5,6,5,653,654,216,194,308,264,6,14,49,60,37,50,18,15,18,13,,0,,0,,3,,1,1,1,,1,,0,,27,,0,,5,,0,,0,,1,,1,,4
22.09.2013,Bundestagswahl,140,5911000,6306,1113,791,322,0,649,9,13,6,636,643,281,243,254,218,9,28,40,59,34,40,11,14,6,5,,0,,0,,1,,1,1,0,,0,,0,,30,,0,,0,,0,,3,,1,,0,,0
22.09.2013,Bundestagswahl,140,5911000,6307,1183,825,358,0,615,1,15,12,600,603,252,210,259,247,9,18,39,52,23,37,12,9,6,2,,0,,0,,0,,0,0,0,,0,,0,,24,,0,,1,,0,,0,,2,,0,,1
22.09.2013,Bundestagswahl,140,5911000,6308,1243,972,271,0,684,5,9,9,675,675,252,212,306,277,5,21,35,51,40,43,22,19,14,12,,2,,2,,1,,0,1,0,,0,,0,,27,,0,,2,,0,,2,,0,,1,,3
22.09.2013,Bundestagswahl,140,5911000,6401,1219,973,246,0,683,1,7,8,676,675,234,214,322,281,6,21,45,62,40,42,20,15,9,5,,1,,0,,2,,1,0,0,,0,,1,,26,,1,,0,,0,,0,,0,,2,,1
22.09.2013,Bundestagswahl,140,5911000,6402,1334,1066,268,0,741,6,17,17,724,724,230,203,344,293,8,20,49,65,50,73,19,13,20,12,,2,,1,,0,,1,4,2,,0,,0,,32,,0,,2,,0,,0,,0,,1,,4
22.09.2013,Bundestagswahl,140,5911000,6403,1107,938,169,0,714,6,12,10,702,704,246,211,347,299,5,19,33,66,41,42,16,15,14,9,,1,,0,,1,,2,0,0,,0,,0,,31,,0,,4,,1,,0,,1,,0,,2
22.09.2013,Bundestagswahl,140,5911000,6404,1279,981,298,0,671,2,13,8,658,663,207,192,334,284,9,16,47,54,34,52,17,20,10,8,,0,,1,,0,,1,0,0,,0,,1,,30,,1,,2,,0,,0,,0,,0,,1
22.09.2013,Bundestagswahl,140,5911000,6405,1251,1016,235,0,672,0,6,6,666,666,224,204,321,279,12,29,34,46,40,55,22,19,9,6,,0,,0,,1,,0,4,2,,0,,0,,19,,0,,4,,0,,0,,0,,0,,2
22.09.2013,Bundestagswahl,140,5911000,6406,1184,904,280,0,658,5,14,9,644,649,282,266,257,223,8,22,34,40,36,45,14,14,12,9,,1,,1,,1,,0,1,1,,0,,0,,21,,0,,3,,0,,0,,1,,1,,0
22.09.2013,Bundestagswahl,140,5911000,6407,1192,968,224,0,718,3,9,3,709,715,243,223,332,293,9,19,41,52,48,63,18,19,18,14,,0,,1,,0,,2,0,0,,0,,0,,22,,0,,1,,0,,2,,1,,0,,3
22.09.2013,Bundestagswahl,140,5911000,6501,1151,887,264,0,652,2,5,2,647,650,230,202,328,299,4,11,35,53,25,24,13,6,10,7,,0,,0,,0,,1,2,0,,0,,1,,38,,0,,3,,0,,1,,1,,0,,3
22.09.2013,Bundestagswahl,140,5911000,6502,941,599,342,0,466,12,6,4,460,462,190,162,194,171,9,19,27,39,16,23,16,15,7,6,,1,,0,,0,,0,1,1,,0,,0,,21,,0,,0,,0,,1,,2,,0,,1
22.09.2013,Bundestagswahl,140,5911000,6503,1292,880,412,0,657,4,4,4,653,653,247,214,302,248,4,30,43,83,37,42,17,8,3,3,,0,,1,,2,,2,0,1,,0,,0,,18,,0,,0,,0,,0,,0,,0,,1
22.09.2013,Bundestagswahl,140,5911000,6504,1150,954,196,0,687,1,3,2,684,685,245,222,321,273,5,22,38,55,34,46,23,21,17,11,,0,,0,,3,,2,1,1,,0,,0,,21,,0,,6,,0,,0,,0,,0,,2
22.09.2013,Bundestagswahl,140,5911000,6505,999,748,251,0,521,1,9,9,512,512,191,163,235,191,1,18,32,63,37,37,11,12,5,3,,0,,2,,1,,0,0,0,,0,,0,,17,,0,,0,,0,,1,,0,,1,,3
22.09.2013,Bundestagswahl,140,5911000,6506,1076,811,265,0,597,1,9,6,588,591,185,152,285,254,9,26,42,54,43,56,13,10,11,7,,1,,0,,0,,1,0,1,,0,,0,,24,,0,,0,,1,,0,,2,,0,,2
22.09.2013,Bundestagswahl,140,5911000,6507,1095,876,219,0,603,2,8,6,595,597,167,135,296,256,4,15,65,83,41,49,14,20,7,8,,1,,1,,1,,2,1,0,,0,,0,,20,,2,,0,,0,,2,,0,,0,,2
22.09.2013,Bundestagswahl,140,5911000,6508,973,860,113,0,508,0,11,8,497,500,112,105,286,246,5,16,36,59,36,36,13,12,9,9,,0,,1,,0,,1,0,0,,0,,0,,10,,1,,0,,0,,1,,1,,0,,2
22.09.2013,Bundestagswahl,140,5911000,6509,1054,821,233,0,544,0,6,7,538,537,193,168,225,203,4,19,41,56,56,55,14,16,5,2,,1,,0,,1,,0,0,0,,0,,0,,13,,0,,0,,0,,2,,0,,0,,1
22.09.2013,Bundestagswahl,140,5911000,9101,0,0,0,0,949,949,18,18,931,931,418,378,355,341,14,41,64,76,40,35,23,16,16,11,,5,,0,,0,,0,1,1,,0,,0,,20,,0,,3,,0,,1,,0,,1,,2
22.09.2013,Bundestagswahl,140,5911000,9102,0,0,0,0,735,735,20,2,715,733,348,291,244,214,17,55,55,86,29,37,11,7,10,6,,0,,1,,5,,1,1,1,,0,,0,,20,,0,,0,,1,,1,,1,,1,,5
22.09.2013,Bundestagswahl,140,5911000,9103,0,0,0,0,462,462,4,3,458,459,156,133,216,182,7,25,34,53,27,32,14,21,4,1,,0,,0,,0,,1,0,0,,0,,0,,8,,0,,1,,0,,0,,0,,0,,2
22.09.2013,Bundestagswahl,140,5911000,9111,0,0,0,0,635,635,8,7,627,628,249,221,254,235,10,27,37,45,43,47,20,18,14,5,,0,,1,,1,,2,0,0,,0,,0,,21,,0,,2,,0,,0,,1,,0,,2
22.09.2013,Bundestagswahl,140,5911000,9112,0,0,0,0,732,732,17,6,715,726,294,252,310,286,7,41,56,69,27,37,16,10,3,2,,1,,0,,1,,4,2,0,,0,,0,,15,,0,,0,,0,,1,,1,,1,,5
22.09.2013,Bundestagswahl,140,5911000,9113,0,0,0,0,522,522,4,3,518,519,184,168,242,213,9,18,32,43,34,41,9,10,8,6,,0,,0,,0,,2,0,0,,0,,0,,9,,0,,2,,0,,3,,0,,0,,4
22.09.2013,Bundestagswahl,140,5911000,9121,0,0,0,0,806,806,28,15,778,791,255,213,336,305,6,30,102,131,49,60,21,15,8,3,,0,,0,,3,,1,1,1,,0,,0,,21,,0,,1,,0,,1,,2,,0,,4
22.09.2013,Bundestagswahl,140,5911000,9122,0,0,0,0,646,646,21,6,625,640,211,195,274,238,9,10,62,88,40,45,24,25,5,5,,0,,0,,0,,2,0,0,,0,,1,,18,,3,,2,,0,,1,,1,,0,,6
22.09.2013,Bundestagswahl,140,5911000,9123,0,0,0,0,566,566,15,15,551,551,213,176,219,204,11,29,53,71,28,30,15,5,12,6,,1,,1,,1,,0,0,0,,0,,0,,18,,0,,4,,1,,1,,1,,0,,2
22.09.2013,Bundestagswahl,140,5911000,9131,0,0,0,0,484,484,17,16,467,468,151,127,183,146,10,30,64,82,37,41,15,16,5,3,,0,,0,,0,,2,2,1,,1,,0,,12,,1,,0,,0,,0,,1,,1,,4
22.09.2013,Bundestagswahl,140,5911000,9132,0,0,0,0,854,854,36,36,818,818,319,264,330,261,11,48,89,138,48,56,16,15,4,2,,1,,0,,1,,2,1,0,,0,,0,,25,,0,,0,,0,,1,,1,,0,,3
22.09.2013,Bundestagswahl,140,5911000,9133,0,0,0,0,488,488,10,9,478,479,214,179,149,132,19,34,59,79,23,28,13,11,0,1,,1,,0,,1,,0,1,0,,0,,0,,8,,0,,0,,0,,2,,0,,0,,3
22.09.2013,Bundestagswahl,140,5911000,9141,0,0,0,0,1118,1118,14,10,1104,1108,423,361,413,358,31,58,132,169,58,66,34,34,11,10,,1,,0,,3,,6,2,1,,0,,1,,32,,0,,2,,0,,1,,1,,0,,4
22.09.2013,Bundestagswahl,140,5911000,9142,0,0,0,0,962,962,39,7,923,955,368,328,347,318,19,46,96,128,53,57,22,27,14,6,,2,,0,,2,,2,4,1,,0,,0,,20,,5,,2,,0,,1,,3,,0,,7
22.09.2013,Bundestagswahl,140,5911000,9151,0,0,0,0,651,651,14,12,637,639,208,180,260,233,10,22,72,72,61,72,18,25,8,7,,0,,0,,1,,3,0,0,,0,,1,,14,,0,,1,,0,,3,,1,,0,,4
22.09.2013,Bundestagswahl,140,5911000,9152,0,0,0,0,797,797,17,11,780,786,245,230,361,338,13,19,55,67,55,52,38,30,12,9,,1,,0,,1,,0,1,1,,1,,1,,22,,2,,1,,0,,3,,1,,0,,7
22.09.2013,Bundestagswahl,140,5911000,9161,0,0,0,0,880,880,24,8,856,872,262,241,442,425,9,19,51,57,47,49,28,17,14,12,,0,,0,,1,,1,3,2,,2,,2,,31,,4,,4,,1,,1,,3,,0,,0
22.09.2013,Bundestagswahl,140,5911000,9162,0,0,0,0,527,527,9,8,518,519,166,145,245,231,5,7,33,47,28,35,20,17,20,8,,0,,1,,0,,0,1,0,,0,,0,,20,,0,,4,,0,,0,,2,,1,,1
22.09.2013,Bundestagswahl,140,5911000,9171,0,0,0,0,660,660,23,24,637,636,244,212,282,266,6,19,38,49,38,39,16,11,12,5,,1,,0,,3,,1,1,0,,1,,0,,20,,1,,2,,1,,3,,2,,0,,0
22.09.2013,Bundestagswahl,140,5911000,9172,0,0,0,0,684,684,20,20,664,664,228,193,329,304,9,14,36,62,28,46,20,7,14,9,,0,,2,,4,,1,0,0,,0,,0,,15,,2,,1,,1,,0,,0,,0,,3
22.09.2013,Bundestagswahl,140,5911000,9181,0,0,0,0,721,721,31,10,690,711,205,195,359,318,9,21,40,63,47,49,18,15,11,10,,0,,1,,3,,0,1,0,,0,,0,,23,,0,,4,,0,,0,,4,,0,,5
22.09.2013,Bundestagswahl,140,5911000,9182,0,0,0,0,735,735,38,18,697,717,219,197,354,328,8,27,40,56,47,50,17,16,11,9,,0,,0,,1,,1,1,0,,0,,0,,19,,1,,2,,0,,2,,2,,0,,6
22.09.2013,Bundestagswahl,140,5911000,9211,0,0,0,0,492,492,14,6,478,486,181,156,204,189,4,22,27,26,28,33,12,6,17,13,,2,,1,,4,,0,5,1,,1,,0,,21,,0,,2,,0,,0,,4,,0,,5
22.09.2013,Bundestagswahl,140,5911000,9212,0,0,0,0,611,611,32,27,579,584,244,213,245,222,12,39,28,26,17,20,16,12,17,10,,1,,0,,2,,0,0,0,,0,,0,,27,,0,,2,,0,,8,,0,,0,,2
22.09.2013,Bundestagswahl,140,5911000,9221,0,0,0,0,751,751,6,5,745,746,297,263,330,313,8,21,37,49,42,46,17,12,14,9,,0,,0,,0,,1,0,0,,0,,0,,25,,2,,2,,0,,3,,0,,0,,0
22.09.2013,Bundestagswahl,140,5911000,9222,0,0,0,0,910,910,28,6,882,904,363,338,376,342,20,50,50,60,40,47,21,16,11,12,,1,,0,,4,,2,1,1,,1,,0,,24,,0,,0,,0,,3,,0,,0,,3
22.09.2013,Bundestagswahl,140,5911000,9231,0,0,0,0,579,579,21,8,558,571,215,190,231,224,11,20,28,30,41,42,13,5,18,16,,2,,1,,2,,1,1,0,,1,,0,,29,,0,,3,,2,,2,,1,,0,,0
22.09.2013,Bundestagswahl,140,5911000,9232,0,0,0,0,379,379,13,6,366,373,139,116,162,161,3,17,17,23,29,39,8,4,6,4,,2,,0,,0,,0,2,0,,0,,0,,1,,0,,1,,0,,3,,1,,0,,1
22.09.2013,Bundestagswahl,140,5911000,9241,0,0,0,0,657,657,23,20,634,637,211,182,316,295,6,26,32,37,40,45,19,13,10,4,,2,,0,,1,,0,0,0,,0,,0,,20,,0,,3,,0,,3,,3,,0,,3
22.09.2013,Bundestagswahl,140,5911000,9242,0,0,0,0,494,494,10,8,484,486,183,163,211,204,7,14,26,32,27,26,15,6,12,10,,0,,0,,2,,0,3,1,,0,,0,,22,,0,,1,,0,,1,,1,,1,,2
22.09.2013,Bundestagswahl,140,5911000,9251,0,0,0,0,702,702,16,0,686,702,227,208,352,336,14,23,40,44,29,32,16,18,7,9,,2,,0,,0,,1,1,0,,0,,0,,26,,0,,1,,0,,1,,0,,0,,1
22.09.2013,Bundestagswahl,140,5911000,9252,0,0,0,0,936,936,19,5,917,931,352,319,418,399,11,40,52,65,37,39,28,16,18,8,,0,,1,,0,,0,1,0,,0,,0,,35,,0,,2,,0,,1,,1,,0,,5
22.09.2013,Bundestagswahl,140,5911000,9261,0,0,0,0,1293,1293,16,12,1277,1281,608,546,504,450,18,69,61,79,48,50,25,27,13,15,,0,,0,,0,,4,0,1,,0,,0,,28,,1,,3,,0,,3,,1,,0,,4
22.09.2013,Bundestagswahl,140,5911000,9262,0,0,0,0,920,920,38,13,882,907,371,337,379,349,21,55,37,57,35,37,24,15,12,10,,1,,0,,2,,0,3,1,,0,,1,,30,,0,,4,,0,,2,,3,,0,,3
22.09.2013,Bundestagswahl,140,5911000,9271,0,0,0,0,650,650,27,9,623,641,281,255,242,229,11,30,33,53,30,27,17,12,9,3,,0,,0,,0,,1,0,0,,0,,0,,19,,0,,2,,0,,3,,2,,1,,4
22.09.2013,Bundestagswahl,140,5911000,9272,0,0,0,0,912,912,22,6,890,906,372,327,385,367,15,47,49,62,37,40,16,10,16,10,,0,,0,,1,,2,0,0,,0,,0,,29,,0,,5,,0,,3,,1,,0,,2
22.09.2013,Bundestagswahl,140,5911000,9511,0,0,0,0,1128,1128,29,12,1099,1116,449,385,425,353,25,58,99,161,54,67,26,19,18,9,,0,,1,,2,,1,3,0,,0,,0,,51,,0,,1,,0,,1,,1,,2,,4
22.09.2013,Bundestagswahl,140,5911000,9512,0,0,0,0,1285,1285,31,8,1254,1277,507,443,533,466,24,62,82,127,66,87,28,21,11,9,,0,,1,,2,,2,3,1,,0,,0,,41,,0,,5,,0,,3,,1,,0,,6
22.09.2013,Bundestagswahl,140,5911000,9521,0,0,0,0,898,898,15,2,883,896,399,350,343,311,8,44,69,77,39,47,17,18,8,8,,0,,1,,2,,0,0,0,,0,,1,,27,,0,,2,,0,,1,,2,,2,,3
22.09.2013,Bundestagswahl,140,5911000,9522,0,0,0,0,695,695,25,3,670,692,304,274,237,222,13,25,62,89,35,32,16,13,2,0,,0,,0,,0,,0,1,0,,0,,0,,33,,0,,1,,0,,0,,2,,1,,0
22.09.2013,Bundestagswahl,140,5911000,9523,0,0,0,0,543,543,2,2,541,541,185,151,219,187,15,32,55,77,36,42,30,29,1,0,,0,,0,,0,,2,0,0,,0,,0,,18,,0,,0,,0,,0,,1,,0,,2
22.09.2013,Bundestagswahl,140,5911000,9531,0,0,0,0,677,677,7,3,670,674,224,184,267,215,17,43,89,114,42,48,24,19,5,4,,0,,0,,0,,6,2,0,,0,,0,,37,,0,,1,,0,,0,,1,,0,,2
22.09.2013,Bundestagswahl,140,5911000,9532,0,0,0,0,517,517,26,4,491,513,178,146,187,169,13,23,52,72,43,47,14,17,2,2,,1,,0,,0,,0,2,1,,0,,0,,32,,0,,0,,0,,1,,0,,0,,2
22.09.2013,Bundestagswahl,140,5911000,9541,0,0,0,0,1040,1040,24,7,1016,1033,515,413,336,329,22,102,71,92,42,38,20,17,9,3,,0,,0,,3,,3,1,1,,0,,0,,25,,1,,0,,0,,1,,0,,1,,4
22.09.2013,Bundestagswahl,140,5911000,9542,0,0,0,0,1095,1095,30,5,1065,1090,552,446,365,338,30,118,70,96,24,29,14,11,10,6,,0,,0,,2,,0,0,1,,0,,0,,35,,0,,1,,0,,3,,2,,0,,2
22.09.2013,Bundestagswahl,140,5911000,9543,0,0,0,0,958,958,9,5,949,953,485,367,334,318,23,87,57,95,28,38,13,16,9,3,,0,,0,,2,,0,0,0,,0,,0,,24,,0,,0,,0,,0,,3,,0,,0
22.09.2013,Bundestagswahl,140,5911000,9611,0,0,0,0,754,754,15,4,739,750,303,263,291,288,16,36,73,80,29,37,14,11,12,10,,0,,0,,0,,0,1,1,,0,,0,,15,,0,,1,,0,,2,,2,,0,,4
22.09.2013,Bundestagswahl,140,5911000,9612,0,0,0,0,724,724,25,11,699,713,201,183,379,346,9,13,42,74,37,51,23,21,8,2,,0,,0,,1,,0,0,0,,0,,0,,19,,0,,1,,0,,1,,0,,0,,1
22.09.2013,Bundestagswahl,140,5911000,9621,0,0,0,0,935,935,40,7,895,928,443,381,338,306,10,51,54,84,26,36,18,13,5,1,,1,,0,,5,,2,1,0,,0,,0,,34,,0,,3,,0,,1,,4,,0,,6
22.09.2013,Bundestagswahl,140,5911000,9622,0,0,0,0,1359,1359,39,41,1320,1318,565,545,591,571,18,16,70,68,44,44,17,17,14,14,,1,,0,,5,,1,1,1,,0,,0,,26,,0,,2,,1,,0,,0,,0,,6
22.09.2013,Bundestagswahl,140,5911000,9631,0,0,0,0,929,929,39,34,890,895,391,331,340,330,19,36,66,82,40,53,17,13,16,8,,0,,0,,4,,1,1,0,,0,,0,,31,,0,,1,,0,,0,,0,,0,,5
22.09.2013,Bundestagswahl,140,5911000,9632,0,0,0,0,761,761,20,7,741,754,328,277,317,293,11,46,43,60,26,28,8,12,6,5,,0,,2,,0,,0,2,1,,0,,0,,19,,0,,3,,0,,2,,3,,0,,3
22.09.2013,Bundestagswahl,140,5911000,9633,0,0,0,0,944,944,11,4,933,940,408,352,397,341,12,64,53,78,32,42,14,13,15,5,,0,,1,,1,,0,2,1,,0,,1,,29,,0,,2,,0,,4,,3,,1,,2
22.09.2013,Bundestagswahl,140,5911000,9641,0,0,0,0,479,479,5,4,474,475,190,179,211,202,6,15,28,24,23,23,6,8,7,7,,0,,0,,1,,1,3,2,,0,,0,,11,,0,,1,,0,,0,,0,,1,,0
22.09.2013,Bundestagswahl,140,5911000,9642,0,0,0,0,1133,1133,58,12,1075,1121,410,367,477,430,20,63,67,94,58,77,29,30,12,7,,1,,0,,5,,2,2,0,,0,,0,,33,,0,,4,,0,,1,,1,,0,,6
22.09.2013,Bundestagswahl,140,5911000,9651,0,0,0,0,961,961,12,5,949,956,365,330,423,399,21,40,62,68,43,53,23,19,11,5,,3,,2,,0,,0,1,1,,0,,0,,24,,0,,2,,0,,0,,4,,2,,4
22.09.2013,Bundestagswahl,140,5911000,9652,0,0,0,0,677,677,14,1,663,676,281,233,273,271,3,25,55,76,24,25,21,14,6,3,,0,,2,,0,,0,0,0,,1,,0,,21,,0,,0,,0,,1,,1,,0,,3
22.09.2013,Bundestagswahl,140,5911000,9653,0,0,0,0,534,534,15,4,519,530,188,166,227,209,8,20,39,62,33,29,18,13,4,3,,0,,0,,5,,1,2,0,,1,,0,,12,,0,,2,,0,,6,,0,,0,,1
