wahltermin_datum,wahl,Wahlkreis,AGS,Bez-Nr,Wahlberechtigte,Ohne Sperrvermerk,Mit Sperrvermerk,Nicht im W�hlerverzeichnis,Waehler,DavonMitWahlschein,UngueltigeErststimmen,UngueltigeZweitstimmen,GueltigeErststimmen,GueltigeZweitstimmen,CDU,CDU,SPD,SPD,GR�NE,GR�NE,FDP,FDP,DIE LINKE,DIE LINKE,PIRATEN,PIRATEN,pro NRW,pro NRW,NPD,NPD,Tierschutzpartei,Tierschutzpartei,FAMILIE,FAMILIE,BIG,BIG,Die PARTEI,Die PARTEI,�DP,�DP,FBI/Freie W�hler,FBI/Freie W�hler,AUF,AUF,FREIE W�HLER,FREIE W�HLER,Partei der Vernunft,Partei der Vernunft
13.05.2012,Landtagswahl NRW,108,5911000,1301,712,619,93,0,374,0,7,8,367,366,57,50,181,132,58,84,17,27,22,22,32,32,,6,,1,,2,,3,,2,,1,,1,,0,,0,,2,,1
13.05.2012,Landtagswahl NRW,108,5911000,1302,834,689,145,0,488,3,7,4,481,484,64,51,241,172,89,142,15,31,26,27,46,45,,7,,1,,3,,0,,0,,2,,0,,1,,0,,1,,1
13.05.2012,Landtagswahl NRW,108,5911000,1303,791,629,162,0,493,2,3,1,490,492,126,94,228,153,72,130,30,59,10,14,24,26,,7,,0,,4,,1,,0,,2,,0,,1,,0,,1,,0
13.05.2012,Landtagswahl NRW,108,5911000,1304,888,731,157,0,434,0,8,7,426,427,41,37,208,151,78,118,10,20,30,25,59,57,,4,,0,,4,,0,,4,,5,,0,,0,,2,,0,,0
13.05.2012,Landtagswahl NRW,108,5911000,1305,752,628,124,0,397,4,6,2,391,395,69,60,203,161,63,98,7,16,20,19,29,28,,3,,2,,2,,0,,1,,2,,1,,1,,0,,1,,0
13.05.2012,Landtagswahl NRW,108,5911000,1306,694,544,150,0,353,1,3,2,350,351,68,59,191,140,52,89,2,12,9,12,28,31,,4,,1,,0,,0,,0,,1,,0,,0,,0,,1,,1
13.05.2012,Landtagswahl NRW,108,5911000,1307,776,617,159,0,440,0,5,5,435,435,100,72,227,160,50,102,19,49,14,17,25,19,,1,,2,,4,,1,,0,,4,,0,,2,,0,,2,,0
13.05.2012,Landtagswahl NRW,108,5911000,1308,756,586,170,0,414,2,2,1,412,413,80,69,200,145,63,98,16,30,21,20,32,36,,5,,0,,1,,1,,1,,0,,3,,0,,2,,2,,0
13.05.2012,Landtagswahl NRW,108,5911000,1309,913,737,176,0,365,1,7,3,358,362,45,44,212,161,50,84,3,11,18,19,30,32,,1,,2,,1,,1,,1,,2,,0,,0,,0,,3,,0
13.05.2012,Landtagswahl NRW,108,5911000,1310,846,693,153,0,374,2,6,6,368,368,69,55,197,146,54,93,11,26,13,15,24,22,,2,,0,,3,,0,,0,,2,,3,,0,,1,,0,,0
13.05.2012,Landtagswahl NRW,108,5911000,2601,866,708,158,0,407,0,6,4,401,403,92,75,228,202,32,41,16,36,7,10,26,24,,6,,3,,4,,1,,0,,1,,0,,0,,0,,0,,0
13.05.2012,Landtagswahl NRW,108,5911000,2602,649,549,100,0,338,1,6,8,332,330,55,44,210,196,22,22,4,8,12,11,29,36,,6,,4,,1,,1,,1,,0,,0,,0,,0,,0,,0
13.05.2012,Landtagswahl NRW,108,5911000,2603,817,658,159,0,383,2,3,3,380,380,57,52,242,219,24,37,5,9,19,16,33,29,,7,,1,,3,,1,,1,,1,,0,,1,,1,,1,,1
13.05.2012,Landtagswahl NRW,108,5911000,2604,975,750,225,0,507,1,2,2,505,505,143,121,258,221,43,65,17,44,9,12,35,31,,3,,3,,0,,0,,0,,3,,0,,0,,0,,2,,0
13.05.2012,Landtagswahl NRW,108,5911000,2605,1157,878,279,0,562,0,6,6,556,556,151,131,283,250,33,49,23,46,12,12,54,50,,7,,4,,3,,1,,0,,1,,0,,1,,0,,1,,0
13.05.2012,Landtagswahl NRW,108,5911000,2606,1059,907,152,0,505,2,9,8,496,497,110,87,264,231,45,54,13,29,13,11,51,58,,8,,8,,7,,2,,0,,0,,0,,2,,0,,0,,0
13.05.2012,Landtagswahl NRW,108,5911000,2607,674,513,161,0,298,0,1,0,297,298,76,61,138,112,35,45,17,32,2,3,29,31,,7,,0,,3,,1,,0,,0,,0,,1,,0,,2,,0
13.05.2012,Landtagswahl NRW,108,5911000,2608,524,423,101,0,240,0,4,4,236,236,35,34,139,124,12,18,8,10,7,6,35,28,,3,,4,,4,,1,,0,,2,,0,,0,,0,,2,,0
13.05.2012,Landtagswahl NRW,108,5911000,2609,798,638,160,0,423,1,5,4,418,419,100,79,216,195,35,48,17,26,11,11,39,41,,8,,1,,6,,2,,0,,1,,0,,0,,0,,1,,0
13.05.2012,Landtagswahl NRW,108,5911000,2610,663,527,136,0,331,0,4,5,327,326,104,80,167,139,21,39,10,28,7,9,18,18,,4,,3,,4,,0,,1,,0,,0,,0,,0,,1,,0
13.05.2012,Landtagswahl NRW,108,5911000,2611,1004,789,215,0,533,2,9,9,524,524,173,143,235,211,44,58,31,48,10,13,31,33,,10,,2,,0,,2,,0,,1,,0,,2,,0,,1,,0
13.05.2012,Landtagswahl NRW,108,5911000,5101,1190,886,304,0,561,1,12,8,549,553,104,79,286,217,80,124,18,49,31,31,30,37,,5,,2,,2,,2,,0,,3,,0,,1,,0,,1,,0
13.05.2012,Landtagswahl NRW,108,5911000,5102,1250,946,304,0,562,2,11,10,551,552,120,88,297,228,57,103,17,43,19,23,41,45,,10,,0,,1,,1,,3,,3,,2,,0,,1,,1,,0
13.05.2012,Landtagswahl NRW,108,5911000,5103,548,468,80,0,262,1,4,1,258,261,55,43,137,114,30,57,7,12,9,6,20,15,,6,,2,,0,,0,,1,,2,,0,,0,,0,,3,,0
13.05.2012,Landtagswahl NRW,108,5911000,5104,994,754,240,0,474,0,4,4,470,470,81,69,261,182,71,125,5,20,16,17,36,41,,7,,2,,3,,0,,1,,1,,0,,1,,0,,1,,0
13.05.2012,Landtagswahl NRW,108,5911000,5105,1329,1080,249,0,575,1,10,6,565,569,120,96,309,257,43,89,8,28,31,29,54,41,,15,,2,,7,,1,,0,,2,,0,,0,,1,,0,,1
13.05.2012,Landtagswahl NRW,108,5911000,5106,914,710,204,0,424,6,6,6,418,418,61,58,241,203,44,62,12,17,18,17,42,39,,7,,2,,3,,5,,0,,1,,0,,1,,1,,2,,0
13.05.2012,Landtagswahl NRW,108,5911000,5107,884,717,167,0,411,0,3,3,408,408,86,80,212,158,39,67,16,32,21,18,34,28,,12,,3,,2,,3,,0,,3,,0,,2,,0,,0,,0
13.05.2012,Landtagswahl NRW,108,5911000,5108,1077,859,218,0,521,2,8,5,513,516,118,90,242,224,64,68,26,46,21,23,42,47,,4,,2,,2,,6,,1,,2,,1,,0,,0,,0,,0
13.05.2012,Landtagswahl NRW,108,5911000,5109,966,808,158,0,541,1,10,6,531,535,122,105,298,236,52,100,14,36,13,12,32,35,,3,,1,,2,,0,,0,,2,,1,,0,,0,,0,,2
13.05.2012,Landtagswahl NRW,108,5911000,5110,1205,990,215,0,567,0,4,3,563,564,93,77,337,282,53,90,28,39,21,18,31,35,,6,,6,,3,,0,,0,,5,,0,,1,,0,,1,,1
13.05.2012,Landtagswahl NRW,108,5911000,5201,702,519,183,0,363,1,7,1,356,362,81,75,202,149,32,69,11,27,9,9,21,22,,1,,2,,4,,1,,2,,0,,1,,0,,0,,0,,0
13.05.2012,Landtagswahl NRW,108,5911000,5202,760,540,220,0,328,1,8,6,320,322,64,57,160,132,43,63,12,20,14,10,27,25,,3,,2,,4,,2,,0,,0,,1,,1,,0,,0,,2
13.05.2012,Landtagswahl NRW,108,5911000,5203,1324,1068,256,0,576,2,6,5,570,571,110,93,310,266,49,80,29,39,19,19,53,41,,12,,4,,3,,4,,1,,2,,1,,1,,1,,1,,3
13.05.2012,Landtagswahl NRW,108,5911000,5204,798,678,120,0,473,1,10,9,463,464,120,92,250,222,43,65,4,23,13,12,33,35,,6,,2,,3,,3,,0,,1,,0,,0,,0,,0,,0
13.05.2012,Landtagswahl NRW,108,5911000,5205,920,753,167,0,387,0,9,6,378,381,83,66,196,164,30,54,15,26,25,27,29,26,,10,,3,,2,,1,,1,,1,,0,,0,,0,,0,,0
13.05.2012,Landtagswahl NRW,108,5911000,5206,778,688,90,0,305,0,6,6,299,299,66,62,141,110,23,42,11,11,21,21,37,44,,4,,1,,1,,0,,1,,0,,0,,2,,0,,0,,0
13.05.2012,Landtagswahl NRW,108,5911000,5207,842,744,98,0,334,0,6,5,328,329,83,69,166,133,31,58,10,21,22,19,16,17,,7,,0,,1,,2,,0,,0,,0,,1,,1,,0,,0
13.05.2012,Landtagswahl NRW,108,5911000,5208,621,473,148,0,369,0,8,6,361,363,98,62,169,133,44,70,21,56,10,10,19,22,,0,,0,,1,,1,,0,,2,,2,,1,,2,,1,,0
13.05.2012,Landtagswahl NRW,108,5911000,5209,1214,1012,202,0,408,0,14,14,394,394,54,41,220,165,42,71,7,14,30,37,41,52,,5,,3,,2,,3,,0,,1,,0,,0,,0,,0,,0
13.05.2012,Landtagswahl NRW,108,5911000,5210,1135,898,237,0,543,2,7,6,536,537,90,76,266,181,86,132,18,45,25,25,51,63,,2,,0,,3,,0,,4,,4,,1,,0,,1,,0,,0
13.05.2012,Landtagswahl NRW,108,5911000,5301,736,625,111,0,352,4,4,4,348,348,53,42,172,140,55,79,9,18,24,25,35,33,,3,,2,,1,,2,,0,,2,,0,,0,,1,,0,,0
13.05.2012,Landtagswahl NRW,108,5911000,5302,1045,841,204,0,512,1,12,6,500,506,105,87,229,187,65,84,25,46,37,41,39,37,,8,,2,,3,,1,,3,,2,,4,,1,,0,,0,,0
13.05.2012,Landtagswahl NRW,108,5911000,5303,1460,1250,210,0,600,2,11,9,589,591,68,47,274,208,94,137,19,36,75,72,59,60,,5,,1,,6,,4,,7,,4,,2,,0,,2,,0,,0
13.05.2012,Landtagswahl NRW,108,5911000,5304,1149,1038,111,0,543,1,25,17,518,526,56,49,244,205,63,93,19,19,77,76,59,58,,5,,3,,1,,4,,4,,5,,1,,2,,1,,0,,0
13.05.2012,Landtagswahl NRW,108,5911000,5305,1230,1009,221,0,638,5,12,9,626,629,124,106,286,233,108,139,25,53,35,31,48,52,,5,,1,,4,,2,,0,,0,,0,,0,,0,,3,,0
13.05.2012,Landtagswahl NRW,108,5911000,5306,1039,902,137,0,420,4,7,2,413,418,72,62,186,157,38,51,23,37,45,54,49,41,,8,,1,,4,,1,,0,,2,,0,,0,,0,,0,,0
13.05.2012,Landtagswahl NRW,108,5911000,5401,889,670,219,0,458,5,4,4,454,454,126,103,233,188,45,68,19,49,5,10,26,20,,5,,5,,4,,0,,0,,2,,0,,0,,0,,0,,0
13.05.2012,Landtagswahl NRW,108,5911000,5402,1410,1032,378,0,692,2,5,5,687,687,176,134,325,260,64,102,53,101,20,20,49,46,,4,,2,,8,,2,,0,,0,,6,,1,,0,,1,,0
13.05.2012,Landtagswahl NRW,108,5911000,5403,1343,1026,317,0,671,2,4,4,667,667,192,141,335,255,44,90,52,104,5,9,39,50,,7,,1,,4,,1,,0,,2,,1,,0,,0,,2,,0
13.05.2012,Landtagswahl NRW,108,5911000,5404,1235,982,253,0,670,0,9,4,661,666,197,158,324,257,66,105,33,81,3,8,38,39,,7,,2,,5,,2,,0,,2,,0,,0,,0,,0,,0
13.05.2012,Landtagswahl NRW,108,5911000,5405,1205,890,315,0,638,4,5,4,633,634,195,142,301,245,56,98,35,81,12,11,34,39,,8,,2,,4,,0,,0,,1,,1,,1,,0,,0,,1
13.05.2012,Landtagswahl NRW,108,5911000,5406,991,757,234,0,524,1,5,2,519,522,153,113,261,229,37,63,24,58,11,11,33,30,,8,,3,,2,,1,,0,,0,,1,,1,,2,,0,,0
13.05.2012,Landtagswahl NRW,108,5911000,5407,931,674,257,0,465,1,6,7,459,458,124,99,221,175,34,60,32,61,13,12,35,37,,8,,1,,0,,0,,0,,1,,0,,2,,0,,2,,0
13.05.2012,Landtagswahl NRW,108,5911000,5408,608,454,154,0,291,0,1,1,290,290,81,59,135,98,33,61,22,51,8,6,11,7,,5,,0,,0,,0,,0,,0,,0,,0,,0,,2,,1
13.05.2012,Landtagswahl NRW,108,5911000,5409,850,629,221,0,388,1,7,11,381,377,122,90,190,160,28,49,19,48,4,5,18,16,,3,,1,,2,,1,,0,,2,,0,,0,,0,,0,,0
13.05.2012,Landtagswahl NRW,108,5911000,5410,1257,944,313,0,617,1,3,6,614,611,179,149,290,218,52,105,33,63,12,13,48,45,,7,,3,,2,,1,,0,,3,,0,,0,,0,,2,,0
13.05.2012,Landtagswahl NRW,108,5911000,6101,835,680,155,0,335,1,3,3,332,332,55,43,169,137,38,52,15,27,23,23,32,34,,2,,3,,3,,2,,0,,3,,0,,0,,2,,0,,1
13.05.2012,Landtagswahl NRW,108,5911000,6102,761,654,107,0,322,1,5,8,317,314,46,41,177,144,33,47,10,12,16,16,35,38,,5,,1,,3,,1,,1,,2,,0,,1,,0,,2,,0
13.05.2012,Landtagswahl NRW,108,5911000,6103,795,715,80,0,341,0,7,7,334,334,52,44,191,161,37,49,7,13,14,18,33,25,,5,,4,,3,,3,,2,,3,,2,,0,,0,,2,,0
13.05.2012,Landtagswahl NRW,108,5911000,6104,670,569,101,0,278,0,2,1,276,277,54,49,151,128,23,24,8,14,18,16,22,24,,6,,2,,3,,1,,7,,3,,0,,0,,0,,0,,0
13.05.2012,Landtagswahl NRW,108,5911000,6105,893,764,129,0,442,1,1,1,441,441,71,59,298,266,22,44,11,16,11,14,28,28,,3,,1,,4,,1,,2,,1,,0,,1,,0,,1,,0
13.05.2012,Landtagswahl NRW,108,5911000,6106,928,796,132,0,367,0,7,0,360,367,29,24,221,196,38,52,9,11,23,22,40,36,,7,,4,,4,,3,,0,,2,,1,,0,,1,,2,,2
13.05.2012,Landtagswahl NRW,108,5911000,6107,949,799,150,0,430,1,17,18,413,412,57,49,270,251,27,25,6,15,14,15,39,35,,5,,2,,6,,1,,7,,0,,0,,0,,0,,1,,0
13.05.2012,Landtagswahl NRW,108,5911000,6108,1047,782,265,0,511,3,4,5,507,506,132,107,240,195,56,96,27,52,22,15,30,27,,9,,0,,1,,2,,0,,2,,0,,0,,0,,0,,0
13.05.2012,Landtagswahl NRW,108,5911000,6201,951,794,157,0,489,1,3,5,486,484,125,104,268,222,31,57,15,36,10,7,37,35,,12,,3,,2,,3,,0,,3,,0,,0,,0,,0,,0
13.05.2012,Landtagswahl NRW,108,5911000,6202,617,438,179,0,258,0,3,4,255,254,58,45,136,119,28,32,13,27,4,3,16,22,,3,,1,,0,,0,,2,,0,,0,,0,,0,,0,,0
13.05.2012,Landtagswahl NRW,108,5911000,6203,791,605,186,0,320,1,6,4,314,316,47,43,182,155,35,52,9,13,12,11,29,32,,2,,3,,3,,1,,0,,0,,0,,0,,0,,1,,0
13.05.2012,Landtagswahl NRW,108,5911000,6204,1037,897,140,0,480,0,10,10,470,470,116,93,252,212,34,57,16,30,14,12,38,41,,4,,6,,8,,2,,2,,1,,1,,1,,0,,0,,0
13.05.2012,Landtagswahl NRW,108,5911000,6205,1063,842,221,0,572,7,6,4,566,568,137,100,275,216,64,100,27,64,18,15,45,51,,8,,0,,10,,1,,0,,2,,1,,0,,0,,0,,0
13.05.2012,Landtagswahl NRW,108,5911000,6206,1051,838,213,0,591,0,9,11,582,580,171,140,285,243,49,69,30,61,11,11,36,34,,8,,2,,5,,2,,2,,1,,0,,0,,1,,1,,0
13.05.2012,Landtagswahl NRW,108,5911000,6207,755,560,195,0,347,0,10,8,337,339,73,58,190,151,26,48,15,27,8,10,25,27,,12,,0,,2,,2,,1,,0,,0,,0,,1,,0,,0
13.05.2012,Landtagswahl NRW,108,5911000,6208,1198,999,199,0,588,1,7,11,581,577,133,114,304,267,48,62,25,40,21,17,50,54,,11,,1,,4,,2,,0,,1,,2,,1,,0,,0,,1
13.05.2012,Landtagswahl NRW,108,5911000,6209,1251,952,299,0,606,4,4,4,602,602,162,130,329,258,39,80,24,51,12,15,36,41,,13,,2,,3,,4,,1,,0,,0,,2,,0,,0,,2
13.05.2012,Landtagswahl NRW,108,5911000,6301,1193,966,227,0,618,3,9,9,609,609,109,99,356,289,48,89,25,31,21,21,50,54,,11,,1,,7,,3,,0,,3,,1,,0,,0,,0,,0
13.05.2012,Landtagswahl NRW,108,5911000,6302,1612,1269,343,0,787,6,14,11,773,776,161,141,436,352,64,128,28,44,24,21,60,58,,11,,7,,8,,2,,0,,0,,2,,0,,0,,2,,0
13.05.2012,Landtagswahl NRW,108,5911000,6303,1304,979,325,0,615,3,4,3,611,612,104,90,377,310,47,96,15,35,24,26,44,40,,3,,2,,4,,0,,1,,1,,1,,0,,0,,2,,1
13.05.2012,Landtagswahl NRW,108,5911000,6304,1319,1063,256,0,618,0,20,20,598,598,125,117,342,285,40,66,19,33,15,12,57,60,,8,,1,,6,,3,,3,,3,,0,,0,,0,,1,,0
13.05.2012,Landtagswahl NRW,108,5911000,6305,1141,862,279,0,532,0,12,10,520,522,95,76,306,259,51,79,14,29,11,12,43,36,,10,,5,,12,,2,,0,,0,,1,,0,,0,,0,,1
13.05.2012,Landtagswahl NRW,108,5911000,6306,1002,826,176,0,473,1,8,7,465,466,69,54,281,228,42,70,14,30,19,19,40,40,,11,,2,,5,,3,,1,,0,,2,,0,,0,,0,,1
13.05.2012,Landtagswahl NRW,108,5911000,6307,1657,1229,428,0,881,5,12,13,869,868,211,162,456,388,89,134,47,95,18,15,48,46,,8,,3,,3,,4,,0,,3,,1,,2,,1,,3,,0
13.05.2012,Landtagswahl NRW,108,5911000,6308,888,713,175,0,490,0,6,6,484,484,126,117,243,214,46,59,23,33,15,15,31,29,,6,,6,,3,,1,,0,,0,,0,,0,,0,,1,,0
13.05.2012,Landtagswahl NRW,108,5911000,6401,599,483,116,0,262,1,4,4,258,258,66,53,126,111,26,34,7,16,5,4,28,33,,1,,0,,2,,0,,1,,2,,0,,0,,1,,0,,0
13.05.2012,Landtagswahl NRW,108,5911000,6402,739,628,111,0,367,1,5,6,362,361,67,54,214,186,19,30,11,27,17,19,34,31,,5,,4,,1,,1,,1,,0,,0,,0,,1,,1,,0
13.05.2012,Landtagswahl NRW,108,5911000,6403,915,784,131,0,406,2,7,9,399,397,79,63,238,220,23,39,8,22,15,14,36,30,,3,,2,,0,,3,,0,,1,,0,,0,,0,,0,,0
13.05.2012,Landtagswahl NRW,108,5911000,6404,553,441,112,0,243,0,6,3,237,240,40,32,141,115,17,33,9,18,7,8,23,28,,1,,0,,2,,2,,0,,0,,0,,0,,0,,1,,0
13.05.2012,Landtagswahl NRW,108,5911000,6405,883,726,157,0,428,0,4,5,424,423,89,76,252,231,41,53,6,18,12,11,24,25,,6,,2,,1,,0,,0,,0,,0,,0,,0,,0,,0
13.05.2012,Landtagswahl NRW,108,5911000,6406,863,739,124,0,397,0,5,4,392,393,70,56,215,181,35,57,13,24,9,9,50,47,,8,,1,,3,,3,,0,,2,,0,,1,,0,,1,,0
13.05.2012,Landtagswahl NRW,108,5911000,6407,1272,1128,144,0,719,0,8,9,711,710,111,100,450,381,65,108,16,30,9,10,60,55,,8,,3,,5,,2,,0,,3,,3,,0,,0,,1,,1
13.05.2012,Landtagswahl NRW,108,5911000,6408,1058,850,208,0,519,2,5,4,514,515,130,113,285,246,35,59,18,35,19,14,27,28,,9,,3,,5,,0,,0,,1,,0,,1,,1,,0,,0
13.05.2012,Landtagswahl NRW,108,5911000,6409,780,680,100,0,428,1,8,7,420,421,96,75,250,228,28,40,11,29,4,3,31,30,,4,,3,,1,,3,,1,,2,,2,,0,,0,,0,,0
13.05.2012,Landtagswahl NRW,108,5911000,6410,947,788,159,0,443,1,9,8,434,435,79,61,242,193,39,58,20,32,18,26,36,40,,8,,5,,2,,3,,2,,0,,1,,0,,1,,2,,1
13.05.2012,Landtagswahl NRW,108,5911000,6501,991,743,248,0,432,0,6,6,426,426,99,91,235,189,34,63,14,22,13,14,31,32,,6,,2,,3,,1,,0,,0,,0,,2,,0,,0,,1
13.05.2012,Landtagswahl NRW,108,5911000,6502,997,807,190,0,491,0,7,7,484,484,92,75,290,262,49,66,10,24,13,9,30,26,,12,,3,,5,,0,,0,,0,,0,,0,,1,,1,,0
13.05.2012,Landtagswahl NRW,108,5911000,6503,918,776,142,0,525,3,8,4,517,521,96,83,304,257,36,79,17,20,18,16,46,37,,13,,2,,6,,1,,2,,2,,1,,0,,0,,2,,0
13.05.2012,Landtagswahl NRW,108,5911000,6504,1058,849,209,0,497,0,6,6,491,491,81,67,280,241,58,77,17,27,11,13,44,46,,10,,1,,3,,3,,1,,1,,0,,0,,0,,1,,0
13.05.2012,Landtagswahl NRW,108,5911000,6505,1020,760,260,0,447,0,8,5,439,442,100,76,238,204,48,75,13,32,13,14,27,27,,8,,1,,2,,1,,0,,0,,0,,0,,0,,1,,1
13.05.2012,Landtagswahl NRW,108,5911000,6506,442,314,128,0,187,0,4,2,183,185,46,32,102,80,14,34,7,22,3,4,11,8,,1,,1,,1,,0,,0,,0,,0,,2,,0,,0,,0
13.05.2012,Landtagswahl NRW,108,5911000,6507,684,530,154,0,344,1,4,2,340,342,51,39,177,152,49,58,22,30,3,7,38,37,,5,,1,,6,,4,,3,,0,,0,,0,,0,,0,,0
13.05.2012,Landtagswahl NRW,108,5911000,6508,1425,1306,119,0,682,0,10,14,672,668,59,47,422,336,91,143,9,14,34,37,57,65,,6,,9,,6,,2,,1,,2,,0,,0,,0,,0,,0
13.05.2012,Landtagswahl NRW,108,5911000,6509,649,569,80,0,290,0,2,2,288,288,45,39,154,130,24,39,6,13,15,13,44,33,,3,,4,,8,,3,,1,,0,,1,,0,,0,,1,,0
13.05.2012,Landtagswahl NRW,108,5911000,6510,741,593,148,0,343,1,4,7,339,336,87,74,174,136,28,48,12,25,11,11,27,34,,3,,1,,2,,1,,0,,0,,0,,0,,0,,1,,0
13.05.2012,Landtagswahl NRW,108,5911000,6511,864,676,188,0,409,2,9,10,400,399,55,43,254,222,35,61,15,19,2,3,39,42,,7,,1,,0,,0,,0,,1,,0,,0,,0,,0,,0
13.05.2012,Landtagswahl NRW,108,5911000,9131,0,0,0,0,373,373,4,3,369,370,103,94,157,126,52,72,18,26,15,22,24,24,,3,,0,,1,,0,,0,,0,,0,,0,,1,,1,,0
13.05.2012,Landtagswahl NRW,108,5911000,9132,0,0,0,0,559,559,7,5,552,554,214,190,202,144,62,103,16,34,14,20,44,49,,1,,1,,4,,0,,2,,2,,1,,0,,0,,2,,1
13.05.2012,Landtagswahl NRW,108,5911000,9133,0,0,0,0,468,468,3,3,465,465,119,107,242,202,57,77,10,22,20,20,17,21,,3,,2,,3,,2,,2,,3,,0,,0,,0,,0,,1
13.05.2012,Landtagswahl NRW,108,5911000,9261,0,0,0,0,591,591,10,5,581,586,154,134,312,300,42,52,14,31,16,14,43,37,,2,,6,,5,,3,,0,,1,,0,,1,,0,,0,,0
13.05.2012,Landtagswahl NRW,108,5911000,9262,0,0,0,0,559,559,10,11,549,548,149,129,298,280,32,43,24,34,7,8,39,42,,6,,1,,4,,0,,0,,1,,0,,0,,0,,0,,0
13.05.2012,Landtagswahl NRW,108,5911000,9263,0,0,0,0,577,577,11,6,566,571,210,196,266,249,28,36,18,37,23,20,21,22,,3,,1,,1,,0,,0,,1,,0,,0,,1,,2,,2
13.05.2012,Landtagswahl NRW,108,5911000,9511,0,0,0,0,662,662,9,6,653,656,173,140,320,276,64,107,21,41,26,21,49,49,,8,,2,,4,,2,,0,,0,,0,,0,,1,,2,,3
13.05.2012,Landtagswahl NRW,108,5911000,9512,0,0,0,0,642,642,13,14,629,628,164,140,312,269,68,87,28,48,10,14,47,52,,8,,0,,7,,1,,0,,0,,0,,1,,1,,0,,0
13.05.2012,Landtagswahl NRW,108,5911000,9513,0,0,0,0,706,706,10,7,696,699,190,177,382,334,47,89,17,29,18,14,42,43,,3,,2,,5,,1,,0,,0,,1,,0,,0,,1,,0
13.05.2012,Landtagswahl NRW,108,5911000,9521,0,0,0,0,435,435,10,4,425,431,105,93,225,191,32,45,10,28,10,12,43,47,,3,,2,,3,,2,,0,,2,,2,,0,,0,,1,,0
13.05.2012,Landtagswahl NRW,108,5911000,9522,0,0,0,0,636,636,4,2,632,634,197,168,285,253,79,94,24,56,16,13,31,40,,0,,0,,2,,1,,0,,5,,1,,0,,1,,0,,0
13.05.2012,Landtagswahl NRW,108,5911000,9523,0,0,0,0,545,545,6,3,539,542,133,128,301,275,53,64,9,18,12,10,31,30,,4,,2,,6,,0,,0,,0,,1,,1,,3,,0,,0
13.05.2012,Landtagswahl NRW,108,5911000,9531,0,0,0,0,488,488,2,3,486,485,131,97,212,187,54,80,21,45,18,14,50,47,,6,,0,,1,,1,,2,,3,,2,,0,,0,,0,,0
13.05.2012,Landtagswahl NRW,108,5911000,9532,0,0,0,0,426,426,5,3,421,423,96,75,185,150,47,69,23,42,23,20,47,50,,6,,4,,4,,0,,0,,0,,0,,0,,2,,0,,1
13.05.2012,Landtagswahl NRW,108,5911000,9541,0,0,0,0,634,634,2,2,632,632,208,172,314,264,46,78,30,67,13,14,21,25,,7,,2,,1,,1,,0,,1,,0,,0,,0,,0,,0
13.05.2012,Landtagswahl NRW,108,5911000,9542,0,0,0,0,659,659,12,6,647,653,249,191,282,246,48,76,32,84,1,4,35,35,,4,,4,,2,,2,,0,,1,,2,,0,,0,,2,,0
13.05.2012,Landtagswahl NRW,108,5911000,9543,0,0,0,0,537,537,3,3,534,534,213,174,212,176,46,65,18,61,6,7,39,39,,1,,0,,4,,1,,2,,0,,0,,0,,2,,2,,0
13.05.2012,Landtagswahl NRW,108,5911000,9544,0,0,0,0,682,682,9,7,673,675,226,207,296,272,55,68,48,70,11,8,37,34,,5,,3,,3,,0,,0,,3,,0,,0,,0,,2,,0
13.05.2012,Landtagswahl NRW,108,5911000,9611,0,0,0,0,434,434,7,7,427,427,73,71,272,244,33,52,6,8,10,8,33,34,,1,,1,,5,,0,,0,,1,,0,,0,,0,,2,,0
13.05.2012,Landtagswahl NRW,108,5911000,9612,0,0,0,0,608,608,8,6,600,602,158,140,323,296,47,66,21,36,18,17,33,36,,6,,2,,0,,1,,0,,0,,0,,1,,1,,0,,0
13.05.2012,Landtagswahl NRW,108,5911000,9621,0,0,0,0,617,617,17,17,600,600,186,164,313,290,35,50,17,39,9,11,40,29,,2,,7,,5,,0,,0,,1,,1,,0,,0,,0,,1
13.05.2012,Landtagswahl NRW,108,5911000,9622,0,0,0,0,525,525,1,2,524,523,125,118,307,254,41,59,17,32,9,16,25,29,,5,,1,,3,,5,,0,,1,,0,,0,,0,,0,,0
13.05.2012,Landtagswahl NRW,108,5911000,9623,0,0,0,0,534,534,6,3,528,531,153,131,261,261,42,50,30,50,7,9,35,25,,1,,0,,2,,0,,0,,2,,0,,0,,0,,0,,0
13.05.2012,Landtagswahl NRW,108,5911000,9631,0,0,0,0,482,482,12,6,470,476,117,100,264,241,33,46,11,28,7,7,38,32,,10,,0,,7,,0,,1,,1,,0,,0,,2,,0,,1
13.05.2012,Landtagswahl NRW,108,5911000,9632,0,0,0,0,485,485,2,2,483,483,130,113,255,240,36,46,11,22,23,22,28,26,,1,,3,,3,,2,,0,,3,,0,,0,,0,,2,,0
13.05.2012,Landtagswahl NRW,108,5911000,9633,0,0,0,0,545,545,7,7,538,538,170,154,275,250,41,52,15,26,6,9,31,34,,4,,3,,3,,0,,0,,1,,0,,1,,0,,0,,1
13.05.2012,Landtagswahl NRW,108,5911000,9634,0,0,0,0,569,569,5,4,564,565,197,177,270,254,44,55,16,37,9,4,28,24,,5,,2,,2,,3,,0,,0,,0,,0,,0,,0,,2
13.05.2012,Landtagswahl NRW,108,5911000,9641,0,0,0,0,439,439,6,5,433,434,133,117,229,203,24,42,8,26,7,9,32,28,,1,,0,,4,,0,,0,,0,,1,,0,,3,,0,,0
13.05.2012,Landtagswahl NRW,108,5911000,9642,0,0,0,0,408,408,1,0,407,408,90,80,229,218,27,38,14,18,10,7,37,30,,6,,3,,4,,2,,0,,0,,0,,0,,0,,0,,2
13.05.2012,Landtagswahl NRW,108,5911000,9643,0,0,0,0,446,446,4,5,442,441,123,101,239,216,30,48,14,26,13,11,23,26,,5,,0,,5,,2,,0,,0,,1,,0,,0,,0,,0
13.05.2012,Landtagswahl NRW,108,5911000,9651,0,0,0,0,670,670,8,1,662,669,182,165,362,326,43,65,16,27,11,9,48,53,,6,,4,,6,,1,,0,,3,,0,,1,,1,,2,,0
13.05.2012,Landtagswahl NRW,108,5911000,9652,0,0,0,0,671,671,6,7,665,664,197,181,352,311,41,67,15,26,22,15,38,40,,7,,3,,6,,2,,0,,1,,1,,1,,1,,2,,0
13.05.2012,Landtagswahl NRW,108,5911000,9653,0,0,0,0,426,426,1,2,425,424,122,100,234,213,31,42,3,18,12,14,23,22,,7,,3,,4,,0,,0,,0,,0,,0,,1,,0,,0
