wahltermin_datum,wahl,Wahlkreis,AGS,Bez-Nr,Wahlberechtigte,Ohne Sperrvermerk,Mit Sperrvermerk,Nicht im W�hlerverzeichnis,Waehler,DavonMitWahlschein,UngueltigeErststimmen,UngueltigeZweitstimmen,GueltigeErststimmen,GueltigeZweitstimmen,CDU,CDU,SPD,SPD,Gr�ne,Gr�ne,Die Linke,Die Linke,FDP,FDP,AfD,AfD,D7,Piraten,D8,NPD,D9,Die PARTEI,D10,Freie W�hler,D11,Volksabstimmung,D12,�DP,MLPD,MLPD,D14,SGP,D15,Allianz Deutscher Demokraten,D16,BGE,D17,DiB,D18,DKP,D19,DM,D20,Die Humanisten,D21,Gesundheitsforschung,D22,Tierschutzpartei,D23,V-Partei�
24.09.2017,Bundestagswahl,141,5916000,1011,1025,893,132,0,576,0,13,5,563,571,100,87,229,205,18,19,42,41,23,27,148,150,,8,,6,,3,,3,,0,,0,3,3,,0,,7,,1,,0,,0,,0,,0,,1,,9,,1
24.09.2017,Bundestagswahl,141,5916000,1012,1109,899,210,0,578,1,14,8,564,570,146,147,242,165,24,33,34,48,40,54,76,92,,3,,1,,3,,2,,0,,0,2,0,,0,,9,,0,,0,,0,,4,,1,,1,,7,,0
24.09.2017,Bundestagswahl,141,5916000,1013,1107,952,155,0,542,1,17,9,525,533,110,103,230,174,18,19,32,31,32,43,101,103,,10,,3,,7,,1,,1,,0,2,1,,0,,31,,1,,0,,1,,0,,1,,1,,2,,0
24.09.2017,Bundestagswahl,141,5916000,1014,1084,917,167,0,604,0,13,11,591,593,138,134,249,216,19,19,38,34,34,53,113,105,,4,,3,,3,,2,,0,,0,0,0,,0,,8,,0,,0,,0,,0,,0,,1,,11,,0
24.09.2017,Bundestagswahl,141,5916000,1021,951,776,175,0,443,1,9,6,434,437,96,88,184,138,18,13,27,32,34,54,73,73,,5,,3,,3,,0,,1,,0,2,1,,0,,18,,0,,0,,0,,0,,0,,0,,7,,1
24.09.2017,Bundestagswahl,141,5916000,1022,1018,818,200,0,469,0,8,3,461,466,93,93,196,172,30,21,28,34,28,35,85,89,,0,,1,,5,,1,,2,,0,1,1,,0,,2,,0,,0,,0,,1,,1,,1,,7,,0
24.09.2017,Bundestagswahl,141,5916000,1023,903,769,134,0,459,1,9,7,450,452,113,103,189,160,13,14,23,43,29,28,83,79,,2,,3,,1,,1,,0,,0,0,0,,0,,12,,0,,2,,0,,1,,1,,0,,2,,0
24.09.2017,Bundestagswahl,141,5916000,1024,982,790,192,0,558,0,13,6,545,552,138,133,211,169,32,31,47,47,34,56,81,80,,8,,2,,4,,0,,0,,0,2,1,,0,,10,,0,,0,,0,,0,,0,,0,,11,,0
24.09.2017,Bundestagswahl,141,5916000,1025,931,771,160,0,506,0,7,11,499,495,143,122,230,201,22,24,27,20,25,47,51,55,,5,,1,,2,,2,,1,,0,1,1,,0,,5,,3,,1,,1,,0,,1,,0,,3,,0
24.09.2017,Bundestagswahl,141,5916000,1031,1048,902,146,0,533,0,10,12,523,521,109,113,223,176,14,14,39,44,31,31,103,108,,6,,3,,6,,0,,0,,0,4,3,,0,,12,,0,,0,,0,,0,,1,,0,,4,,0
24.09.2017,Bundestagswahl,141,5916000,1032,1051,927,124,0,514,0,34,9,480,505,85,79,207,159,9,17,40,29,36,42,94,97,,5,,1,,3,,1,,1,,0,9,2,,0,,58,,0,,1,,0,,1,,2,,0,,6,,1
24.09.2017,Bundestagswahl,141,5916000,1033,1123,914,209,0,513,0,9,7,504,506,99,106,215,168,20,18,38,46,33,43,98,104,,4,,2,,3,,0,,0,,1,1,1,,0,,5,,0,,1,,0,,0,,0,,0,,3,,1
24.09.2017,Bundestagswahl,141,5916000,1034,1264,1069,195,0,595,0,25,25,570,570,118,119,230,190,20,22,43,45,49,54,106,107,,3,,3,,3,,1,,1,,0,4,2,,1,,7,,0,,0,,0,,1,,0,,0,,10,,1
24.09.2017,Bundestagswahl,141,5916000,1041,819,713,106,0,375,2,12,5,363,370,51,51,176,136,14,17,20,27,20,17,79,88,,3,,0,,2,,0,,0,,0,3,1,,0,,21,,0,,0,,0,,0,,0,,0,,7,,0
24.09.2017,Bundestagswahl,141,5916000,1042,1020,852,168,0,484,0,12,11,472,473,99,103,201,181,23,13,41,43,25,26,83,80,,5,,0,,6,,1,,2,,0,0,0,,0,,7,,0,,0,,0,,1,,0,,0,,5,,0
24.09.2017,Bundestagswahl,141,5916000,1043,1006,837,169,0,525,1,18,14,507,511,129,132,190,150,21,27,47,49,30,40,89,88,,2,,1,,2,,2,,0,,0,1,1,,0,,10,,0,,0,,0,,0,,0,,2,,5,,0
24.09.2017,Bundestagswahl,141,5916000,1044,1152,960,192,0,580,1,14,9,566,571,113,115,263,234,16,22,44,46,33,30,97,94,,5,,0,,7,,0,,0,,1,0,0,,0,,4,,0,,0,,0,,0,,1,,0,,11,,1
24.09.2017,Bundestagswahl,141,5916000,1051,1024,838,186,0,453,0,17,12,436,441,96,90,165,142,21,20,52,55,15,23,85,79,,6,,2,,0,,0,,3,,0,2,2,,0,,7,,1,,0,,0,,0,,1,,0,,10,,0
24.09.2017,Bundestagswahl,141,5916000,1052,1025,873,152,0,518,0,18,14,500,504,118,99,192,154,23,34,59,62,34,42,73,78,,0,,4,,4,,1,,0,,0,1,4,,0,,13,,0,,1,,0,,0,,0,,2,,6,,0
24.09.2017,Bundestagswahl,141,5916000,1053,966,808,158,0,436,0,11,13,425,423,92,71,196,163,26,30,35,39,23,37,51,50,,6,,2,,3,,1,,0,,0,2,2,,0,,9,,1,,2,,0,,4,,0,,0,,3,,0
24.09.2017,Bundestagswahl,141,5916000,1054,1109,919,190,0,519,1,10,2,509,517,84,84,226,200,16,24,48,43,29,33,106,103,,5,,6,,6,,0,,0,,0,0,0,,0,,11,,0,,0,,0,,0,,0,,0,,2,,0
24.09.2017,Bundestagswahl,141,5916000,2061,1015,829,186,0,548,2,24,13,524,535,89,86,241,200,16,18,35,38,40,44,102,93,,7,,5,,2,,3,,2,,0,1,0,,0,,26,,0,,2,,0,,1,,0,,0,,7,,1
24.09.2017,Bundestagswahl,141,5916000,2062,1060,905,155,0,538,0,17,6,521,532,115,100,223,171,11,14,24,36,45,50,102,100,,3,,4,,3,,2,,2,,1,1,1,,0,,25,,0,,0,,0,,1,,0,,1,,18,,0
24.09.2017,Bundestagswahl,141,5916000,2063,1022,834,188,0,511,0,20,7,491,504,131,118,190,163,14,25,40,36,38,42,76,75,,5,,1,,8,,2,,0,,1,2,1,,0,,12,,0,,0,,0,,0,,0,,1,,13,,1
24.09.2017,Bundestagswahl,141,5916000,2064,1041,888,153,0,517,0,12,12,505,505,87,82,227,202,23,21,41,44,37,40,88,88,,5,,2,,3,,2,,0,,0,2,0,,0,,8,,2,,1,,0,,0,,0,,0,,4,,1
24.09.2017,Bundestagswahl,141,5916000,2071,1167,999,168,0,587,2,4,3,583,584,137,138,242,189,29,30,46,51,32,51,93,90,,5,,7,,4,,0,,1,,0,4,3,,0,,11,,1,,1,,0,,0,,0,,2,,0,,0
24.09.2017,Bundestagswahl,141,5916000,2072,1217,1042,175,0,626,0,12,7,614,619,127,131,236,193,27,30,65,61,39,49,116,106,,8,,2,,14,,2,,0,,0,4,1,,0,,6,,0,,0,,0,,1,,0,,2,,12,,1
24.09.2017,Bundestagswahl,141,5916000,2073,1105,922,183,0,492,0,16,6,476,486,86,93,204,164,24,27,53,53,23,27,82,88,,7,,4,,4,,3,,0,,0,4,0,,1,,7,,1,,0,,0,,1,,3,,0,,3,,0
24.09.2017,Bundestagswahl,141,5916000,2081,1132,880,252,0,591,0,10,7,581,584,117,120,260,209,45,35,46,50,38,49,74,80,,1,,4,,6,,1,,1,,0,1,3,,0,,17,,0,,0,,0,,0,,0,,0,,7,,1
24.09.2017,Bundestagswahl,141,5916000,2082,1132,929,203,0,535,1,8,3,527,532,116,124,215,168,23,25,50,50,46,63,74,74,,3,,3,,9,,0,,1,,0,3,4,,0,,5,,0,,1,,0,,0,,0,,0,,2,,0
24.09.2017,Bundestagswahl,141,5916000,2083,1215,963,252,0,677,0,13,9,664,668,159,160,269,215,44,53,60,58,44,66,87,89,,3,,2,,9,,2,,1,,1,1,0,,0,,0,,1,,1,,0,,3,,0,,1,,3,,0
24.09.2017,Bundestagswahl,141,5916000,2091,1191,981,210,0,663,0,9,7,654,656,126,122,276,241,29,20,49,53,39,50,135,132,,6,,3,,2,,2,,0,,2,0,0,,0,,6,,0,,1,,0,,0,,1,,1,,13,,1
24.09.2017,Bundestagswahl,141,5916000,2092,1278,1027,251,0,720,0,15,15,705,705,173,171,314,273,32,22,47,56,40,58,97,97,,4,,3,,3,,0,,2,,0,2,1,,0,,1,,0,,0,,0,,1,,0,,0,,13,,0
24.09.2017,Bundestagswahl,141,5916000,2093,1256,990,266,0,725,1,14,11,711,714,165,165,272,213,42,40,57,64,52,72,122,122,,9,,2,,6,,0,,1,,1,1,1,,0,,6,,0,,0,,0,,0,,1,,2,,8,,1
24.09.2017,Bundestagswahl,141,5916000,2094,1258,965,293,0,694,0,16,13,678,681,156,151,269,229,39,40,59,47,49,69,106,114,,1,,1,,7,,2,,1,,0,0,0,,0,,4,,1,,0,,0,,1,,1,,1,,11,,0
24.09.2017,Bundestagswahl,141,5916000,2101,1338,1039,299,0,647,0,15,13,632,634,122,131,287,227,26,21,36,51,25,36,135,135,,5,,4,,6,,0,,1,,0,1,1,,0,,7,,0,,0,,0,,0,,0,,1,,7,,1
24.09.2017,Bundestagswahl,141,5916000,2102,1338,1025,313,0,708,0,5,8,703,700,221,221,265,223,46,44,37,37,49,75,84,72,,4,,3,,6,,1,,0,,3,1,0,,0,,1,,0,,1,,0,,1,,0,,3,,3,,2
24.09.2017,Bundestagswahl,141,5916000,2103,1163,943,220,0,623,0,9,9,614,614,162,157,257,222,31,31,43,51,50,65,71,65,,11,,1,,0,,0,,1,,0,0,0,,0,,3,,0,,0,,0,,0,,0,,0,,5,,2
24.09.2017,Bundestagswahl,141,5916000,2111,1263,999,264,0,683,0,10,6,673,677,175,159,272,229,43,55,43,45,47,55,91,98,,4,,1,,6,,2,,0,,0,2,3,,0,,2,,3,,0,,1,,2,,0,,0,,12,,0
24.09.2017,Bundestagswahl,141,5916000,2112,1312,1013,299,0,683,0,12,7,671,676,179,167,294,245,21,31,50,47,45,64,82,87,,5,,2,,8,,0,,2,,0,0,0,,0,,9,,0,,0,,0,,1,,1,,0,,7,,0
24.09.2017,Bundestagswahl,141,5916000,2113,1426,1119,307,0,778,0,13,10,765,768,189,191,325,275,35,32,62,55,47,62,105,117,,2,,1,,15,,1,,1,,0,2,1,,0,,1,,2,,1,,0,,1,,0,,1,,9,,0
24.09.2017,Bundestagswahl,141,5916000,3121,1166,930,236,0,637,1,18,7,619,630,127,138,298,241,29,22,40,38,37,55,86,91,,5,,3,,5,,1,,2,,1,2,0,,0,,16,,1,,0,,0,,0,,0,,0,,10,,1
24.09.2017,Bundestagswahl,141,5916000,3122,1491,1198,293,0,757,1,10,5,747,752,156,160,340,275,31,34,68,70,43,65,103,113,,4,,2,,2,,1,,4,,0,6,3,,0,,7,,0,,0,,0,,2,,0,,2,,7,,1
24.09.2017,Bundestagswahl,141,5916000,3123,1407,1135,272,0,752,0,11,6,741,746,206,192,308,270,50,42,38,45,40,68,98,93,,2,,4,,6,,2,,0,,0,1,1,,0,,4,,1,,0,,0,,0,,1,,1,,13,,1
24.09.2017,Bundestagswahl,141,5916000,3131,1115,942,173,0,566,0,18,9,548,557,97,89,233,208,25,28,50,44,29,32,112,113,,5,,3,,6,,1,,0,,0,2,2,,0,,14,,1,,3,,0,,0,,0,,1,,7,,0
24.09.2017,Bundestagswahl,141,5916000,3132,1056,881,175,0,569,0,12,7,557,562,117,128,252,207,24,25,45,45,28,31,86,93,,5,,1,,4,,1,,0,,0,5,5,,0,,9,,0,,0,,0,,0,,0,,1,,6,,1
24.09.2017,Bundestagswahl,141,5916000,3133,1190,996,194,0,602,0,10,6,592,596,124,143,249,193,24,24,55,48,51,56,89,97,,0,,1,,8,,0,,0,,0,0,1,,0,,9,,2,,2,,0,,1,,0,,2,,9,,0
24.09.2017,Bundestagswahl,141,5916000,3141,1369,1125,244,0,794,1,12,9,782,785,180,174,343,290,26,42,61,66,48,62,119,114,,3,,4,,6,,1,,1,,1,5,2,,0,,6,,0,,1,,0,,1,,1,,2,,8,,0
24.09.2017,Bundestagswahl,141,5916000,3142,1393,1094,299,0,768,2,5,4,763,764,182,182,312,259,41,30,65,71,63,83,97,107,,1,,4,,7,,3,,1,,1,3,3,,0,,0,,0,,0,,0,,1,,0,,1,,10,,0
24.09.2017,Bundestagswahl,141,5916000,3143,1257,1088,169,0,733,2,14,9,719,724,194,179,323,293,27,24,56,50,46,56,73,72,,11,,7,,7,,3,,1,,0,0,0,,0,,12,,1,,0,,0,,1,,0,,0,,7,,0
24.09.2017,Bundestagswahl,141,5916000,3144,1318,1094,224,0,661,1,23,9,638,652,140,125,229,182,53,40,73,76,48,71,92,99,,9,,2,,9,,4,,0,,0,3,3,,0,,17,,0,,2,,0,,1,,5,,0,,4,,3
24.09.2017,Bundestagswahl,141,5916000,3151,1404,1145,259,0,730,5,17,8,713,722,124,130,316,236,29,52,79,71,53,66,109,113,,10,,4,,7,,3,,1,,2,3,2,,0,,8,,0,,0,,0,,1,,1,,3,,12,,0
24.09.2017,Bundestagswahl,141,5916000,3152,1309,1119,190,0,612,2,16,9,596,603,106,116,286,219,24,29,66,63,25,39,85,89,,2,,2,,5,,0,,0,,0,4,2,,0,,29,,3,,0,,0,,0,,0,,0,,4,,1
24.09.2017,Bundestagswahl,141,5916000,3153,758,646,112,0,399,0,15,13,384,386,71,64,176,171,18,15,37,43,22,24,57,52,,1,,0,,3,,2,,0,,1,3,1,,0,,5,,0,,2,,0,,0,,0,,1,,1,,0
24.09.2017,Bundestagswahl,141,5916000,3154,747,642,105,0,377,0,10,3,367,374,65,68,165,122,23,30,28,40,26,37,53,49,,8,,1,,3,,2,,1,,0,7,2,,0,,6,,0,,1,,1,,0,,1,,0,,2,,0
24.09.2017,Bundestagswahl,141,5916000,3161,1336,1119,217,0,650,0,14,8,636,642,110,118,293,243,28,23,51,58,53,57,100,97,,12,,3,,3,,5,,1,,0,1,1,,0,,11,,1,,1,,0,,2,,0,,0,,6,,0
24.09.2017,Bundestagswahl,141,5916000,3162,1347,1126,221,0,584,0,14,11,570,573,91,100,227,197,21,27,67,74,57,41,100,83,,5,,3,,5,,2,,1,,0,7,3,,1,,22,,1,,0,,0,,1,,0,,2,,5,,0
24.09.2017,Bundestagswahl,141,5916000,3163,1281,1044,237,0,611,0,13,8,598,603,112,99,243,186,39,41,74,83,35,53,94,95,,5,,2,,14,,0,,1,,1,1,0,,0,,13,,0,,1,,0,,0,,0,,1,,7,,1
24.09.2017,Bundestagswahl,141,5916000,3171,1351,1001,350,0,711,0,7,2,704,709,172,181,252,168,71,88,74,85,51,75,83,81,,2,,2,,8,,3,,0,,1,1,0,,0,,1,,0,,3,,0,,3,,0,,2,,5,,1
24.09.2017,Bundestagswahl,141,5916000,3172,1192,1014,178,0,535,0,7,6,528,529,105,109,240,182,35,43,50,57,22,35,75,87,,2,,0,,7,,2,,1,,0,1,0,,0,,0,,1,,0,,0,,0,,0,,1,,2,,0
24.09.2017,Bundestagswahl,141,5916000,3173,1447,1069,378,0,800,2,13,5,787,795,217,199,293,220,54,60,37,52,88,132,94,93,,2,,3,,8,,0,,1,,1,4,0,,0,,10,,1,,1,,0,,0,,1,,1,,8,,2
24.09.2017,Bundestagswahl,141,5916000,3181,1117,944,173,0,516,0,11,9,505,507,110,96,231,197,26,31,32,41,28,37,75,68,,9,,2,,5,,0,,0,,0,3,1,,0,,16,,0,,0,,0,,0,,0,,0,,3,,1
24.09.2017,Bundestagswahl,141,5916000,3182,1194,981,213,0,634,1,9,4,625,630,122,110,305,262,40,39,47,58,40,54,70,76,,5,,2,,9,,0,,0,,0,1,1,,0,,7,,2,,1,,1,,0,,0,,2,,1,,0
24.09.2017,Bundestagswahl,141,5916000,3183,1371,1077,294,0,752,0,7,24,745,728,193,169,301,228,35,31,48,55,51,98,115,111,,5,,4,,8,,0,,1,,0,2,0,,0,,1,,0,,2,,0,,0,,1,,2,,10,,2
24.09.2017,Bundestagswahl,141,5916000,3191,1235,973,262,0,660,0,16,7,644,653,123,128,284,208,48,64,71,71,37,55,80,82,,6,,2,,7,,0,,0,,0,1,0,,2,,10,,2,,4,,0,,0,,1,,2,,9,,0
24.09.2017,Bundestagswahl,141,5916000,3192,1262,1083,179,0,667,3,11,8,656,659,144,140,266,207,48,50,71,67,45,65,82,86,,3,,3,,12,,5,,2,,0,0,0,,0,,4,,1,,2,,1,,0,,1,,1,,8,,1
24.09.2017,Bundestagswahl,141,5916000,3193,1225,991,234,0,635,0,10,11,625,624,133,126,259,215,38,40,66,72,39,51,86,92,,3,,4,,9,,1,,0,,0,4,0,,0,,0,,0,,1,,0,,0,,1,,2,,6,,1
24.09.2017,Bundestagswahl,141,5916000,3201,1045,831,214,0,546,0,10,7,536,539,158,148,214,185,17,19,40,39,39,55,68,78,,2,,5,,4,,0,,1,,0,0,1,,0,,1,,0,,0,,0,,0,,0,,0,,1,,0
24.09.2017,Bundestagswahl,141,5916000,3202,1100,915,185,0,540,0,24,17,516,523,110,106,213,172,27,24,59,65,39,50,65,71,,4,,3,,10,,1,,1,,0,3,0,,4,,0,,8,,1,,1,,0,,0,,1,,0,,1
24.09.2017,Bundestagswahl,141,5916000,3203,1032,825,207,0,439,0,12,6,427,433,81,78,178,147,26,29,49,56,31,46,62,54,,2,,3,,5,,4,,1,,0,0,0,,1,,4,,0,,0,,0,,0,,0,,0,,2,,1
24.09.2017,Bundestagswahl,141,5916000,3204,1099,827,272,0,618,1,13,10,605,608,156,138,243,215,30,27,52,51,56,77,67,77,,2,,0,,8,,1,,0,,0,1,0,,0,,1,,0,,1,,0,,1,,1,,0,,7,,1
24.09.2017,Bundestagswahl,141,5916000,3211,1205,879,326,0,690,2,9,9,681,681,167,162,288,216,38,58,55,52,48,80,85,82,,2,,1,,11,,4,,0,,0,0,2,,0,,4,,0,,1,,0,,2,,1,,0,,3,,0
24.09.2017,Bundestagswahl,141,5916000,3212,1033,824,209,0,602,1,1,1,601,601,182,175,194,198,40,38,47,44,48,56,88,61,,4,,2,,6,,1,,0,,0,2,1,,0,,8,,0,,0,,0,,0,,0,,0,,7,,0
24.09.2017,Bundestagswahl,141,5916000,3213,1164,930,234,0,664,5,19,15,645,649,157,139,274,218,29,40,57,60,43,64,85,94,,5,,3,,6,,0,,0,,0,0,1,,1,,3,,1,,0,,0,,4,,0,,1,,9,,0
24.09.2017,Bundestagswahl,141,5916000,3214,1112,816,296,0,589,4,5,4,584,585,179,179,217,174,45,55,39,38,32,58,70,65,,2,,0,,3,,1,,0,,1,2,1,,0,,0,,1,,0,,0,,0,,0,,0,,7,,0
24.09.2017,Bundestagswahl,141,5916000,4221,906,775,131,0,564,0,14,7,550,557,106,102,263,240,22,22,40,38,26,32,89,93,,2,,6,,3,,0,,0,,0,4,0,,0,,14,,0,,2,,0,,1,,0,,0,,2,,0
24.09.2017,Bundestagswahl,141,5916000,4222,941,783,158,0,518,0,10,11,508,507,119,119,227,184,10,13,30,26,37,49,84,90,,7,,5,,2,,2,,0,,0,1,0,,0,,4,,1,,0,,0,,0,,0,,1,,3,,1
24.09.2017,Bundestagswahl,141,5916000,4223,972,863,109,0,509,0,17,11,492,498,83,91,253,213,12,15,36,40,31,35,76,71,,4,,3,,3,,2,,0,,2,1,0,,9,,0,,9,,0,,0,,0,,0,,0,,1,,0
24.09.2017,Bundestagswahl,141,5916000,4224,844,771,73,0,449,1,25,6,424,443,40,41,201,158,14,15,41,35,22,24,106,112,,7,,6,,4,,0,,0,,1,0,1,,0,,30,,1,,0,,0,,1,,0,,1,,6,,0
24.09.2017,Bundestagswahl,141,5916000,4231,1327,1107,220,0,703,0,16,9,687,694,176,164,294,225,30,34,42,51,46,82,94,94,,8,,1,,5,,1,,0,,0,5,0,,0,,11,,0,,1,,0,,1,,1,,2,,12,,1
24.09.2017,Bundestagswahl,141,5916000,4232,1187,954,233,0,618,0,18,12,600,606,127,109,278,228,23,36,41,41,42,49,88,95,,4,,3,,3,,1,,0,,0,1,1,,0,,26,,0,,1,,0,,3,,0,,1,,5,,0
24.09.2017,Bundestagswahl,141,5916000,4233,1187,957,230,0,684,0,20,11,664,673,133,133,302,241,29,32,44,43,41,63,113,119,,7,,1,,1,,3,,1,,0,2,1,,0,,13,,0,,1,,0,,0,,0,,1,,12,,1
24.09.2017,Bundestagswahl,141,5916000,4241,1231,1000,231,0,688,0,8,10,680,678,186,157,263,218,39,54,48,61,48,72,88,88,,5,,2,,4,,2,,0,,0,8,1,,0,,3,,0,,1,,1,,0,,0,,2,,6,,1
24.09.2017,Bundestagswahl,141,5916000,4242,1099,876,223,0,635,1,6,6,629,629,146,148,256,201,36,32,50,56,51,73,88,86,,5,,4,,6,,0,,0,,0,2,1,,0,,2,,0,,0,,0,,0,,0,,2,,12,,1
24.09.2017,Bundestagswahl,141,5916000,4243,1176,991,185,0,688,1,11,8,677,680,122,130,359,305,39,38,44,44,33,49,80,82,,3,,4,,7,,2,,0,,0,0,0,,0,,4,,0,,1,,0,,1,,1,,2,,6,,1
24.09.2017,Bundestagswahl,141,5916000,4244,1112,891,221,0,499,1,12,7,487,492,99,94,219,186,40,26,30,34,32,47,66,65,,8,,3,,0,,1,,2,,0,1,0,,0,,16,,0,,1,,0,,3,,0,,0,,5,,1
24.09.2017,Bundestagswahl,141,5916000,4251,1535,1202,333,0,875,0,18,4,857,871,177,162,375,304,44,52,73,75,71,98,113,123,,3,,5,,9,,5,,0,,0,4,1,,1,,23,,0,,3,,0,,0,,0,,1,,4,,2
24.09.2017,Bundestagswahl,141,5916000,4252,1526,1228,298,0,858,1,12,12,846,846,207,226,374,269,61,72,48,57,51,76,104,113,,3,,3,,7,,0,,0,,1,1,1,,0,,8,,2,,0,,0,,0,,0,,1,,5,,2
24.09.2017,Bundestagswahl,141,5916000,4253,1570,1210,360,0,845,0,15,3,830,842,224,200,356,284,38,46,53,68,62,107,94,100,,6,,6,,5,,6,,0,,1,3,0,,0,,7,,1,,0,,0,,0,,0,,0,,4,,1
24.09.2017,Bundestagswahl,141,5916000,4261,1052,769,283,0,498,2,8,6,490,492,119,123,212,173,34,31,44,50,22,38,53,47,,2,,2,,10,,1,,1,,0,6,2,,0,,3,,1,,1,,0,,1,,1,,0,,4,,1
24.09.2017,Bundestagswahl,141,5916000,4262,1029,796,233,0,536,0,15,9,521,527,105,106,230,173,22,27,51,48,40,47,70,76,,6,,3,,3,,2,,1,,1,3,4,,0,,22,,0,,0,,1,,0,,0,,1,,6,,0
24.09.2017,Bundestagswahl,141,5916000,4263,1096,870,226,0,638,0,9,8,629,630,151,151,263,211,27,35,52,50,47,65,88,90,,3,,1,,6,,1,,3,,0,1,0,,0,,4,,1,,1,,0,,0,,0,,2,,6,,0
24.09.2017,Bundestagswahl,141,5916000,4264,1116,872,244,0,635,4,12,7,623,628,138,125,278,233,39,48,49,56,39,60,79,82,,0,,4,,4,,1,,0,,1,1,0,,0,,0,,3,,1,,0,,0,,2,,0,,8,,0
24.09.2017,Bundestagswahl,141,5916000,4271,1092,851,241,0,568,1,12,2,556,566,152,146,231,186,28,31,49,46,28,50,66,88,,6,,2,,4,,2,,0,,0,2,0,,0,,5,,0,,0,,0,,0,,0,,0,,0,,0
24.09.2017,Bundestagswahl,141,5916000,4272,1073,856,217,0,616,0,8,8,608,608,161,160,261,206,24,27,31,46,48,53,83,87,,6,,5,,9,,0,,2,,0,0,0,,0,,4,,0,,0,,0,,0,,1,,0,,2,,0
24.09.2017,Bundestagswahl,141,5916000,4273,1037,890,147,0,641,0,13,8,628,633,136,136,293,246,25,24,40,43,52,71,78,81,,2,,2,,4,,2,,1,,0,4,1,,0,,7,,1,,1,,1,,0,,0,,1,,8,,1
24.09.2017,Bundestagswahl,141,5916000,4274,1117,844,273,0,637,2,6,3,631,634,210,206,205,163,50,44,52,55,50,75,64,65,,3,,3,,9,,2,,0,,0,0,0,,0,,0,,0,,1,,0,,0,,2,,0,,5,,1
24.09.2017,Bundestagswahl,141,5916000,9101,0,0,0,0,671,671,4,3,667,668,181,196,299,254,32,31,33,32,50,65,70,70,,0,,0,,8,,1,,0,,1,2,0,,0,,0,,3,,0,,1,,0,,0,,1,,5,,0
24.09.2017,Bundestagswahl,141,5916000,9102,0,0,0,0,844,844,18,12,826,832,231,238,334,288,41,33,55,65,65,76,100,92,,7,,4,,6,,2,,1,,0,0,0,,0,,0,,1,,3,,0,,1,,0,,4,,9,,2
24.09.2017,Bundestagswahl,141,5916000,9103,0,0,0,0,644,644,12,6,632,638,146,146,285,253,17,16,31,31,46,65,106,96,,3,,1,,2,,3,,1,,0,1,0,,0,,3,,0,,0,,0,,1,,1,,1,,14,,1
24.09.2017,Bundestagswahl,141,5916000,9104,0,0,0,0,606,606,8,6,598,600,196,198,245,204,20,21,35,40,40,56,59,59,,1,,0,,7,,0,,1,,0,3,1,,0,,2,,1,,1,,0,,0,,0,,1,,7,,0
24.09.2017,Bundestagswahl,141,5916000,9105,0,0,0,0,660,660,14,7,646,653,166,185,258,213,48,42,49,46,47,55,73,78,,5,,1,,2,,3,,2,,2,5,3,,0,,4,,2,,0,,0,,0,,0,,0,,9,,1
24.09.2017,Bundestagswahl,141,5916000,9206,0,0,0,0,659,659,9,5,650,654,139,149,304,247,31,35,39,41,37,47,94,91,,6,,7,,3,,0,,2,,2,6,1,,14,,0,,1,,3,,0,,0,,1,,0,,0,,4
24.09.2017,Bundestagswahl,141,5916000,9207,0,0,0,0,509,509,9,2,500,507,139,137,215,195,32,21,31,30,30,42,51,50,,2,,3,,4,,1,,2,,0,2,0,,0,,3,,0,,1,,0,,0,,1,,1,,11,,3
24.09.2017,Bundestagswahl,141,5916000,9208,0,0,0,0,682,682,12,6,670,676,183,190,278,229,26,40,48,44,33,58,102,96,,2,,0,,4,,0,,0,,0,0,0,,0,,3,,1,,1,,0,,0,,0,,2,,5,,1
24.09.2017,Bundestagswahl,141,5916000,9209,0,0,0,0,1003,1003,19,11,984,992,232,236,399,332,67,69,65,64,73,100,140,142,,3,,3,,4,,5,,2,,0,8,2,,0,,8,,1,,0,,1,,0,,0,,0,,16,,4
24.09.2017,Bundestagswahl,141,5916000,9210,0,0,0,0,814,814,5,4,809,810,233,245,337,285,27,25,49,46,69,88,94,91,,4,,0,,12,,1,,0,,0,0,0,,0,,2,,1,,0,,0,,1,,0,,1,,8,,0
24.09.2017,Bundestagswahl,141,5916000,9211,0,0,0,0,851,851,16,10,835,841,323,324,303,249,49,40,39,47,58,88,62,63,,2,,1,,13,,1,,2,,2,1,0,,0,,0,,0,,0,,0,,2,,0,,2,,4,,1
24.09.2017,Bundestagswahl,141,5916000,9312,0,0,0,0,771,771,11,5,760,766,225,238,331,277,43,44,34,44,62,68,63,60,,5,,5,,5,,0,,1,,3,2,2,,0,,1,,3,,0,,0,,0,,0,,0,,9,,1
24.09.2017,Bundestagswahl,141,5916000,9313,0,0,0,0,530,530,6,5,524,525,114,126,246,212,15,18,36,30,26,45,83,73,,2,,0,,4,,0,,2,,0,4,1,,0,,0,,2,,0,,0,,2,,2,,0,,5,,1
24.09.2017,Bundestagswahl,141,5916000,9314,0,0,0,0,911,911,17,6,894,905,247,243,358,315,61,61,58,66,65,92,102,91,,2,,5,,8,,2,,0,,1,3,2,,0,,4,,0,,0,,0,,0,,0,,4,,9,,0
24.09.2017,Bundestagswahl,141,5916000,9315,0,0,0,0,642,642,2,2,640,640,183,183,245,216,36,31,37,33,66,78,73,77,,1,,0,,9,,0,,1,,1,0,0,,0,,4,,0,,0,,0,,0,,0,,0,,5,,1
24.09.2017,Bundestagswahl,141,5916000,9316,0,0,0,0,657,657,8,3,649,654,169,171,267,239,40,39,64,59,45,53,57,59,,5,,1,,6,,0,,0,,0,7,3,,0,,2,,1,,2,,0,,0,,0,,1,,12,,1
24.09.2017,Bundestagswahl,141,5916000,9317,0,0,0,0,885,885,7,4,878,881,317,319,307,236,70,59,47,70,85,118,51,58,,4,,0,,5,,0,,0,,2,1,0,,0,,1,,0,,0,,0,,0,,1,,1,,4,,3
24.09.2017,Bundestagswahl,141,5916000,9318,0,0,0,0,659,659,7,0,652,659,175,185,275,221,36,38,47,55,40,57,74,75,,8,,3,,0,,1,,0,,0,5,1,,15,,0,,0,,0,,0,,0,,0,,0,,0,,0
24.09.2017,Bundestagswahl,141,5916000,9319,0,0,0,0,659,659,9,4,650,655,148,161,312,249,44,45,65,67,34,58,46,43,,5,,1,,7,,3,,1,,0,1,1,,0,,1,,0,,1,,2,,0,,0,,1,,9,,0
24.09.2017,Bundestagswahl,141,5916000,9320,0,0,0,0,858,858,15,14,843,844,237,234,349,285,43,48,52,59,73,102,88,92,,0,,3,,10,,2,,1,,0,1,0,,0,,1,,1,,0,,0,,0,,0,,0,,6,,0
24.09.2017,Bundestagswahl,141,5916000,9321,0,0,0,0,1027,1027,5,4,1022,1023,314,324,418,321,60,61,60,65,81,111,84,98,,2,,4,,10,,5,,2,,2,5,1,,0,,0,,1,,1,,0,,1,,1,,3,,10,,0
24.09.2017,Bundestagswahl,141,5916000,9422,0,0,0,0,461,461,3,1,458,460,128,121,207,173,17,22,24,25,16,28,66,70,,2,,1,,1,,1,,2,,2,0,0,,7,,0,,0,,1,,1,,0,,1,,0,,2,,0
24.09.2017,Bundestagswahl,141,5916000,9423,0,0,0,0,648,648,9,5,639,643,187,199,290,252,29,30,24,30,37,38,67,71,,2,,0,,4,,1,,1,,0,5,1,,0,,1,,0,,2,,0,,1,,0,,0,,10,,0
24.09.2017,Bundestagswahl,141,5916000,9424,0,0,0,0,832,832,5,1,827,831,236,258,360,294,53,38,45,38,60,97,71,74,,5,,1,,6,,4,,1,,2,2,1,,1,,1,,1,,0,,0,,0,,1,,1,,7,,0
24.09.2017,Bundestagswahl,141,5916000,9425,0,0,0,0,964,964,6,4,958,960,286,299,400,320,72,63,42,55,71,104,86,87,,2,,1,,6,,3,,1,,1,1,0,,0,,3,,0,,1,,0,,0,,0,,2,,12,,0
24.09.2017,Bundestagswahl,141,5916000,9426,0,0,0,0,954,954,10,6,944,948,257,271,398,334,66,58,56,50,77,110,88,89,,3,,2,,7,,5,,3,,1,2,0,,0,,1,,2,,0,,0,,1,,2,,1,,5,,3
24.09.2017,Bundestagswahl,141,5916000,9427,0,0,0,0,841,841,6,5,835,836,274,298,330,254,54,47,30,27,74,99,73,76,,2,,2,,9,,5,,2,,0,0,0,,0,,0,,2,,1,,0,,0,,0,,1,,11,,0
