wahltermin_datum,wahl,Wahlkreis,AGS,Bez-Nr,Wahlberchtigte,ohne Sperrvermerk,mit Sperrvermerk,nicht im W�hlerverzeichnis,Waehler,DavonMitWahlschein,UngueltigeErststimmen,UngueltigeZweitstimmen,GueltigeErststimmen,GueltigeZweitstimmen,SPD,SPD,CDU,CDU,GR�NE,GR�NE,FDP,FDP,PIRATEN,PIRATEN,DIE LINKE,DIE LINKE,D7,NPD,D8,Die PARTEI,D9,FREIE W�HLER,D10,BIG,D11,FBI/FWG,D12,�DP,D13,Volksabstimmung,D14,TIERSCHUTZliste,D15,AD-Demokraten NRW,AfD,AfD,D17,Aufbruch C,D18,BGE,D19,DBD,D20,DKP,D21,ZENTRUM,D22,Die Rechte,D23,REP,D24,DIE VIOLETTEN,D25,JED,MLPD,MLPD,D27,PAN,D28,Gesundheitsforschung,D29,"PARTEILOSE WG ""BRD""",D30,Sch�ner Leben,D31,V-Partei�
14.05.2017,Landtagswahl NRW,109,5911000,1201,1126,924,202,0,518,2,8,8,510,510,212,161,103,106,48,58,26,28,12,11,80,93,,0,,8,,1,,4,,0,,0,,1,,2,,0,26,30,,0,,1,,0,,0,,0,,0,,1,,1,,0,3,3,,0,,0,,0,,1,,0
14.05.2017,Landtagswahl NRW,109,5911000,1202,1174,906,268,0,640,2,8,3,632,637,208,170,196,157,71,86,36,77,13,8,81,90,,2,,6,,1,,0,,0,,1,,1,,5,,0,26,29,,1,,1,,0,,0,,0,,0,,0,,1,,0,1,0,,0,,0,,0,,0,,1
14.05.2017,Landtagswahl NRW,109,5911000,1203,980,818,162,0,438,2,12,8,426,430,176,141,71,64,27,46,31,30,15,7,77,87,,2,,6,,1,,6,,0,,0,,0,,4,,1,28,31,,1,,0,,0,,0,,0,,1,,0,,1,,1,1,0,,0,,0,,0,,0,,0
14.05.2017,Landtagswahl NRW,109,5911000,1204,1078,882,195,1,478,6,12,6,466,472,199,179,82,70,39,47,26,18,19,8,66,64,,1,,16,,2,,7,,0,,1,,0,,3,,8,34,41,,0,,1,,0,,0,,1,,0,,0,,2,,0,1,1,,0,,0,,1,,0,,1
14.05.2017,Landtagswahl NRW,109,5911000,1205,1018,846,172,0,378,4,7,5,371,373,141,108,78,66,49,59,18,22,11,7,50,56,,0,,16,,4,,1,,0,,0,,0,,3,,1,16,23,,0,,0,,0,,2,,1,,0,,1,,0,,0,8,3,,0,,0,,0,,0,,0
14.05.2017,Landtagswahl NRW,109,5911000,1206,1083,842,241,0,439,4,11,4,428,435,150,125,80,69,48,58,24,30,21,9,72,69,,3,,18,,3,,4,,0,,1,,1,,2,,3,33,35,,1,,0,,1,,0,,0,,0,,0,,1,,0,0,0,,0,,0,,0,,0,,2
14.05.2017,Landtagswahl NRW,109,5911000,1207,1245,973,272,0,570,2,8,8,562,562,211,160,129,109,72,90,40,54,13,11,72,77,,1,,17,,2,,10,,0,,1,,0,,0,,0,25,26,,1,,0,,0,,0,,0,,0,,1,,0,,0,0,0,,0,,0,,0,,1,,1
14.05.2017,Landtagswahl NRW,109,5911000,1208,1225,1012,213,0,520,2,3,2,517,518,175,160,120,105,64,56,24,37,22,17,80,74,,2,,14,,3,,0,,0,,2,,0,,4,,2,27,29,,1,,1,,0,,1,,0,,1,,0,,1,,0,5,3,,0,,1,,0,,0,,4
14.05.2017,Landtagswahl NRW,109,5911000,1501,844,710,134,0,341,1,15,1,326,340,122,96,68,53,29,38,22,35,16,11,47,56,,2,,0,,1,,9,,0,,0,,0,,3,,4,18,24,,0,,0,,0,,0,,0,,0,,0,,0,,3,4,4,,0,,0,,0,,0,,1
14.05.2017,Landtagswahl NRW,109,5911000,1502,1032,867,165,0,434,2,3,1,431,433,165,141,79,63,37,38,27,33,11,8,71,67,,0,,15,,1,,8,,0,,0,,0,,9,,2,38,43,,1,,0,,1,,0,,0,,0,,0,,0,,0,3,1,,0,,1,,0,,1,,0
14.05.2017,Landtagswahl NRW,109,5911000,1503,1082,941,141,0,549,5,13,3,536,546,199,175,128,103,55,57,25,44,16,15,75,70,,0,,8,,2,,12,,0,,2,,0,,7,,2,37,41,,0,,0,,0,,0,,0,,1,,0,,0,,0,1,3,,0,,1,,0,,2,,1
14.05.2017,Landtagswahl NRW,109,5911000,1504,855,761,94,0,436,2,16,8,420,428,187,156,73,60,24,35,19,24,19,9,62,49,,2,,13,,3,,12,,0,,3,,0,,3,,7,32,37,,0,,4,,2,,1,,0,,0,,0,,1,,0,4,7,,0,,0,,0,,0,,0
14.05.2017,Landtagswahl NRW,109,5911000,1505,754,680,74,0,262,5,15,6,247,256,104,94,47,28,22,26,9,14,9,2,30,29,,1,,7,,0,,11,,0,,0,,0,,6,,5,25,30,,0,,0,,0,,0,,0,,0,,1,,0,,0,1,0,,1,,0,,1,,0,,0
14.05.2017,Landtagswahl NRW,109,5911000,1506,728,663,65,0,277,4,12,5,265,272,100,92,39,30,23,19,11,10,14,8,44,45,,1,,9,,4,,14,,0,,1,,0,,3,,2,34,33,,0,,0,,0,,0,,0,,0,,0,,0,,0,0,0,,0,,0,,0,,0,,1
14.05.2017,Landtagswahl NRW,109,5911000,1507,961,819,142,0,337,0,13,6,324,331,126,100,73,56,18,21,21,31,5,5,50,36,,4,,18,,0,,3,,0,,2,,0,,4,,8,26,31,,0,,1,,0,,1,,0,,0,,1,,0,,1,5,5,,0,,1,,0,,0,,2
14.05.2017,Landtagswahl NRW,109,5911000,1508,1092,855,237,0,578,4,14,6,564,572,206,202,170,144,40,31,43,59,14,6,42,38,,0,,4,,1,,5,,2,,1,,0,,2,,5,43,65,,0,,0,,0,,0,,0,,1,,0,,1,,0,6,4,,0,,0,,0,,0,,1
14.05.2017,Landtagswahl NRW,109,5911000,1509,940,799,141,0,388,1,7,6,381,382,159,138,97,67,14,24,30,37,12,6,35,37,,4,,0,,1,,10,,0,,0,,0,,6,,7,33,36,,0,,1,,0,,0,,0,,1,,0,,3,,1,1,2,,0,,1,,0,,0,,0
14.05.2017,Landtagswahl NRW,109,5911000,1601,1035,887,148,0,538,1,12,14,526,524,218,208,121,107,41,36,41,45,15,3,30,23,,7,,3,,6,,2,,0,,1,,2,,8,,0,58,64,,1,,1,,0,,0,,0,,0,,3,,0,,0,2,2,,0,,1,,0,,1,,0
14.05.2017,Landtagswahl NRW,109,5911000,1602,1515,1277,238,0,878,5,17,13,861,865,406,375,198,164,39,44,65,88,24,14,44,40,,6,,0,,5,,1,,1,,0,,0,,9,,0,83,102,,1,,0,,1,,1,,0,,0,,6,,1,,1,2,3,,0,,0,,0,,0,,2
14.05.2017,Landtagswahl NRW,109,5911000,1603,1105,860,245,0,435,2,6,5,429,430,191,181,111,86,24,26,29,37,5,2,29,21,,5,,1,,2,,6,,0,,0,,1,,8,,2,39,48,,0,,0,,0,,0,,0,,0,,0,,1,,1,1,0,,0,,0,,1,,0,,1
14.05.2017,Landtagswahl NRW,109,5911000,1604,984,857,127,0,401,2,13,4,388,397,170,144,89,71,21,19,27,39,10,8,37,36,,2,,6,,2,,19,,0,,0,,0,,0,,5,32,37,,0,,0,,0,,0,,0,,2,,1,,0,,0,2,2,,0,,2,,0,,0,,2
14.05.2017,Landtagswahl NRW,109,5911000,1605,1080,921,159,0,414,0,10,4,404,410,147,134,108,96,35,25,27,36,13,5,36,39,,6,,5,,0,,13,,1,,3,,0,,1,,1,37,35,,4,,0,,1,,0,,0,,0,,1,,2,,1,1,0,,0,,0,,0,,0,,1
14.05.2017,Landtagswahl NRW,109,5911000,1606,1171,1000,171,0,501,1,12,6,489,495,209,175,88,70,36,51,34,33,22,13,56,60,,0,,12,,4,,11,,0,,1,,0,,6,,4,41,44,,1,,0,,1,,0,,0,,0,,2,,0,,2,3,3,,0,,1,,0,,0,,1
14.05.2017,Landtagswahl NRW,109,5911000,1607,1113,945,168,0,475,1,15,15,460,460,210,173,98,91,25,24,40,43,12,1,41,42,,2,,7,,2,,16,,0,,2,,0,,5,,6,34,43,,0,,0,,0,,0,,0,,1,,0,,0,,0,0,0,,0,,0,,0,,1,,1
14.05.2017,Landtagswahl NRW,109,5911000,1801,1406,1166,240,0,650,1,7,7,643,643,271,241,174,162,24,30,40,51,16,6,34,32,,8,,6,,2,,3,,0,,0,,1,,4,,1,80,90,,0,,0,,0,,0,,3,,0,,0,,0,,1,4,1,,0,,1,,0,,0,,0
14.05.2017,Landtagswahl NRW,109,5911000,1802,1208,1004,204,0,462,0,11,9,451,453,200,200,109,101,15,15,38,35,14,9,35,31,,2,,3,,1,,1,,0,,1,,0,,1,,3,39,45,,0,,1,,0,,0,,0,,0,,0,,1,,0,1,1,,1,,1,,0,,0,,0
14.05.2017,Landtagswahl NRW,109,5911000,1803,1247,1065,182,0,571,0,9,6,562,565,249,233,129,116,32,32,27,34,14,9,48,38,,5,,3,,4,,1,,0,,0,,0,,8,,2,62,75,,1,,0,,0,,0,,0,,0,,0,,0,,0,1,2,,0,,0,,0,,2,,0
14.05.2017,Landtagswahl NRW,109,5911000,1804,1288,1056,232,0,583,3,31,15,552,568,250,237,139,111,18,25,35,42,14,6,33,28,,5,,3,,4,,20,,0,,0,,0,,5,,1,62,75,,4,,0,,0,,0,,0,,1,,0,,0,,0,1,0,,0,,1,,0,,0,,0
14.05.2017,Landtagswahl NRW,109,5911000,1805,1081,884,197,0,391,1,7,2,384,389,175,160,87,67,11,17,23,28,13,7,35,38,,4,,4,,0,,6,,0,,1,,0,,3,,5,39,42,,0,,0,,0,,0,,1,,1,,0,,1,,0,1,3,,0,,0,,0,,1,,0
14.05.2017,Landtagswahl NRW,109,5911000,1806,1156,991,165,0,552,7,6,4,546,548,209,188,142,123,47,54,34,39,11,8,69,63,,2,,20,,1,,3,,0,,0,,0,,2,,2,34,38,,0,,0,,0,,0,,0,,0,,1,,0,,0,0,1,,1,,1,,0,,0,,1
14.05.2017,Landtagswahl NRW,109,5916000,2061,1023,904,119,0,478,1,23,14,455,464,189,167,117,102,16,15,33,45,13,11,31,25,,2,,4,,3,,10,,1,,0,,1,,2,,3,55,66,,1,,0,,0,,0,,1,,0,,2,,0,,0,1,2,,0,,0,,0,,0,,1
14.05.2017,Landtagswahl NRW,109,5916000,2062,1063,961,102,0,453,0,22,11,431,442,155,159,116,95,15,11,35,34,13,7,28,20,,3,,0,,3,,15,,0,,0,,1,,6,,3,67,74,,1,,0,,2,,0,,0,,1,,2,,0,,0,2,1,,0,,1,,0,,2,,1
14.05.2017,Landtagswahl NRW,109,5916000,2063,1031,916,115,0,454,1,14,12,440,442,181,181,124,94,22,22,21,26,10,5,34,33,,2,,4,,2,,3,,0,,0,,0,,8,,2,47,51,,0,,0,,0,,0,,0,,1,,3,,1,,0,1,1,,0,,1,,0,,0,,2
14.05.2017,Landtagswahl NRW,109,5916000,2064,1040,932,108,0,440,0,7,4,433,436,184,172,89,71,27,29,39,54,17,6,33,27,,4,,2,,1,,5,,0,,0,,0,,3,,1,44,55,,0,,1,,0,,0,,0,,0,,0,,0,,1,0,0,,0,,1,,0,,0,,3
14.05.2017,Landtagswahl NRW,109,5916000,2071,1153,1049,104,0,515,3,10,6,505,509,199,195,153,126,19,23,34,43,19,7,39,31,,8,,1,,3,,6,,0,,1,,0,,5,,1,40,51,,1,,2,,0,,0,,0,,0,,1,,1,,0,2,1,,1,,1,,0,,0,,0
14.05.2017,Landtagswahl NRW,109,5916000,2072,1203,1067,136,0,524,0,11,7,513,517,212,200,117,96,22,26,43,44,24,15,36,28,,2,,7,,2,,1,,0,,1,,2,,7,,4,58,68,,0,,1,,0,,0,,2,,0,,5,,1,,0,1,1,,1,,0,,1,,0,,2
14.05.2017,Landtagswahl NRW,109,5916000,2073,1105,987,118,0,426,0,9,5,417,421,174,161,95,87,21,20,26,28,20,9,42,28,,8,,5,,4,,10,,0,,1,,0,,3,,0,38,51,,3,,1,,0,,0,,0,,0,,0,,0,,0,1,0,,1,,0,,0,,0,,1
14.05.2017,Landtagswahl NRW,109,5916000,2081,1139,950,189,0,557,2,14,9,543,548,241,225,128,110,27,41,42,46,7,6,42,33,,7,,2,,2,,1,,0,,0,,2,,5,,6,53,57,,0,,0,,1,,0,,0,,0,,0,,0,,0,3,3,,0,,0,,0,,1,,0
14.05.2017,Landtagswahl NRW,109,5916000,2082,1141,976,165,0,488,0,8,10,480,478,198,181,112,111,24,18,45,45,16,12,35,32,,2,,3,,0,,1,,1,,0,,1,,5,,0,45,52,,0,,0,,0,,0,,0,,0,,2,,0,,1,5,10,,0,,1,,0,,0,,0
14.05.2017,Landtagswahl NRW,109,5916000,2083,1226,1049,177,0,656,0,13,13,643,643,249,214,200,178,19,38,50,53,16,11,45,40,,4,,4,,6,,0,,0,,0,,1,,5,,1,61,83,,0,,1,,0,,0,,0,,1,,2,,0,,1,3,0,,0,,0,,0,,0,,0
14.05.2017,Landtagswahl NRW,109,5916000,2091,1189,1058,131,0,604,0,7,8,597,596,246,235,132,109,25,30,44,45,20,8,55,42,,6,,1,,1,,2,,3,,2,,1,,5,,0,73,95,,0,,0,,0,,0,,1,,2,,1,,1,,0,2,0,,1,,2,,0,,2,,1
14.05.2017,Landtagswahl NRW,109,5916000,2092,1277,1099,178,0,676,2,15,10,661,666,290,283,195,163,21,19,53,61,18,9,33,31,,5,,5,,9,,0,,0,,2,,0,,6,,0,51,67,,0,,0,,0,,0,,0,,0,,0,,1,,2,0,0,,1,,0,,0,,0,,2
14.05.2017,Landtagswahl NRW,109,5916000,2093,1261,1089,172,0,677,0,10,6,667,671,249,231,171,151,31,32,58,70,18,11,52,48,,8,,0,,1,,2,,1,,0,,0,,6,,5,85,98,,0,,0,,0,,0,,0,,0,,2,,0,,0,3,1,,0,,2,,0,,0,,2
14.05.2017,Landtagswahl NRW,109,5916000,2094,1260,1079,181,0,652,1,12,8,640,644,276,254,159,141,23,32,49,57,14,11,33,27,,5,,3,,3,,8,,0,,0,,0,,5,,0,85,92,,0,,1,,1,,0,,2,,0,,1,,1,,0,1,0,,0,,0,,0,,0,,0
14.05.2017,Landtagswahl NRW,109,5911000,2101,877,749,128,0,414,0,9,7,405,407,160,154,123,102,18,22,23,25,10,2,23,18,,4,,3,,5,,1,,1,,1,,0,,7,,0,47,59,,0,,0,,1,,0,,0,,0,,0,,0,,0,1,1,,1,,0,,0,,0,,0
14.05.2017,Landtagswahl NRW,109,5916000,2101,1331,1125,206,0,585,0,11,12,574,573,247,234,135,127,14,15,52,43,16,9,31,30,,3,,2,,2,,2,,0,,0,,0,,5,,5,78,89,,0,,0,,0,,0,,0,,2,,0,,0,,1,1,1,,0,,0,,0,,0,,3
14.05.2017,Landtagswahl NRW,109,5911000,2102,988,852,136,0,450,5,4,4,446,446,182,164,115,95,25,19,30,50,13,6,29,22,,5,,4,,1,,4,,0,,2,,1,,6,,1,51,59,,2,,0,,0,,0,,1,,1,,0,,0,,0,1,1,,0,,1,,0,,1,,0
14.05.2017,Landtagswahl NRW,109,5916000,2102,1326,1120,206,0,692,1,6,11,686,681,251,243,226,202,34,33,64,76,18,8,35,26,,2,,7,,2,,2,,0,,0,,1,,5,,0,55,67,,0,,2,,0,,0,,0,,0,,2,,0,,0,3,1,,0,,0,,0,,0,,2
14.05.2017,Landtagswahl NRW,109,5911000,2103,1269,1097,172,0,630,3,16,15,614,615,256,232,132,126,28,32,52,54,10,3,48,37,,3,,3,,3,,1,,0,,0,,1,,4,,0,87,103,,1,,0,,4,,0,,0,,0,,2,,0,,1,1,2,,0,,0,,1,,0,,2
14.05.2017,Landtagswahl NRW,109,5916000,2103,1171,983,188,0,544,3,8,4,536,540,219,221,161,133,26,33,47,58,10,2,32,25,,4,,1,,2,,0,,0,,0,,0,,6,,1,40,51,,0,,0,,0,,0,,0,,1,,0,,1,,1,1,0,,0,,0,,0,,0,,0
14.05.2017,Landtagswahl NRW,109,5911000,2104,968,847,121,0,400,0,6,7,394,393,175,146,92,83,17,19,28,34,7,8,25,24,,2,,0,,1,,0,,0,,0,,0,,6,,1,49,63,,1,,0,,2,,0,,1,,1,,0,,0,,0,1,1,,0,,0,,0,,0,,0
14.05.2017,Landtagswahl NRW,109,5911000,2105,1401,1194,207,0,680,1,14,9,666,671,289,238,183,172,33,46,47,58,11,4,33,37,,11,,1,,5,,3,,0,,2,,4,,4,,0,67,78,,0,,0,,0,,0,,0,,1,,2,,3,,0,3,1,,0,,0,,0,,0,,1
14.05.2017,Landtagswahl NRW,109,5911000,2106,1451,1240,211,0,725,2,12,9,713,716,317,272,205,180,36,45,36,51,15,7,25,26,,3,,12,,2,,2,,0,,2,,0,,9,,1,79,95,,1,,1,,1,,0,,0,,0,,0,,0,,0,0,1,,0,,1,,0,,4,,0
14.05.2017,Landtagswahl NRW,109,5916000,2111,1269,1079,190,0,648,1,18,18,630,630,255,231,199,168,25,47,41,50,18,9,36,30,,4,,4,,1,,1,,0,,1,,0,,6,,0,55,68,,1,,0,,1,,0,,0,,2,,1,,1,,0,1,3,,0,,0,,0,,0,,1
14.05.2017,Landtagswahl NRW,109,5916000,2112,1319,1121,198,0,653,0,20,20,633,633,262,237,204,190,20,27,41,46,14,8,37,31,,7,,3,,1,,4,,0,,0,,2,,4,,0,52,66,,0,,0,,0,,0,,0,,1,,1,,0,,2,3,2,,0,,0,,0,,1,,0
14.05.2017,Landtagswahl NRW,109,5916000,2113,1438,1201,237,0,730,1,9,7,721,723,289,277,220,199,27,21,63,72,15,8,46,41,,7,,8,,2,,1,,0,,0,,2,,4,,0,60,76,,0,,0,,0,,0,,0,,0,,0,,0,,2,1,1,,0,,2,,0,,0,,0
14.05.2017,Landtagswahl NRW,109,5911000,2201,919,767,152,0,412,1,5,2,407,410,179,155,89,85,21,24,31,40,3,5,22,19,,6,,1,,4,,0,,0,,0,,1,,4,,3,62,62,,0,,0,,0,,0,,0,,0,,0,,0,,0,0,0,,0,,0,,0,,0,,1
14.05.2017,Landtagswahl NRW,109,5911000,2202,998,824,174,0,494,4,3,3,491,491,190,171,146,127,24,32,33,40,18,8,43,38,,4,,2,,3,,0,,0,,0,,0,,5,,0,37,57,,0,,0,,0,,0,,0,,1,,0,,0,,1,0,0,,0,,1,,0,,0,,1
14.05.2017,Landtagswahl NRW,109,5911000,2203,771,667,104,0,315,0,5,11,310,304,142,115,78,63,15,20,15,21,15,5,19,19,,5,,1,,2,,2,,0,,0,,1,,1,,3,26,41,,1,,0,,0,,0,,0,,0,,1,,0,,0,0,1,,0,,2,,0,,0,,0
14.05.2017,Landtagswahl NRW,109,5911000,2204,829,680,149,0,292,1,6,5,286,287,119,107,67,56,19,23,13,25,4,5,24,25,,1,,2,,0,,0,,0,,0,,1,,1,,0,39,38,,0,,0,,0,,0,,0,,0,,0,,1,,1,1,0,,0,,0,,0,,0,,1
14.05.2017,Landtagswahl NRW,109,5911000,2205,879,747,132,0,334,0,3,3,331,331,142,124,102,95,14,21,26,29,7,4,21,25,,3,,4,,0,,0,,0,,0,,0,,0,,0,19,21,,0,,0,,0,,0,,0,,1,,1,,1,,1,0,0,,0,,0,,0,,0,,1
14.05.2017,Landtagswahl NRW,109,5911000,2206,932,754,178,0,458,3,4,5,454,453,159,123,177,177,15,14,39,50,3,4,32,31,,3,,4,,5,,0,,0,,0,,1,,8,,0,28,32,,0,,1,,0,,0,,0,,0,,0,,0,,0,1,0,,0,,0,,0,,0,,0
14.05.2017,Landtagswahl NRW,109,5911000,2207,831,663,168,0,321,4,3,2,318,319,130,107,71,70,10,12,36,43,5,2,20,14,,3,,3,,3,,0,,0,,0,,0,,4,,0,45,51,,0,,0,,0,,0,,0,,0,,1,,0,,1,1,2,,0,,1,,0,,2,,0
14.05.2017,Landtagswahl NRW,109,5911000,2208,834,698,136,0,387,2,4,4,383,383,165,140,99,88,14,15,25,43,11,6,21,20,,2,,2,,2,,1,,0,,0,,0,,4,,1,47,52,,0,,1,,1,,0,,0,,0,,0,,1,,3,1,1,,0,,0,,0,,0,,0
14.05.2017,Landtagswahl NRW,109,5911000,2209,804,686,118,0,409,2,6,6,403,403,189,163,105,95,6,12,29,31,8,5,24,25,,3,,1,,3,,0,,0,,1,,0,,4,,2,41,56,,0,,0,,0,,1,,0,,0,,0,,0,,1,1,0,,0,,0,,0,,0,,0
14.05.2017,Landtagswahl NRW,109,5911000,2210,845,676,169,0,374,1,10,10,364,364,146,132,107,108,22,26,28,34,10,3,26,13,,4,,3,,1,,0,,1,,0,,1,,3,,0,22,31,,1,,0,,0,,0,,0,,2,,0,,0,,0,3,0,,0,,0,,0,,0,,1
14.05.2017,Landtagswahl NRW,109,5911000,2301,783,650,133,0,303,4,4,1,299,302,134,125,67,56,15,17,19,21,7,5,25,25,,1,,2,,2,,1,,0,,0,,1,,2,,0,30,39,,0,,0,,0,,0,,1,,0,,1,,0,,1,2,1,,0,,0,,0,,1,,0
14.05.2017,Landtagswahl NRW,109,5911000,2302,894,787,107,0,308,0,9,9,299,299,119,106,64,58,11,14,15,17,13,6,28,24,,4,,3,,1,,2,,1,,0,,0,,4,,3,48,50,,1,,0,,0,,0,,1,,0,,0,,0,,2,1,1,,0,,0,,0,,1,,0
14.05.2017,Landtagswahl NRW,109,5911000,2303,1075,929,146,0,540,1,4,3,536,537,270,223,106,92,22,29,42,53,6,7,44,49,,6,,3,,0,,4,,0,,0,,0,,6,,0,46,53,,0,,0,,0,,0,,1,,0,,2,,3,,1,0,1,,0,,1,,1,,1,,1
14.05.2017,Landtagswahl NRW,109,5911000,2304,946,793,153,0,403,2,5,5,398,398,160,135,108,100,21,23,37,42,7,4,24,26,,6,,3,,2,,2,,0,,0,,0,,0,,0,41,52,,0,,0,,0,,0,,0,,0,,1,,0,,1,0,0,,0,,0,,0,,0,,1
14.05.2017,Landtagswahl NRW,109,5911000,2305,908,766,142,0,374,0,4,4,370,370,169,151,101,92,17,16,13,26,8,3,24,20,,3,,6,,1,,5,,0,,2,,0,,3,,0,36,38,,0,,0,,0,,0,,0,,0,,0,,0,,0,2,2,,0,,0,,0,,0,,2
14.05.2017,Landtagswahl NRW,109,5911000,2306,831,759,72,0,284,0,5,6,279,278,100,80,67,66,10,9,22,31,10,3,21,17,,2,,6,,2,,0,,1,,0,,0,,3,,0,49,54,,0,,0,,0,,1,,0,,0,,0,,0,,0,0,0,,1,,0,,0,,2,,0
14.05.2017,Landtagswahl NRW,109,5911000,2307,667,593,74,0,223,0,5,6,218,217,93,72,59,58,9,10,18,16,2,2,9,11,,4,,1,,1,,1,,1,,0,,1,,1,,0,27,36,,0,,1,,0,,0,,0,,0,,0,,0,,0,1,0,,0,,0,,0,,1,,0
14.05.2017,Landtagswahl NRW,109,5911000,2401,955,796,159,0,346,1,3,7,343,339,157,122,79,68,8,16,20,33,3,6,40,36,,2,,1,,4,,2,,0,,0,,1,,7,,2,35,36,,0,,0,,0,,0,,1,,0,,0,,0,,2,1,0,,0,,0,,0,,0,,0
14.05.2017,Landtagswahl NRW,109,5911000,2402,1012,865,147,0,517,1,4,3,513,514,229,201,118,118,19,17,48,62,6,2,26,24,,3,,2,,2,,0,,0,,1,,1,,5,,0,65,70,,0,,0,,0,,0,,0,,0,,0,,0,,0,2,1,,0,,1,,0,,3,,1
14.05.2017,Landtagswahl NRW,109,5911000,2403,1081,919,162,0,511,2,6,6,505,505,206,187,124,109,19,20,46,40,5,5,37,33,,9,,1,,6,,7,,1,,0,,0,,3,,0,65,82,,0,,0,,0,,0,,0,,0,,0,,0,,0,3,2,,0,,0,,0,,0,,0
14.05.2017,Landtagswahl NRW,109,5911000,2404,980,882,98,0,440,1,10,6,430,434,189,166,105,96,17,16,17,26,14,6,26,32,,5,,3,,2,,0,,0,,0,,3,,4,,0,62,70,,0,,1,,0,,0,,0,,2,,0,,0,,0,0,2,,0,,0,,0,,0,,0
14.05.2017,Landtagswahl NRW,109,5911000,2405,1010,824,186,0,406,1,6,3,400,403,166,156,101,88,17,16,27,40,6,3,24,22,,4,,4,,3,,0,,0,,1,,1,,2,,0,58,59,,0,,0,,0,,0,,0,,1,,1,,1,,0,1,0,,0,,0,,0,,1,,0
14.05.2017,Landtagswahl NRW,109,5911000,2406,1070,971,99,0,506,2,6,2,500,504,227,204,123,122,19,21,34,41,14,5,28,21,,7,,1,,2,,2,,1,,0,,0,,5,,2,55,66,,0,,0,,0,,0,,1,,0,,1,,0,,1,0,0,,0,,1,,0,,0,,0
14.05.2017,Landtagswahl NRW,109,5911000,2407,946,818,128,0,324,1,7,7,317,317,131,107,58,61,14,16,32,43,8,7,18,19,,5,,2,,0,,3,,0,,2,,0,,1,,2,56,49,,0,,0,,0,,0,,0,,0,,0,,0,,0,0,0,,0,,0,,0,,0,,0
14.05.2017,Landtagswahl NRW,109,5911000,2501,1003,816,187,0,490,0,4,4,486,486,204,183,117,103,15,19,46,61,11,3,27,27,,4,,3,,1,,0,,0,,1,,0,,6,,0,65,68,,0,,1,,0,,0,,1,,0,,0,,1,,0,1,0,,1,,0,,0,,0,,3
14.05.2017,Landtagswahl NRW,109,5911000,2502,905,748,157,0,390,1,8,6,382,384,192,174,84,75,13,19,23,22,8,5,39,38,,3,,10,,2,,0,,0,,0,,0,,5,,3,23,27,,0,,0,,0,,0,,0,,0,,0,,0,,0,0,1,,0,,0,,0,,0,,0
14.05.2017,Landtagswahl NRW,109,5911000,2503,1011,815,196,0,585,1,15,10,570,575,217,175,190,186,21,27,59,71,8,7,35,29,,2,,4,,2,,0,,0,,0,,0,,7,,0,37,55,,0,,0,,1,,0,,0,,2,,0,,0,,1,3,3,,0,,0,,0,,3,,0
14.05.2017,Landtagswahl NRW,109,5911000,2504,1044,880,164,0,469,0,13,8,456,461,192,173,137,138,17,14,31,34,6,6,28,23,,3,,3,,0,,2,,0,,0,,0,,4,,1,43,55,,0,,0,,0,,0,,0,,0,,0,,1,,1,2,2,,0,,0,,0,,1,,0
14.05.2017,Landtagswahl NRW,109,5911000,2505,1048,874,174,0,484,2,4,5,480,479,194,156,161,161,15,27,30,41,1,4,30,25,,3,,2,,0,,1,,0,,0,,0,,1,,0,49,56,,0,,0,,0,,0,,0,,0,,1,,0,,0,0,0,,0,,0,,0,,1,,0
14.05.2017,Landtagswahl NRW,109,5911000,2506,1158,905,253,0,543,1,6,3,537,540,219,192,171,142,19,29,31,39,8,8,28,30,,2,,8,,2,,0,,0,,0,,2,,5,,1,59,71,,0,,0,,0,,0,,0,,3,,0,,1,,0,2,1,,0,,2,,0,,2,,0
14.05.2017,Landtagswahl NRW,109,5911000,2507,1260,1004,256,0,594,1,10,5,584,589,242,208,171,149,18,20,43,56,10,3,35,39,,2,,5,,0,,4,,1,,1,,1,,10,,9,64,73,,0,,0,,1,,0,,0,,0,,0,,0,,2,1,3,,0,,1,,0,,0,,1
14.05.2017,Landtagswahl NRW,109,5911000,2508,855,746,109,0,334,1,8,7,326,327,134,118,88,78,5,11,28,26,8,3,16,19,,7,,2,,0,,6,,1,,0,,0,,2,,0,45,49,,0,,0,,0,,1,,0,,0,,1,,0,,0,2,2,,0,,0,,1,,0,,0
14.05.2017,Landtagswahl NRW,109,5911000,2701,1051,824,227,0,540,6,13,4,527,536,222,206,181,169,26,27,33,51,12,4,18,14,,3,,1,,1,,1,,0,,0,,0,,9,,0,34,45,,0,,0,,1,,0,,1,,0,,0,,0,,1,1,1,,0,,0,,0,,0,,1
14.05.2017,Landtagswahl NRW,109,5911000,2702,1123,973,150,0,621,1,8,4,613,617,253,227,174,162,22,28,59,72,14,7,35,30,,3,,6,,1,,3,,0,,1,,0,,5,,4,56,63,,0,,1,,0,,0,,0,,0,,1,,1,,0,0,1,,0,,1,,0,,0,,0
14.05.2017,Landtagswahl NRW,109,5911000,2703,1027,916,111,0,438,3,10,14,428,424,179,158,106,98,8,13,47,48,10,4,45,47,,5,,0,,0,,0,,1,,0,,2,,4,,3,32,38,,1,,0,,0,,0,,0,,1,,0,,0,,1,1,0,,0,,0,,0,,0,,0
14.05.2017,Landtagswahl NRW,109,5911000,2704,1082,900,182,0,584,4,5,7,579,577,229,186,169,151,29,37,53,74,11,3,33,29,,5,,11,,3,,0,,0,,3,,0,,3,,0,54,65,,0,,1,,0,,0,,0,,0,,0,,0,,2,1,1,,0,,0,,1,,2,,0
14.05.2017,Landtagswahl NRW,109,5911000,2705,1195,913,282,0,634,4,6,4,628,630,239,198,198,174,49,55,53,84,12,5,38,41,,0,,6,,3,,1,,0,,1,,1,,5,,0,38,53,,0,,0,,0,,0,,0,,0,,0,,1,,0,1,0,,0,,0,,0,,0,,2
14.05.2017,Landtagswahl NRW,109,5911000,2706,1082,925,157,0,537,30,7,9,530,528,193,161,154,136,20,22,43,56,15,9,39,35,,5,,8,,2,,5,,0,,2,,0,,11,,1,64,66,,0,,0,,0,,0,,0,,0,,2,,1,,2,2,0,,0,,3,,0,,1,,0
14.05.2017,Landtagswahl NRW,109,5911000,2707,1099,815,284,0,540,1,9,5,531,535,194,177,177,152,20,24,56,75,6,6,36,36,,0,,2,,1,,0,,0,,1,,0,,6,,0,42,50,,0,,0,,0,,1,,0,,0,,0,,0,,0,0,1,,0,,0,,2,,1,,0
14.05.2017,Landtagswahl NRW,109,5911000,9121,0,0,0,0,598,598,7,7,591,591,229,201,156,128,62,59,37,56,7,10,65,66,,1,,16,,4,,3,,0,,1,,0,,6,,0,34,34,,0,,0,,0,,0,,1,,0,,0,,0,,1,1,2,,0,,0,,0,,2,,0
14.05.2017,Landtagswahl NRW,109,5911000,9122,0,0,0,0,505,505,9,6,496,499,175,151,160,132,61,63,33,58,4,2,36,43,,1,,5,,5,,0,,0,,3,,0,,2,,0,27,30,,0,,0,,1,,0,,0,,0,,0,,1,,0,0,0,,0,,0,,1,,0,,1
14.05.2017,Landtagswahl NRW,109,5911000,9123,0,0,0,0,495,495,10,10,485,485,209,172,107,103,49,60,24,34,3,3,63,60,,0,,11,,0,,0,,2,,1,,0,,0,,0,29,33,,2,,0,,0,,0,,0,,0,,0,,1,,0,1,0,,0,,0,,0,,0,,3
14.05.2017,Landtagswahl NRW,109,5911000,9151,0,0,0,0,512,512,3,1,509,511,208,171,133,124,42,45,36,48,11,7,53,63,,0,,12,,2,,2,,1,,2,,2,,3,,2,25,23,,0,,0,,0,,0,,0,,0,,0,,0,,1,1,1,,0,,1,,0,,0,,1
14.05.2017,Landtagswahl NRW,109,5911000,9152,0,0,0,0,552,552,12,5,540,547,216,214,154,134,35,36,37,45,11,4,36,31,,0,,7,,0,,5,,0,,2,,2,,5,,1,47,54,,2,,1,,1,,0,,0,,1,,0,,0,,0,4,2,,0,,0,,0,,0,,0
14.05.2017,Landtagswahl NRW,109,5911000,9161,0,0,0,0,576,576,5,2,571,574,262,263,161,137,22,20,32,42,11,4,35,35,,2,,1,,5,,0,,0,,1,,0,,7,,1,48,50,,0,,1,,0,,0,,0,,0,,0,,1,,0,0,0,,1,,0,,1,,1,,1
14.05.2017,Landtagswahl NRW,109,5911000,9162,0,0,0,0,574,574,10,6,564,568,251,232,148,142,42,35,29,40,10,7,32,34,,3,,3,,1,,1,,0,,1,,2,,9,,0,51,54,,0,,0,,0,,0,,0,,0,,0,,0,,0,1,1,,0,,0,,0,,0,,3
14.05.2017,Landtagswahl NRW,109,5911000,9181,0,0,0,0,568,568,6,4,562,564,279,269,113,106,22,27,39,40,18,14,37,34,,2,,4,,0,,0,,1,,0,,0,,6,,0,53,56,,0,,0,,0,,0,,0,,0,,1,,0,,0,1,0,,1,,2,,0,,1,,0
14.05.2017,Landtagswahl NRW,109,5911000,9182,0,0,0,0,531,531,7,2,524,529,219,196,160,147,21,26,37,49,9,5,36,40,,3,,5,,2,,3,,0,,0,,1,,6,,1,41,41,,0,,0,,1,,0,,0,,0,,1,,0,,1,1,1,,0,,0,,0,,0,,0
14.05.2017,Landtagswahl NRW,109,5916000,9206,0,0,0,0,428,428,2,1,426,427,203,188,102,97,17,22,31,33,7,5,19,14,,2,,2,,1,,3,,0,,1,,1,,3,,0,47,49,,0,,1,,0,,0,,0,,0,,1,,0,,0,0,1,,0,,0,,0,,0,,3
14.05.2017,Landtagswahl NRW,109,5916000,9207,0,0,0,0,338,338,5,2,333,336,141,139,95,82,19,15,16,25,11,6,24,21,,0,,4,,3,,0,,0,,1,,2,,1,,0,27,29,,0,,0,,1,,0,,1,,0,,1,,1,,0,0,2,,0,,0,,0,,0,,2
14.05.2017,Landtagswahl NRW,109,5916000,9208,0,0,0,0,499,499,9,8,490,491,187,173,150,143,23,25,44,49,8,1,25,17,,1,,4,,1,,0,,0,,0,,2,,6,,0,53,64,,0,,1,,0,,0,,0,,0,,2,,0,,0,0,0,,0,,0,,0,,1,,1
14.05.2017,Landtagswahl NRW,109,5916000,9209,0,0,0,0,632,632,10,5,622,627,260,261,152,127,37,51,52,51,12,4,44,29,,2,,2,,0,,0,,1,,0,,4,,12,,5,63,70,,0,,1,,0,,0,,0,,0,,0,,1,,1,2,3,,0,,0,,0,,2,,0
14.05.2017,Landtagswahl NRW,109,5916000,9210,0,0,0,0,566,566,4,4,562,562,239,227,186,174,18,15,41,50,14,9,26,24,,1,,2,,0,,3,,0,,0,,0,,6,,0,38,45,,1,,1,,1,,0,,0,,0,,0,,0,,1,0,0,,0,,1,,0,,0,,1
14.05.2017,Landtagswahl NRW,109,5911000,9211,0,0,0,0,400,400,4,1,396,399,169,146,120,121,14,16,30,34,3,4,14,15,,0,,4,,3,,0,,0,,0,,1,,2,,0,45,49,,1,,1,,0,,0,,0,,0,,0,,0,,1,1,1,,0,,0,,0,,0,,0
14.05.2017,Landtagswahl NRW,109,5916000,9211,0,0,0,0,598,598,9,6,589,592,220,203,217,195,30,27,43,73,8,4,29,28,,0,,7,,3,,0,,0,,3,,2,,1,,0,38,39,,0,,0,,0,,0,,0,,0,,1,,0,,0,4,1,,0,,1,,0,,1,,3
14.05.2017,Landtagswahl NRW,109,5911000,9212,0,0,0,0,504,504,1,1,503,503,187,149,170,161,17,21,32,56,12,3,32,30,,3,,6,,1,,3,,0,,2,,2,,8,,0,53,56,,0,,0,,0,,0,,0,,0,,1,,0,,0,0,1,,0,,0,,0,,0,,0
14.05.2017,Landtagswahl NRW,109,5911000,9221,0,0,0,0,683,683,10,8,673,675,307,281,206,179,30,29,52,84,6,5,24,25,,1,,2,,4,,1,,0,,2,,0,,2,,0,48,55,,0,,0,,1,,0,,1,,1,,1,,0,,0,0,0,,0,,0,,0,,1,,0
14.05.2017,Landtagswahl NRW,109,5911000,9222,0,0,0,0,673,673,4,3,669,670,254,218,243,231,25,23,56,73,7,4,38,41,,1,,7,,1,,0,,2,,0,,1,,6,,0,45,57,,0,,0,,1,,0,,1,,0,,0,,1,,0,1,1,,0,,0,,0,,1,,0
14.05.2017,Landtagswahl NRW,109,5911000,9231,0,0,0,0,418,418,3,2,415,416,209,188,110,108,15,14,23,29,3,3,24,25,,2,,4,,2,,0,,1,,0,,1,,2,,0,31,33,,1,,0,,0,,0,,0,,0,,2,,1,,0,0,0,,0,,0,,0,,0,,0
14.05.2017,Landtagswahl NRW,109,5911000,9232,0,0,0,0,334,334,4,2,330,332,150,132,95,91,9,12,36,36,2,1,11,21,,0,,2,,2,,0,,0,,0,,1,,3,,0,27,31,,0,,0,,0,,0,,0,,0,,0,,0,,0,0,0,,0,,0,,0,,0,,0
14.05.2017,Landtagswahl NRW,109,5911000,9241,0,0,0,0,425,425,2,1,423,424,191,167,120,107,9,16,35,51,6,2,20,18,,1,,1,,1,,0,,0,,0,,4,,9,,0,42,45,,0,,0,,0,,0,,0,,0,,0,,0,,0,0,0,,0,,1,,0,,0,,1
14.05.2017,Landtagswahl NRW,109,5911000,9242,0,0,0,0,457,457,5,3,452,454,201,183,123,111,14,14,34,49,5,6,22,18,,4,,4,,3,,0,,0,,0,,3,,2,,0,53,56,,1,,0,,0,,0,,0,,0,,0,,0,,0,0,0,,0,,0,,0,,0,,0
14.05.2017,Landtagswahl NRW,109,5911000,9251,0,0,0,0,749,749,7,7,742,742,371,342,180,165,29,36,43,66,11,0,40,36,,1,,5,,2,,0,,0,,0,,1,,7,,0,66,71,,0,,0,,0,,0,,2,,1,,1,,0,,1,2,0,,0,,2,,1,,1,,1
14.05.2017,Landtagswahl NRW,109,5911000,9252,0,0,0,0,646,646,10,7,636,639,257,205,231,227,21,24,45,76,5,1,27,31,,4,,2,,1,,0,,0,,1,,1,,11,,0,50,51,,0,,1,,0,,0,,0,,0,,1,,0,,0,0,0,,1,,0,,0,,0,,1
14.05.2017,Landtagswahl NRW,109,5911000,9271,0,0,0,0,594,594,7,5,587,589,272,238,176,170,23,32,56,69,2,1,14,17,,0,,1,,0,,0,,0,,0,,0,,7,,0,43,48,,0,,0,,1,,0,,1,,1,,0,,0,,0,1,0,,0,,2,,0,,0,,1
14.05.2017,Landtagswahl NRW,109,5911000,9272,0,0,0,0,665,665,9,4,656,661,231,203,273,259,28,29,60,90,2,3,31,28,,0,,0,,3,,0,,0,,0,,0,,5,,0,31,35,,0,,0,,0,,1,,0,,0,,0,,0,,0,0,1,,0,,1,,0,,1,,2
